config,repetition,method,mse,kendall_tau,ranking_accuracy,strict_fraction
strict_00,0,mv,0.0019305,0.9999999999999999,1.0,0.0
strict_00,0,ds,0.001379,0.9999999999999999,1.0,0.0
strict_00,0,pec,0.0019029998369863403,0.9999999999999999,1.0,0.0
strict_00,1,mv,0.0033101666666666674,0.9999999999999999,1.0,0.0
strict_00,1,ds,0.0021008333333333317,0.9999999999999999,1.0,0.0
strict_00,1,pec,0.002864832217057779,0.9999999999999999,1.0,0.0
strict_00,2,mv,0.0018358333333333351,0.9999999999999999,1.0,0.0
strict_00,2,ds,0.0016971666666666671,0.9999999999999999,1.0,0.0
strict_00,2,pec,0.002407267706638024,0.9999999999999999,1.0,0.0
strict_00,3,mv,0.0023704999999999993,0.9999999999999999,1.0,0.0
strict_00,3,ds,0.001562666666666667,0.9999999999999999,1.0,0.0
strict_00,3,pec,0.0017062330029389203,0.9999999999999999,1.0,0.0
strict_00,4,mv,0.0026990000000000004,0.9999999999999999,1.0,0.0
strict_00,4,ds,0.0016610000000000008,0.9999999999999999,1.0,0.0
strict_00,4,pec,0.0025632868816828757,0.9999999999999999,1.0,0.0
strict_00,5,mv,0.0014546666666666668,0.9999999999999999,1.0,0.0
strict_00,5,ds,0.0012476666666666669,0.9999999999999999,1.0,0.0
strict_00,5,pec,0.001753306001209077,0.9999999999999999,1.0,0.0
strict_00,6,mv,0.0015586666666666672,0.9999999999999999,1.0,0.0
strict_00,6,ds,0.0015100000000000003,0.9999999999999999,1.0,0.0
strict_00,6,pec,0.0019196018789242495,0.9999999999999999,1.0,0.0
strict_00,7,mv,0.001086833333333335,0.9999999999999999,1.0,0.0
strict_00,7,ds,0.0007529999999999997,0.9999999999999999,1.0,0.0
strict_00,7,pec,0.0011005550008221442,0.9999999999999999,1.0,0.0
strict_00,8,mv,0.0016728333333333328,0.9999999999999999,1.0,0.0
strict_00,8,ds,0.0017598333333333344,0.9999999999999999,1.0,0.0
strict_00,8,pec,0.002231883377228221,0.9999999999999999,1.0,0.0
strict_00,9,mv,0.0017258333333333342,0.9999999999999999,1.0,0.0
strict_00,9,ds,0.0013161666666666688,0.9999999999999999,1.0,0.0
strict_00,9,pec,0.0017778197037535796,0.9999999999999999,1.0,0.0
strict_00,10,mv,0.0020966666666666655,0.9999999999999999,1.0,0.0
strict_00,10,ds,0.0017603333333333332,0.9999999999999999,1.0,0.0
strict_00,10,pec,0.0020930914277844694,0.9999999999999999,1.0,0.0
strict_00,11,mv,0.0021924999999999987,0.9999999999999999,1.0,0.0
strict_00,11,ds,0.0015558333333333307,0.9999999999999999,1.0,0.0
strict_00,11,pec,0.001991332432250165,0.9999999999999999,1.0,0.0
strict_00,12,mv,0.002274666666666665,0.9999999999999999,1.0,0.0
strict_00,12,ds,0.0009885000000000009,0.9999999999999999,1.0,0.0
strict_00,12,pec,0.0013488442158785547,0.9999999999999999,1.0,0.0
strict_00,13,mv,0.0021751666666666673,0.9999999999999999,1.0,0.0
strict_00,13,ds,0.001531666666666665,0.9999999999999999,1.0,0.0
strict_00,13,pec,0.002164700370740615,0.9999999999999999,1.0,0.0
strict_00,14,mv,0.0013426666666666656,0.9999999999999999,1.0,0.0
strict_00,14,ds,0.001795833333333334,0.9999999999999999,1.0,0.0
strict_00,14,pec,0.0020293166920647564,0.9999999999999999,1.0,0.0
strict_00,15,mv,0.002015000000000001,0.9999999999999999,1.0,0.0
strict_00,15,ds,0.0010415000000000008,0.9999999999999999,1.0,0.0
strict_00,15,pec,0.0017230530823542885,0.9999999999999999,1.0,0.0
strict_00,16,mv,0.001556666666666668,0.9999999999999999,1.0,0.0
strict_00,16,ds,0.001505666666666665,0.9999999999999999,1.0,0.0
strict_00,16,pec,0.0020805205012886904,0.9999999999999999,1.0,0.0
strict_00,17,mv,0.001736833333333335,0.9999999999999999,1.0,0.0
strict_00,17,ds,0.0007493333333333341,0.9999999999999999,1.0,0.0
strict_00,17,pec,0.001289028961367581,0.9999999999999999,1.0,0.0
strict_00,18,mv,0.002012833333333333,0.9999999999999999,1.0,0.0
strict_00,18,ds,0.001098,0.9999999999999999,1.0,0.0
strict_00,18,pec,0.0014299425014172682,0.9999999999999999,1.0,0.0
strict_00,19,mv,0.0021743333333333332,0.9999999999999999,1.0,0.0
strict_00,19,ds,0.00181533333333333,0.9999999999999999,1.0,0.0
strict_00,19,pec,0.0021542745265572517,0.9999999999999999,1.0,0.0
strict_00,20,mv,0.002035666666666667,0.9999999999999999,1.0,0.0
strict_00,20,ds,0.0005846666666666656,0.9999999999999999,1.0,0.0
strict_00,20,pec,0.0008328970430153069,0.9999999999999999,1.0,0.0
strict_00,21,mv,0.0015966666666666675,0.9999999999999999,1.0,0.0
strict_00,21,ds,0.0008000000000000013,0.9999999999999999,1.0,0.0
strict_00,21,pec,0.0013488645418993298,0.9999999999999999,1.0,0.0
strict_00,22,mv,0.0014768333333333343,0.9999999999999999,1.0,0.0
strict_00,22,ds,0.0008013333333333336,0.9999999999999999,1.0,0.0
strict_00,22,pec,0.001320896521055606,0.9999999999999999,1.0,0.0
strict_00,23,mv,0.0014121666666666681,0.9999999999999999,1.0,0.0
strict_00,23,ds,0.0010333333333333338,0.9999999999999999,1.0,0.0
strict_00,23,pec,0.0016029086257007975,0.9999999999999999,1.0,0.0
strict_00,24,mv,0.002300833333333334,0.9999999999999999,1.0,0.0
strict_00,24,ds,0.0011878333333333333,0.9999999999999999,1.0,0.0
strict_00,24,pec,0.0014534756380215515,0.9999999999999999,1.0,0.0
strict_00,25,mv,0.002093000000000001,0.9999999999999999,1.0,0.0
strict_00,25,ds,0.001267666666666668,0.9660917830792959,0.9666666666666667,0.0
strict_00,25,pec,0.0016949960954129606,0.9999999999999999,1.0,0.0
strict_00,26,mv,0.0014138333333333346,0.9999999999999999,1.0,0.0
strict_00,26,ds,0.001715333333333332,0.9999999999999999,1.0,0.0
strict_00,26,pec,0.0019523027186186019,0.9999999999999999,1.0,0.0
strict_00,27,mv,0.002034333333333334,0.9999999999999999,1.0,0.0
strict_00,27,ds,0.002020500000000001,0.9999999999999999,1.0,0.0
strict_00,27,pec,0.002672615417053617,0.9999999999999999,1.0,0.0
strict_00,28,mv,0.0023964999999999998,0.9999999999999999,1.0,0.0
strict_00,28,ds,0.0016513333333333328,0.9999999999999999,1.0,0.0
strict_00,28,pec,0.001748588402799206,0.9999999999999999,1.0,0.0
strict_00,29,mv,0.0014958333333333334,0.9999999999999999,1.0,0.0
strict_00,29,ds,0.0010011666666666678,0.9999999999999999,1.0,0.0
strict_00,29,pec,0.0015481832490720643,0.9999999999999999,1.0,0.0
strict_00,30,mv,0.002386166666666669,0.8666666666666666,0.9333333333333333,0.0
strict_00,30,ds,0.0013245000000000025,0.8666666666666666,0.9333333333333333,0.0
strict_00,30,pec,0.0019188167051638779,0.8666666666666666,0.9333333333333333,0.0
strict_00,31,mv,0.002505833333333333,0.9999999999999999,1.0,0.0
strict_00,31,ds,0.001701,0.9999999999999999,1.0,0.0
strict_00,31,pec,0.0019391400633444122,0.9999999999999999,1.0,0.0
strict_00,32,mv,0.0021969999999999993,0.9999999999999999,1.0,0.0
strict_00,32,ds,0.0013393333333333321,0.9999999999999999,1.0,0.0
strict_00,32,pec,0.0015337967936203672,0.9999999999999999,1.0,0.0
strict_00,33,mv,0.001799833333333332,0.9999999999999999,1.0,0.0
strict_00,33,ds,0.0019483333333333312,0.9999999999999999,1.0,0.0
strict_00,33,pec,0.00232754034509041,0.9999999999999999,1.0,0.0
strict_00,34,mv,0.0019910000000000023,0.9999999999999999,1.0,0.0
strict_00,34,ds,0.001508,0.9999999999999999,1.0,0.0
strict_00,34,pec,0.002146470419397025,0.9999999999999999,1.0,0.0
strict_00,35,mv,0.001979333333333335,0.9999999999999999,1.0,0.0
strict_00,35,ds,0.0011078333333333346,0.9999999999999999,1.0,0.0
strict_00,35,pec,0.0013703463852616025,0.9999999999999999,1.0,0.0
strict_00,36,mv,0.0022748333333333353,0.9999999999999999,1.0,0.0
strict_00,36,ds,0.0015196666666666672,0.9999999999999999,1.0,0.0
strict_00,36,pec,0.0021015780755787644,0.9999999999999999,1.0,0.0
strict_00,37,mv,0.0015238333333333352,0.9999999999999999,1.0,0.0
strict_00,37,ds,0.001244333333333334,0.9999999999999999,1.0,0.0
strict_00,37,pec,0.001850302944124919,0.9999999999999999,1.0,0.0
strict_00,38,mv,0.001645333333333333,0.9999999999999999,1.0,0.0
strict_00,38,ds,0.0013753333333333334,0.9999999999999999,1.0,0.0
strict_00,38,pec,0.0017725413933390463,0.9999999999999999,1.0,0.0
strict_00,39,mv,0.0016899999999999981,0.9999999999999999,1.0,0.0
strict_00,39,ds,0.0006969999999999992,0.9999999999999999,1.0,0.0
strict_00,39,pec,0.0013097492891534477,0.9999999999999999,1.0,0.0
strict_00,40,mv,0.0019633333333333343,0.9999999999999999,1.0,0.0
strict_00,40,ds,0.0009128333333333349,0.9999999999999999,1.0,0.0
strict_00,40,pec,0.001157897619468815,0.9999999999999999,1.0,0.0
strict_00,41,mv,0.0022070000000000024,0.9999999999999999,1.0,0.0
strict_00,41,ds,0.0020500000000000006,0.9999999999999999,1.0,0.0
strict_00,41,pec,0.0029447941347548203,0.9999999999999999,1.0,0.0
strict_00,42,mv,0.0019948333333333333,0.9999999999999999,1.0,0.0
strict_00,42,ds,0.0017850000000000003,0.9999999999999999,1.0,0.0
strict_00,42,pec,0.0022745367347456135,0.9999999999999999,1.0,0.0
strict_00,43,mv,0.0014646666666666669,0.9999999999999999,1.0,0.0
strict_00,43,ds,0.001201333333333333,0.9999999999999999,1.0,0.0
strict_00,43,pec,0.001534022087473852,0.9999999999999999,1.0,0.0
strict_00,44,mv,0.0013635000000000001,0.9999999999999999,1.0,0.0
strict_00,44,ds,0.0008616666666666678,0.9999999999999999,1.0,0.0
strict_00,44,pec,0.0015172113211897762,0.9999999999999999,1.0,0.0
strict_00,45,mv,0.0013938333333333337,0.9999999999999999,1.0,0.0
strict_00,45,ds,0.000925333333333335,0.9999999999999999,1.0,0.0
strict_00,45,pec,0.0012673915651101883,0.9999999999999999,1.0,0.0
strict_00,46,mv,0.0022298333333333354,0.9999999999999999,1.0,0.0
strict_00,46,ds,0.0011291666666666672,0.9999999999999999,1.0,0.0
strict_00,46,pec,0.0016594272344489878,0.9999999999999999,1.0,0.0
strict_00,47,mv,0.0025630000000000015,0.9999999999999999,1.0,0.0
strict_00,47,ds,0.0019624999999999985,0.9999999999999999,1.0,0.0
strict_00,47,pec,0.0024930406491402695,0.9999999999999999,1.0,0.0
strict_00,48,mv,0.0018391666666666676,0.9999999999999999,1.0,0.0
strict_00,48,ds,0.000998333333333333,0.9999999999999999,1.0,0.0
strict_00,48,pec,0.001430335023423366,0.9999999999999999,1.0,0.0
strict_00,49,mv,0.0018431666666666674,0.9999999999999999,1.0,0.0
strict_00,49,ds,0.0008913333333333344,0.9999999999999999,1.0,0.0
strict_00,49,pec,0.0013301997688462666,0.9999999999999999,1.0,0.0
strict_00,50,mv,0.0013824999999999994,0.9999999999999999,1.0,0.0
strict_00,50,ds,0.0009221666666666671,0.9999999999999999,1.0,0.0
strict_00,50,pec,0.0015141521462385971,0.9999999999999999,1.0,0.0
strict_00,51,mv,0.0020131666666666666,0.9999999999999999,1.0,0.0
strict_00,51,ds,0.0015220000000000001,0.9999999999999999,1.0,0.0
strict_00,51,pec,0.0019683132355890966,0.9999999999999999,1.0,0.0
strict_00,52,mv,0.0017288333333333329,0.9999999999999999,1.0,0.0
strict_00,52,ds,0.0011225000000000015,0.9999999999999999,1.0,0.0
strict_00,52,pec,0.0015094939811636386,0.9999999999999999,1.0,0.0
strict_00,53,mv,0.0017844999999999996,0.9999999999999999,1.0,0.0
strict_00,53,ds,0.0008476666666666655,0.9999999999999999,1.0,0.0
strict_00,53,pec,0.001122784705210652,0.9999999999999999,1.0,0.0
strict_00,54,mv,0.0012665,0.9999999999999999,1.0,0.0
strict_00,54,ds,0.0011436666666666672,0.9999999999999999,1.0,0.0
strict_00,54,pec,0.0016455262998300026,0.9999999999999999,1.0,0.0
strict_00,55,mv,0.0022803333333333326,0.9999999999999999,1.0,0.0
strict_00,55,ds,0.0014159999999999997,0.9999999999999999,1.0,0.0
strict_00,55,pec,0.002003331485827686,0.9999999999999999,1.0,0.0
strict_00,56,mv,0.0013703333333333345,0.9999999999999999,1.0,0.0
strict_00,56,ds,0.0009036666666666682,0.9999999999999999,1.0,0.0
strict_00,56,pec,0.0015123680481100436,0.9999999999999999,1.0,0.0
strict_00,57,mv,0.001741166666666668,0.9999999999999999,1.0,0.0
strict_00,57,ds,0.0011488333333333342,0.9999999999999999,1.0,0.0
strict_00,57,pec,0.0015150977076900131,0.9999999999999999,1.0,0.0
strict_00,58,mv,0.0022466666666666676,0.9999999999999999,1.0,0.0
strict_00,58,ds,0.001110666666666668,0.9999999999999999,1.0,0.0
strict_00,58,pec,0.0019639500584577464,0.9999999999999999,1.0,0.0
strict_00,59,mv,0.0017926666666666657,0.9999999999999999,1.0,0.0
strict_00,59,ds,0.0019209999999999989,0.9999999999999999,1.0,0.0
strict_00,59,pec,0.002212239015459284,0.9999999999999999,1.0,0.0
strict_00,60,mv,0.0016539999999999994,0.9999999999999999,1.0,0.0
strict_00,60,ds,0.001166166666666665,0.9999999999999999,1.0,0.0
strict_00,60,pec,0.0014330609605957285,0.9999999999999999,1.0,0.0
strict_00,61,mv,0.002333333333333333,0.9999999999999999,1.0,0.0
strict_00,61,ds,0.0013771666666666678,0.9999999999999999,1.0,0.0
strict_00,61,pec,0.0018456350478666345,0.9999999999999999,1.0,0.0
strict_00,62,mv,0.0018670000000000021,0.9999999999999999,1.0,0.0
strict_00,62,ds,0.0013438333333333355,0.9999999999999999,1.0,0.0
strict_00,62,pec,0.0020972921884725693,0.9999999999999999,1.0,0.0
strict_00,63,mv,0.001410666666666667,0.9999999999999999,1.0,0.0
strict_00,63,ds,0.0012463333333333343,0.9999999999999999,1.0,0.0
strict_00,63,pec,0.0015666297280674596,0.9999999999999999,1.0,0.0
strict_00,64,mv,0.0014645000000000003,0.9999999999999999,1.0,0.0
strict_00,64,ds,0.0012454999999999981,0.9999999999999999,1.0,0.0
strict_00,64,pec,0.001982351399091873,0.9999999999999999,1.0,0.0
strict_00,65,mv,0.002255333333333334,0.9999999999999999,1.0,0.0
strict_00,65,ds,0.001895499999999998,0.9999999999999999,1.0,0.0
strict_00,65,pec,0.0024899477625423476,0.9999999999999999,1.0,0.0
strict_00,66,mv,0.0012471666666666666,0.9999999999999999,1.0,0.0
strict_00,66,ds,0.0005245000000000003,0.9999999999999999,1.0,0.0
strict_00,66,pec,0.0007937570824137429,0.9999999999999999,1.0,0.0
strict_00,67,mv,0.001567666666666668,0.9999999999999999,1.0,0.0
strict_00,67,ds,0.0013313333333333339,0.9999999999999999,1.0,0.0
strict_00,67,pec,0.001815757935347769,0.9999999999999999,1.0,0.0
strict_00,68,mv,0.0023218333333333346,0.9999999999999999,1.0,0.0
strict_00,68,ds,0.0016716666666666661,0.9999999999999999,1.0,0.0
strict_00,68,pec,0.002136851278142514,0.9999999999999999,1.0,0.0
strict_00,69,mv,0.0020183333333333325,0.9999999999999999,1.0,0.0
strict_00,69,ds,0.0012329999999999997,0.9999999999999999,1.0,0.0
strict_00,69,pec,0.0015329371782003651,0.9999999999999999,1.0,0.0
strict_00,70,mv,0.0022809999999999996,0.9999999999999999,1.0,0.0
strict_00,70,ds,0.0014468333333333332,0.9999999999999999,1.0,0.0
strict_00,70,pec,0.0019053019848092867,0.9999999999999999,1.0,0.0
strict_00,71,mv,0.002299666666666668,0.9999999999999999,1.0,0.0
strict_00,71,ds,0.002066500000000001,0.9999999999999999,1.0,0.0
strict_00,71,pec,0.0027042747676726164,0.9999999999999999,1.0,0.0
strict_00,72,mv,0.0016421666666666683,0.9999999999999999,1.0,0.0
strict_00,72,ds,0.0007375000000000011,0.9999999999999999,1.0,0.0
strict_00,72,pec,0.001169943738615531,0.9999999999999999,1.0,0.0
strict_00,73,mv,0.0012658333333333347,0.9999999999999999,1.0,0.0
strict_00,73,ds,0.0009949999999999998,0.9999999999999999,1.0,0.0
strict_00,73,pec,0.0015470315128219723,0.9999999999999999,1.0,0.0
strict_00,74,mv,0.0009198333333333329,0.9999999999999999,1.0,0.0
strict_00,74,ds,0.001434499999999999,0.9999999999999999,1.0,0.0
strict_00,74,pec,0.002008299221881084,0.9999999999999999,1.0,0.0
strict_00,75,mv,0.002110666666666666,0.9999999999999999,1.0,0.0
strict_00,75,ds,0.0016231666666666669,0.9999999999999999,1.0,0.0
strict_00,75,pec,0.002015220839743556,0.9999999999999999,1.0,0.0
strict_00,76,mv,0.0022300000000000024,0.9999999999999999,1.0,0.0
strict_00,76,ds,0.0013513333333333337,0.9999999999999999,1.0,0.0
strict_00,76,pec,0.0017045694665192197,0.9999999999999999,1.0,0.0
strict_00,77,mv,0.0026185000000000015,0.9999999999999999,1.0,0.0
strict_00,77,ds,0.0012821666666666667,0.9999999999999999,1.0,0.0
strict_00,77,pec,0.002136571204368764,0.9999999999999999,1.0,0.0
strict_00,78,mv,0.001630666666666666,0.9999999999999999,1.0,0.0
strict_00,78,ds,0.0011488333333333329,0.9999999999999999,1.0,0.0
strict_00,78,pec,0.0017427468655358807,0.9999999999999999,1.0,0.0
strict_00,79,mv,0.002243833333333334,0.9999999999999999,1.0,0.0
strict_00,79,ds,0.0010591666666666664,0.9999999999999999,1.0,0.0
strict_00,79,pec,0.0015327310704446476,0.9999999999999999,1.0,0.0
strict_00,80,mv,0.001803333333333334,0.9999999999999999,1.0,0.0
strict_00,80,ds,0.0011083333333333333,0.9999999999999999,1.0,0.0
strict_00,80,pec,0.001517701457704284,0.9999999999999999,1.0,0.0
strict_00,81,mv,0.0021658333333333334,0.9999999999999999,1.0,0.0
strict_00,81,ds,0.0012378333333333334,0.9999999999999999,1.0,0.0
strict_00,81,pec,0.0017594910932883328,0.9999999999999999,1.0,0.0
strict_00,82,mv,0.0017938333333333341,0.9999999999999999,1.0,0.0
strict_00,82,ds,0.001365,0.9999999999999999,1.0,0.0
strict_00,82,pec,0.001932098523250614,0.9999999999999999,1.0,0.0
strict_00,83,mv,0.0017766666666666677,0.9999999999999999,1.0,0.0
strict_00,83,ds,0.0007436666666666665,0.9999999999999999,1.0,0.0
strict_00,83,pec,0.0011554521912019871,0.9999999999999999,1.0,0.0
strict_00,84,mv,0.0023343333333333337,0.9999999999999999,1.0,0.0
strict_00,84,ds,0.0016931666666666675,0.9999999999999999,1.0,0.0
strict_00,84,pec,0.002112878577095081,0.9999999999999999,1.0,0.0
strict_00,85,mv,0.0019343333333333333,0.9999999999999999,1.0,0.0
strict_00,85,ds,0.0011831666666666666,0.9999999999999999,1.0,0.0
strict_00,85,pec,0.0017580491290530072,0.9999999999999999,1.0,0.0
strict_00,86,mv,0.0023364999999999996,0.8666666666666666,0.9333333333333333,0.0
strict_00,86,ds,0.0013533333333333325,0.8666666666666666,0.9333333333333333,0.0
strict_00,86,pec,0.0019099299000018856,0.8666666666666666,0.9333333333333333,0.0
strict_00,87,mv,0.0022556666666666684,0.9999999999999999,1.0,0.0
strict_00,87,ds,0.0011331666666666651,0.9999999999999999,1.0,0.0
strict_00,87,pec,0.0017274498647751187,0.9999999999999999,1.0,0.0
strict_00,88,mv,0.001936000000000001,0.9999999999999999,1.0,0.0
strict_00,88,ds,0.0006071666666666669,0.9999999999999999,1.0,0.0
strict_00,88,pec,0.001085442475006853,0.9999999999999999,1.0,0.0
strict_00,89,mv,0.002085166666666667,0.9999999999999999,1.0,0.0
strict_00,89,ds,0.001091999999999999,0.9999999999999999,1.0,0.0
strict_00,89,pec,0.0016163110351034154,0.9999999999999999,1.0,0.0
strict_00,90,mv,0.002168333333333334,0.9999999999999999,1.0,0.0
strict_00,90,ds,0.001603333333333336,0.9999999999999999,1.0,0.0
strict_00,90,pec,0.001692825660378805,0.9999999999999999,1.0,0.0
strict_00,91,mv,0.0015640000000000005,0.9999999999999999,1.0,0.0
strict_00,91,ds,0.0014619999999999987,0.9999999999999999,1.0,0.0
strict_00,91,pec,0.0018933102105952494,0.9999999999999999,1.0,0.0
strict_00,92,mv,0.001853500000000001,0.9999999999999999,1.0,0.0
strict_00,92,ds,0.0011558333333333336,0.9999999999999999,1.0,0.0
strict_00,92,pec,0.0017137303482139506,0.9999999999999999,1.0,0.0
strict_00,93,mv,0.0021505000000000014,0.9999999999999999,1.0,0.0
strict_00,93,ds,0.0015125000000000017,0.9999999999999999,1.0,0.0
strict_00,93,pec,0.0019955028686684828,0.9999999999999999,1.0,0.0
strict_00,94,mv,0.0021895000000000005,0.9999999999999999,1.0,0.0
strict_00,94,ds,0.0013268333333333333,0.9999999999999999,1.0,0.0
strict_00,94,pec,0.0018820907941008672,0.9999999999999999,1.0,0.0
strict_00,95,mv,0.0017498333333333344,0.9999999999999999,1.0,0.0
strict_00,95,ds,0.0009191666666666671,0.9999999999999999,1.0,0.0
strict_00,95,pec,0.0014338756211928223,0.9999999999999999,1.0,0.0
strict_00,96,mv,0.0026546666666666676,0.9999999999999999,1.0,0.0
strict_00,96,ds,0.0011770000000000012,0.9999999999999999,1.0,0.0
strict_00,96,pec,0.0018318541581507197,0.9999999999999999,1.0,0.0
strict_00,97,mv,0.002201833333333333,0.9999999999999999,1.0,0.0
strict_00,97,ds,0.001941333333333333,0.9999999999999999,1.0,0.0
strict_00,97,pec,0.002432916023034989,0.9999999999999999,1.0,0.0
strict_00,98,mv,0.0022775000000000013,0.9999999999999999,1.0,0.0
strict_00,98,ds,0.0014506666666666667,0.9999999999999999,1.0,0.0
strict_00,98,pec,0.0019298996071288154,0.9999999999999999,1.0,0.0
strict_00,99,mv,0.002238666666666666,0.9999999999999999,1.0,0.0
strict_00,99,ds,0.001486666666666668,0.9999999999999999,1.0,0.0
strict_00,99,pec,0.0018571169042355953,0.9999999999999999,1.0,0.0
strict_10,0,mv,0.001969166666666667,0.9999999999999999,1.0,0.1
strict_10,0,ds,0.0011933333333333334,0.9999999999999999,1.0,0.1
strict_10,0,pec,0.0018960780901341604,0.9999999999999999,1.0,0.1
strict_10,1,mv,0.003137166666666666,0.9999999999999999,1.0,0.1
strict_10,1,ds,0.002096999999999998,0.9999999999999999,1.0,0.1
strict_10,1,pec,0.002759783829195164,0.9999999999999999,1.0,0.1
strict_10,2,mv,0.002049833333333334,0.9999999999999999,1.0,0.1
strict_10,2,ds,0.0015785000000000003,0.9999999999999999,1.0,0.1
strict_10,2,pec,0.0022480914858564764,0.9999999999999999,1.0,0.1
strict_10,3,mv,0.002188333333333332,0.9999999999999999,1.0,0.1
strict_10,3,ds,0.0015461666666666668,0.9999999999999999,1.0,0.1
strict_10,3,pec,0.0018307636976445617,0.9999999999999999,1.0,0.1
strict_10,4,mv,0.0027553333333333336,0.9999999999999999,1.0,0.1
strict_10,4,ds,0.0017358333333333342,0.9999999999999999,1.0,0.1
strict_10,4,pec,0.0027594309097542253,0.9999999999999999,1.0,0.1
strict_10,5,mv,0.001372,0.9999999999999999,1.0,0.1
strict_10,5,ds,0.0014205000000000005,0.9999999999999999,1.0,0.1
strict_10,5,pec,0.001989628393624029,0.9999999999999999,1.0,0.1
strict_10,6,mv,0.001649833333333334,0.9999999999999999,1.0,0.1
strict_10,6,ds,0.0012701666666666668,0.9999999999999999,1.0,0.1
strict_10,6,pec,0.0019919818390845435,0.9999999999999999,1.0,0.1
strict_10,7,mv,0.0010625000000000012,0.9999999999999999,1.0,0.1
strict_10,7,ds,0.0006213333333333331,0.9999999999999999,1.0,0.1
strict_10,7,pec,0.0010532669508600274,0.9999999999999999,1.0,0.1
strict_10,8,mv,0.001703499999999999,0.9999999999999999,1.0,0.1
strict_10,8,ds,0.0016438333333333346,0.9999999999999999,1.0,0.1
strict_10,8,pec,0.0023302021028898333,0.9999999999999999,1.0,0.1
strict_10,9,mv,0.0018365000000000013,0.9999999999999999,1.0,0.1
strict_10,9,ds,0.0011673333333333351,0.9660917830792959,0.9666666666666667,0.1
strict_10,9,pec,0.001910537198779403,0.9999999999999999,1.0,0.1
strict_10,10,mv,0.002027333333333332,0.9999999999999999,1.0,0.1
strict_10,10,ds,0.0017939999999999998,0.9999999999999999,1.0,0.1
strict_10,10,pec,0.0023977980836344397,0.9999999999999999,1.0,0.1
strict_10,11,mv,0.0021926666666666652,0.9999999999999999,1.0,0.1
strict_10,11,ds,0.0014539999999999976,0.9999999999999999,1.0,0.1
strict_10,11,pec,0.0020444399482216435,0.9999999999999999,1.0,0.1
strict_10,12,mv,0.002312999999999999,0.9999999999999999,1.0,0.1
strict_10,12,ds,0.0007061666666666674,0.9999999999999999,1.0,0.1
strict_10,12,pec,0.0014223329459926166,0.9999999999999999,1.0,0.1
strict_10,13,mv,0.0019483333333333332,0.9999999999999999,1.0,0.1
strict_10,13,ds,0.0013305000000000003,0.9999999999999999,1.0,0.1
strict_10,13,pec,0.002025809555912523,0.9999999999999999,1.0,0.1
strict_10,14,mv,0.0014779999999999995,0.9999999999999999,1.0,0.1
strict_10,14,ds,0.0013873333333333335,0.9999999999999999,1.0,0.1
strict_10,14,pec,0.0020255384090780574,0.9999999999999999,1.0,0.1
strict_10,15,mv,0.0018585000000000008,0.9999999999999999,1.0,0.1
strict_10,15,ds,0.0011376666666666677,0.9999999999999999,1.0,0.1
strict_10,15,pec,0.0017287143335408914,0.9999999999999999,1.0,0.1
strict_10,16,mv,0.001452666666666667,0.9999999999999999,1.0,0.1
strict_10,16,ds,0.0015858333333333315,0.9999999999999999,1.0,0.1
strict_10,16,pec,0.002172322760425655,0.9999999999999999,1.0,0.1
strict_10,17,mv,0.0016090000000000004,0.9999999999999999,1.0,0.1
strict_10,17,ds,0.0007023333333333333,0.9999999999999999,1.0,0.1
strict_10,17,pec,0.0014627220973803276,0.9999999999999999,1.0,0.1
strict_10,18,mv,0.0019233333333333327,0.9999999999999999,1.0,0.1
strict_10,18,ds,0.0012763333333333333,0.9999999999999999,1.0,0.1
strict_10,18,pec,0.0016055701950477852,0.9999999999999999,1.0,0.1
strict_10,19,mv,0.0019149999999999994,0.9999999999999999,1.0,0.1
strict_10,19,ds,0.00186683333333333,0.8666666666666666,0.9333333333333333,0.1
strict_10,19,pec,0.002389595616476473,0.9999999999999999,1.0,0.1
strict_10,20,mv,0.0018945000000000004,0.9999999999999999,1.0,0.1
strict_10,20,ds,0.0007438333333333323,0.9999999999999999,1.0,0.1
strict_10,20,pec,0.0010080228499621568,0.9999999999999999,1.0,0.1
strict_10,21,mv,0.0013548333333333338,0.9999999999999999,1.0,0.1
strict_10,21,ds,0.0007893333333333347,0.9999999999999999,1.0,0.1
strict_10,21,pec,0.0012896841336629001,0.9999999999999999,1.0,0.1
strict_10,22,mv,0.0015025000000000006,0.9999999999999999,1.0,0.1
strict_10,22,ds,0.0008875000000000002,0.9999999999999999,1.0,0.1
strict_10,22,pec,0.0013921766373464213,0.9999999999999999,1.0,0.1
strict_10,23,mv,0.0014460000000000005,0.9999999999999999,1.0,0.1
strict_10,23,ds,0.0010053333333333338,0.9999999999999999,1.0,0.1
strict_10,23,pec,0.0016298819238798846,0.9999999999999999,1.0,0.1
strict_10,24,mv,0.0018991666666666664,0.9999999999999999,1.0,0.1
strict_10,24,ds,0.0011981666666666666,0.9999999999999999,1.0,0.1
strict_10,24,pec,0.0017072576502077462,0.9999999999999999,1.0,0.1
strict_10,25,mv,0.0021645000000000015,0.9999999999999999,1.0,0.1
strict_10,25,ds,0.0016043333333333346,0.9999999999999999,1.0,0.1
strict_10,25,pec,0.0020771003351337768,0.9999999999999999,1.0,0.1
strict_10,26,mv,0.001535833333333335,0.9999999999999999,1.0,0.1
strict_10,26,ds,0.0018191666666666653,0.9999999999999999,1.0,0.1
strict_10,26,pec,0.0021787267261094935,0.9999999999999999,1.0,0.1
strict_10,27,mv,0.0019743333333333344,0.9999999999999999,1.0,0.1
strict_10,27,ds,0.0022,0.9999999999999999,1.0,0.1
strict_10,27,pec,0.0026814737607302928,0.9999999999999999,1.0,0.1
strict_10,28,mv,0.0020344999999999985,0.9999999999999999,1.0,0.1
strict_10,28,ds,0.0016424999999999999,0.9999999999999999,1.0,0.1
strict_10,28,pec,0.0018164568403021717,0.9999999999999999,1.0,0.1
strict_10,29,mv,0.001178500000000001,0.9999999999999999,1.0,0.1
strict_10,29,ds,0.0008805000000000012,0.9999999999999999,1.0,0.1
strict_10,29,pec,0.0014529897977968182,0.9999999999999999,1.0,0.1
strict_10,30,mv,0.0024948333333333363,0.8666666666666666,0.9333333333333333,0.1
strict_10,30,ds,0.0016938333333333363,0.8666666666666666,0.9333333333333333,0.1
strict_10,30,pec,0.002398558723028051,0.8666666666666666,0.9333333333333333,0.1
strict_10,31,mv,0.0022205000000000016,0.9999999999999999,1.0,0.1
strict_10,31,ds,0.0013583333333333336,0.9999999999999999,1.0,0.1
strict_10,31,pec,0.0017787824026535657,0.9999999999999999,1.0,0.1
strict_10,32,mv,0.001926666666666666,0.9999999999999999,1.0,0.1
strict_10,32,ds,0.0014353333333333325,0.9999999999999999,1.0,0.1
strict_10,32,pec,0.0016282517829911954,0.9999999999999999,1.0,0.1
strict_10,33,mv,0.0015209999999999996,0.9999999999999999,1.0,0.1
strict_10,33,ds,0.001838499999999998,0.9999999999999999,1.0,0.1
strict_10,33,pec,0.002389534461474525,0.9999999999999999,1.0,0.1
strict_10,34,mv,0.0020023333333333356,0.9999999999999999,1.0,0.1
strict_10,34,ds,0.0016790000000000002,0.9999999999999999,1.0,0.1
strict_10,34,pec,0.0024129993176089794,0.9999999999999999,1.0,0.1
strict_10,35,mv,0.0016636666666666675,0.9999999999999999,1.0,0.1
strict_10,35,ds,0.0012306666666666672,0.9999999999999999,1.0,0.1
strict_10,35,pec,0.001535606294479664,0.9999999999999999,1.0,0.1
strict_10,36,mv,0.002298333333333334,0.9999999999999999,1.0,0.1
strict_10,36,ds,0.001485166666666666,0.9999999999999999,1.0,0.1
strict_10,36,pec,0.002284077535085162,0.9999999999999999,1.0,0.1
strict_10,37,mv,0.001551833333333335,0.9999999999999999,1.0,0.1
strict_10,37,ds,0.0012581666666666687,0.8666666666666666,0.9333333333333333,0.1
strict_10,37,pec,0.0018588692387330125,0.9999999999999999,1.0,0.1
strict_10,38,mv,0.0017324999999999997,0.9999999999999999,1.0,0.1
strict_10,38,ds,0.0012571666666666662,0.9999999999999999,1.0,0.1
strict_10,38,pec,0.0016507355298300162,0.9999999999999999,1.0,0.1
strict_10,39,mv,0.0016911666666666648,0.9999999999999999,1.0,0.1
strict_10,39,ds,0.0010788333333333327,0.9999999999999999,1.0,0.1
strict_10,39,pec,0.0015482533742690186,0.9999999999999999,1.0,0.1
strict_10,40,mv,0.0016696666666666674,0.9999999999999999,1.0,0.1
strict_10,40,ds,0.001031500000000002,0.9999999999999999,1.0,0.1
strict_10,40,pec,0.0012553247439702746,0.9999999999999999,1.0,0.1
strict_10,41,mv,0.002354833333333334,0.9999999999999999,1.0,0.1
strict_10,41,ds,0.0020776666666666678,0.9999999999999999,1.0,0.1
strict_10,41,pec,0.003169371121050975,0.9999999999999999,1.0,0.1
strict_10,42,mv,0.0020399999999999997,0.9999999999999999,1.0,0.1
strict_10,42,ds,0.001972833333333334,0.9999999999999999,1.0,0.1
strict_10,42,pec,0.0024463805696877043,0.9999999999999999,1.0,0.1
strict_10,43,mv,0.0016353333333333326,0.9999999999999999,1.0,0.1
strict_10,43,ds,0.0011491666666666657,0.9999999999999999,1.0,0.1
strict_10,43,pec,0.0017212571527626763,0.9999999999999999,1.0,0.1
strict_10,44,mv,0.0014156666666666669,0.9999999999999999,1.0,0.1
strict_10,44,ds,0.0008791666666666679,0.9999999999999999,1.0,0.1
strict_10,44,pec,0.0015643722610325823,0.9999999999999999,1.0,0.1
strict_10,45,mv,0.0013911666666666673,0.9999999999999999,1.0,0.1
strict_10,45,ds,0.0007083333333333346,0.9999999999999999,1.0,0.1
strict_10,45,pec,0.0011802091371929354,0.9999999999999999,1.0,0.1
strict_10,46,mv,0.0018555000000000012,0.9999999999999999,1.0,0.1
strict_10,46,ds,0.0008105000000000001,0.9999999999999999,1.0,0.1
strict_10,46,pec,0.0014922332155833885,0.9999999999999999,1.0,0.1
strict_10,47,mv,0.002665000000000002,0.9999999999999999,1.0,0.1
strict_10,47,ds,0.001811833333333334,0.9999999999999999,1.0,0.1
strict_10,47,pec,0.0025905236647573867,0.9999999999999999,1.0,0.1
strict_10,48,mv,0.001489666666666668,0.9999999999999999,1.0,0.1
strict_10,48,ds,0.0009219999999999996,0.9999999999999999,1.0,0.1
strict_10,48,pec,0.001488811211844599,0.9999999999999999,1.0,0.1
strict_10,49,mv,0.0016631666666666672,0.9999999999999999,1.0,0.1
strict_10,49,ds,0.0008491666666666677,0.9999999999999999,1.0,0.1
strict_10,49,pec,0.0014342206324623307,0.9999999999999999,1.0,0.1
strict_10,50,mv,0.0011593333333333325,0.9999999999999999,1.0,0.1
strict_10,50,ds,0.000967666666666667,0.9999999999999999,1.0,0.1
strict_10,50,pec,0.0017006051778440752,0.9999999999999999,1.0,0.1
strict_10,51,mv,0.0017188333333333344,0.9999999999999999,1.0,0.1
strict_10,51,ds,0.0013605,0.9999999999999999,1.0,0.1
strict_10,51,pec,0.0019498876254182313,0.9999999999999999,1.0,0.1
strict_10,52,mv,0.0015045000000000006,0.9999999999999999,1.0,0.1
strict_10,52,ds,0.0009968333333333348,0.9999999999999999,1.0,0.1
strict_10,52,pec,0.0015598313999942992,0.9999999999999999,1.0,0.1
strict_10,53,mv,0.0017501666666666661,0.9999999999999999,1.0,0.1
strict_10,53,ds,0.0009079999999999988,0.9999999999999999,1.0,0.1
strict_10,53,pec,0.0012321591366676547,0.9999999999999999,1.0,0.1
strict_10,54,mv,0.0010991666666666673,0.9999999999999999,1.0,0.1
strict_10,54,ds,0.0011828333333333337,0.9999999999999999,1.0,0.1
strict_10,54,pec,0.0017999378123917896,0.9999999999999999,1.0,0.1
strict_10,55,mv,0.0023104999999999988,0.9999999999999999,1.0,0.1
strict_10,55,ds,0.0012833333333333327,0.9999999999999999,1.0,0.1
strict_10,55,pec,0.002066255145957503,0.9999999999999999,1.0,0.1
strict_10,56,mv,0.001437833333333335,0.9999999999999999,1.0,0.1
strict_10,56,ds,0.0009820000000000018,0.9999999999999999,1.0,0.1
strict_10,56,pec,0.0016623543552062657,0.9999999999999999,1.0,0.1
strict_10,57,mv,0.0017235000000000017,0.9999999999999999,1.0,0.1
strict_10,57,ds,0.0012458333333333343,0.9999999999999999,1.0,0.1
strict_10,57,pec,0.0018067726257360297,0.9999999999999999,1.0,0.1
strict_10,58,mv,0.0022343333333333347,0.9999999999999999,1.0,0.1
strict_10,58,ds,0.001503000000000002,0.9660917830792959,0.9666666666666667,0.1
strict_10,58,pec,0.0022609764913099975,0.9999999999999999,1.0,0.1
strict_10,59,mv,0.001770999999999999,0.9999999999999999,1.0,0.1
strict_10,59,ds,0.001807833333333332,0.9999999999999999,1.0,0.1
strict_10,59,pec,0.0022430426266622223,0.9999999999999999,1.0,0.1
strict_10,60,mv,0.0014750000000000026,0.9999999999999999,1.0,0.1
strict_10,60,ds,0.0010598333333333339,0.9999999999999999,1.0,0.1
strict_10,60,pec,0.0014674242236398505,0.9999999999999999,1.0,0.1
strict_10,61,mv,0.002278,0.9999999999999999,1.0,0.1
strict_10,61,ds,0.0015036666666666677,0.9999999999999999,1.0,0.1
strict_10,61,pec,0.002010908264655105,0.9999999999999999,1.0,0.1
strict_10,62,mv,0.0018933333333333354,0.9999999999999999,1.0,0.1
strict_10,62,ds,0.0016735000000000031,0.9999999999999999,1.0,0.1
strict_10,62,pec,0.0023834917826843784,0.9999999999999999,1.0,0.1
strict_10,63,mv,0.001453166666666667,0.9999999999999999,1.0,0.1
strict_10,63,ds,0.0012113333333333342,0.9999999999999999,1.0,0.1
strict_10,63,pec,0.001712119179078835,0.9999999999999999,1.0,0.1
strict_10,64,mv,0.0015193333333333333,0.9999999999999999,1.0,0.1
strict_10,64,ds,0.0013591666666666648,0.9999999999999999,1.0,0.1
strict_10,64,pec,0.0021339718994383117,0.9999999999999999,1.0,0.1
strict_10,65,mv,0.0022878333333333344,0.9999999999999999,1.0,0.1
strict_10,65,ds,0.001837166666666665,0.9999999999999999,1.0,0.1
strict_10,65,pec,0.0026239576576272193,0.9999999999999999,1.0,0.1
strict_10,66,mv,0.0010754999999999999,0.9999999999999999,1.0,0.1
strict_10,66,ds,0.0004851666666666669,0.9999999999999999,1.0,0.1
strict_10,66,pec,0.0008521347182769345,0.9999999999999999,1.0,0.1
strict_10,67,mv,0.0015601666666666674,0.9999999999999999,1.0,0.1
strict_10,67,ds,0.0016294999999999997,0.9999999999999999,1.0,0.1
strict_10,67,pec,0.0021585387690831207,0.9999999999999999,1.0,0.1
strict_10,68,mv,0.0023263333333333335,0.9999999999999999,1.0,0.1
strict_10,68,ds,0.0018504999999999997,0.9999999999999999,1.0,0.1
strict_10,68,pec,0.002441769372724029,0.9999999999999999,1.0,0.1
strict_10,69,mv,0.002041666666666665,0.9999999999999999,1.0,0.1
strict_10,69,ds,0.001206666666666666,0.9999999999999999,1.0,0.1
strict_10,69,pec,0.001648724001093893,0.9999999999999999,1.0,0.1
strict_10,70,mv,0.001883333333333333,0.9999999999999999,1.0,0.1
strict_10,70,ds,0.0015711666666666667,0.9999999999999999,1.0,0.1
strict_10,70,pec,0.002110711879932815,0.9999999999999999,1.0,0.1
strict_10,71,mv,0.002490000000000001,0.9999999999999999,1.0,0.1
strict_10,71,ds,0.002034333333333334,0.9999999999999999,1.0,0.1
strict_10,71,pec,0.002687405024718288,0.9999999999999999,1.0,0.1
strict_10,72,mv,0.0014500000000000016,0.9999999999999999,1.0,0.1
strict_10,72,ds,0.0006318333333333341,0.8666666666666666,0.9333333333333333,0.1
strict_10,72,pec,0.0011702647993864282,0.9999999999999999,1.0,0.1
strict_10,73,mv,0.001349833333333334,0.9999999999999999,1.0,0.1
strict_10,73,ds,0.0009321666666666663,0.9999999999999999,1.0,0.1
strict_10,73,pec,0.0015777046234713935,0.9999999999999999,1.0,0.1
strict_10,74,mv,0.0010823333333333338,0.9999999999999999,1.0,0.1
strict_10,74,ds,0.001331333333333332,0.9999999999999999,1.0,0.1
strict_10,74,pec,0.001925402206448823,0.9999999999999999,1.0,0.1
strict_10,75,mv,0.002152499999999999,0.9999999999999999,1.0,0.1
strict_10,75,ds,0.001835166666666667,0.9999999999999999,1.0,0.1
strict_10,75,pec,0.002221581302201699,0.9999999999999999,1.0,0.1
strict_10,76,mv,0.001965333333333334,0.9999999999999999,1.0,0.1
strict_10,76,ds,0.0014686666666666674,0.9999999999999999,1.0,0.1
strict_10,76,pec,0.0018948416985039677,0.9999999999999999,1.0,0.1
strict_10,77,mv,0.0023908333333333334,0.9999999999999999,1.0,0.1
strict_10,77,ds,0.0012878333333333335,0.9999999999999999,1.0,0.1
strict_10,77,pec,0.002180295445240965,0.9999999999999999,1.0,0.1
strict_10,78,mv,0.0015004999999999992,0.9999999999999999,1.0,0.1
strict_10,78,ds,0.0010723333333333325,0.9999999999999999,1.0,0.1
strict_10,78,pec,0.0017135515919199484,0.9999999999999999,1.0,0.1
strict_10,79,mv,0.002147166666666667,0.9999999999999999,1.0,0.1
strict_10,79,ds,0.0010108333333333332,0.9999999999999999,1.0,0.1
strict_10,79,pec,0.0016045087732626823,0.9999999999999999,1.0,0.1
strict_10,80,mv,0.0018933333333333339,0.9999999999999999,1.0,0.1
strict_10,80,ds,0.0010863333333333335,0.9999999999999999,1.0,0.1
strict_10,80,pec,0.0015708018221073066,0.9999999999999999,1.0,0.1
strict_10,81,mv,0.002123833333333333,0.9999999999999999,1.0,0.1
strict_10,81,ds,0.001529666666666666,0.9999999999999999,1.0,0.1
strict_10,81,pec,0.0020189016062154698,0.9999999999999999,1.0,0.1
strict_10,82,mv,0.0015831666666666676,0.9999999999999999,1.0,0.1
strict_10,82,ds,0.001179666666666666,0.9999999999999999,1.0,0.1
strict_10,82,pec,0.0018604397582098293,0.9999999999999999,1.0,0.1
strict_10,83,mv,0.0015203333333333336,0.9999999999999999,1.0,0.1
strict_10,83,ds,0.0007275000000000002,0.9999999999999999,1.0,0.1
strict_10,83,pec,0.0011622125860792176,0.9999999999999999,1.0,0.1
strict_10,84,mv,0.002002833333333333,0.9999999999999999,1.0,0.1
strict_10,84,ds,0.0016636666666666675,0.9999999999999999,1.0,0.1
strict_10,84,pec,0.0022133221885733516,0.9999999999999999,1.0,0.1
strict_10,85,mv,0.0018488333333333332,0.9999999999999999,1.0,0.1
strict_10,85,ds,0.0011096666666666664,0.9999999999999999,1.0,0.1
strict_10,85,pec,0.0019404375425911737,0.9999999999999999,1.0,0.1
strict_10,86,mv,0.0018534999999999992,0.8666666666666666,0.9333333333333333,0.1
strict_10,86,ds,0.0013399999999999992,0.8666666666666666,0.9333333333333333,0.1
strict_10,86,pec,0.002065931858232601,0.8666666666666666,0.9333333333333333,0.1
strict_10,87,mv,0.0020636666666666663,0.9999999999999999,1.0,0.1
strict_10,87,ds,0.0009879999999999986,0.9660917830792959,0.9666666666666667,0.1
strict_10,87,pec,0.0017934241143208619,0.9999999999999999,1.0,0.1
strict_10,88,mv,0.001661833333333334,0.9999999999999999,1.0,0.1
strict_10,88,ds,0.0006240000000000002,0.9999999999999999,1.0,0.1
strict_10,88,pec,0.0011820112805441237,0.9999999999999999,1.0,0.1
strict_10,89,mv,0.002093166666666667,0.9999999999999999,1.0,0.1
strict_10,89,ds,0.0012844999999999992,0.9999999999999999,1.0,0.1
strict_10,89,pec,0.0018235607474481087,0.9999999999999999,1.0,0.1
strict_10,90,mv,0.001983666666666668,0.9999999999999999,1.0,0.1
strict_10,90,ds,0.0014531666666666688,0.9999999999999999,1.0,0.1
strict_10,90,pec,0.0017894743111600334,0.9999999999999999,1.0,0.1
strict_10,91,mv,0.0015321666666666667,0.9999999999999999,1.0,0.1
strict_10,91,ds,0.0017413333333333324,0.9999999999999999,1.0,0.1
strict_10,91,pec,0.0023377629958270503,0.9999999999999999,1.0,0.1
strict_10,92,mv,0.0017418333333333337,0.9999999999999999,1.0,0.1
strict_10,92,ds,0.001264833333333333,0.9999999999999999,1.0,0.1
strict_10,92,pec,0.0018960405031607835,0.9999999999999999,1.0,0.1
strict_10,93,mv,0.002112000000000001,0.9999999999999999,1.0,0.1
strict_10,93,ds,0.0012021666666666676,0.9999999999999999,1.0,0.1
strict_10,93,pec,0.0019210854027065117,0.9999999999999999,1.0,0.1
strict_10,94,mv,0.0023136666666666657,0.9999999999999999,1.0,0.1
strict_10,94,ds,0.0013076666666666662,0.9999999999999999,1.0,0.1
strict_10,94,pec,0.0019185085287353866,0.9999999999999999,1.0,0.1
strict_10,95,mv,0.0016381666666666671,0.9999999999999999,1.0,0.1
strict_10,95,ds,0.0009988333333333342,0.9999999999999999,1.0,0.1
strict_10,95,pec,0.0013666611235695818,0.9999999999999999,1.0,0.1
strict_10,96,mv,0.0023836666666666693,0.9999999999999999,1.0,0.1
strict_10,96,ds,0.0011331666666666675,0.9999999999999999,1.0,0.1
strict_10,96,pec,0.0019135930218713213,0.9999999999999999,1.0,0.1
strict_10,97,mv,0.0021295,0.9999999999999999,1.0,0.1
strict_10,97,ds,0.0019183333333333337,0.9999999999999999,1.0,0.1
strict_10,97,pec,0.002706061132118458,0.9999999999999999,1.0,0.1
strict_10,98,mv,0.0021911666666666677,0.9999999999999999,1.0,0.1
strict_10,98,ds,0.0015380000000000003,0.9999999999999999,1.0,0.1
strict_10,98,pec,0.002115125554906641,0.9999999999999999,1.0,0.1
strict_10,99,mv,0.002173666666666666,0.9999999999999999,1.0,0.1
strict_10,99,ds,0.0017763333333333346,0.9999999999999999,1.0,0.1
strict_10,99,pec,0.0020053204021699147,0.9999999999999999,1.0,0.1
strict_20,0,mv,0.0021783333333333338,0.9999999999999999,1.0,0.2
strict_20,0,ds,0.0016276666666666668,0.9999999999999999,1.0,0.2
strict_20,0,pec,0.0022275816504740433,0.9999999999999999,1.0,0.2
strict_20,1,mv,0.0034423333333333324,0.9999999999999999,1.0,0.2
strict_20,1,ds,0.002161666666666667,0.9999999999999999,1.0,0.2
strict_20,1,pec,0.002901834239061065,0.9999999999999999,1.0,0.2
strict_20,2,mv,0.002244333333333334,0.9999999999999999,1.0,0.2
strict_20,2,ds,0.001459333333333334,0.9999999999999999,1.0,0.2
strict_20,2,pec,0.0020787713762877927,0.9999999999999999,1.0,0.2
strict_20,3,mv,0.002227166666666667,0.9999999999999999,1.0,0.2
strict_20,3,ds,0.0014064999999999998,0.9999999999999999,1.0,0.2
strict_20,3,pec,0.001962169747088123,0.9999999999999999,1.0,0.2
strict_20,4,mv,0.002966833333333334,0.9999999999999999,1.0,0.2
strict_20,4,ds,0.0019200000000000007,0.9999999999999999,1.0,0.2
strict_20,4,pec,0.003179578676332196,0.9999999999999999,1.0,0.2
strict_20,5,mv,0.0015488333333333333,0.9999999999999999,1.0,0.2
strict_20,5,ds,0.0012995,0.9999999999999999,1.0,0.2
strict_20,5,pec,0.0018968969080057421,0.9999999999999999,1.0,0.2
strict_20,6,mv,0.001992166666666667,0.9999999999999999,1.0,0.2
strict_20,6,ds,0.001518333333333334,0.9999999999999999,1.0,0.2
strict_20,6,pec,0.0023635289587605767,0.9999999999999999,1.0,0.2
strict_20,7,mv,0.0011511666666666677,0.9999999999999999,1.0,0.2
strict_20,7,ds,0.0005048333333333333,0.9999999999999999,1.0,0.2
strict_20,7,pec,0.0009959482382195651,0.9999999999999999,1.0,0.2
strict_20,8,mv,0.0019396666666666661,0.9999999999999999,1.0,0.2
strict_20,8,ds,0.0014358333333333339,0.9999999999999999,1.0,0.2
strict_20,8,pec,0.002376076426558279,0.9999999999999999,1.0,0.2
strict_20,9,mv,0.002177333333333335,0.9999999999999999,1.0,0.2
strict_20,9,ds,0.001369166666666669,0.9999999999999999,1.0,0.2
strict_20,9,pec,0.0022334530488435536,0.9999999999999999,1.0,0.2
strict_20,10,mv,0.002081666666666666,0.9999999999999999,1.0,0.2
strict_20,10,ds,0.002197666666666667,0.9999999999999999,1.0,0.2
strict_20,10,pec,0.002957747131964166,0.9999999999999999,1.0,0.2
strict_20,11,mv,0.0022509999999999965,0.9999999999999999,1.0,0.2
strict_20,11,ds,0.0015444999999999975,0.9999999999999999,1.0,0.2
strict_20,11,pec,0.002095169903708907,0.9999999999999999,1.0,0.2
strict_20,12,mv,0.002518499999999998,0.9999999999999999,1.0,0.2
strict_20,12,ds,0.0009225000000000009,0.9999999999999999,1.0,0.2
strict_20,12,pec,0.001763183107020487,0.9999999999999999,1.0,0.2
strict_20,13,mv,0.0021169999999999995,0.9999999999999999,1.0,0.2
strict_20,13,ds,0.0012696666666666668,0.9999999999999999,1.0,0.2
strict_20,13,pec,0.002032092909825608,0.9999999999999999,1.0,0.2
strict_20,14,mv,0.0016724999999999997,0.9999999999999999,1.0,0.2
strict_20,14,ds,0.0011643333333333334,0.9999999999999999,1.0,0.2
strict_20,14,pec,0.0020176639046247547,0.9999999999999999,1.0,0.2
strict_20,15,mv,0.0022723333333333345,0.9999999999999999,1.0,0.2
strict_20,15,ds,0.0013750000000000019,0.9999999999999999,1.0,0.2
strict_20,15,pec,0.0020006388409741466,0.9999999999999999,1.0,0.2
strict_20,16,mv,0.001767833333333334,0.9999999999999999,1.0,0.2
strict_20,16,ds,0.0014291666666666652,0.9999999999999999,1.0,0.2
strict_20,16,pec,0.0022525619016603576,0.9999999999999999,1.0,0.2
strict_20,17,mv,0.0018555000000000006,0.9999999999999999,1.0,0.2
strict_20,17,ds,0.000738666666666667,0.9999999999999999,1.0,0.2
strict_20,17,pec,0.0012499006578277655,0.9999999999999999,1.0,0.2
strict_20,18,mv,0.0019245000000000009,0.9999999999999999,1.0,0.2
strict_20,18,ds,0.0011671666666666668,0.9999999999999999,1.0,0.2
strict_20,18,pec,0.001749562701441525,0.9999999999999999,1.0,0.2
strict_20,19,mv,0.0022411666666666656,0.9999999999999999,1.0,0.2
strict_20,19,ds,0.0015773333333333336,0.9999999999999999,1.0,0.2
strict_20,19,pec,0.0024723515062904777,0.9999999999999999,1.0,0.2
strict_20,20,mv,0.0020820000000000005,0.9999999999999999,1.0,0.2
strict_20,20,ds,0.0007101666666666658,0.9999999999999999,1.0,0.2
strict_20,20,pec,0.001153825829060616,0.9999999999999999,1.0,0.2
strict_20,21,mv,0.0014791666666666677,0.9999999999999999,1.0,0.2
strict_20,21,ds,0.001007333333333335,0.9999999999999999,1.0,0.2
strict_20,21,pec,0.0014159616290003068,0.9999999999999999,1.0,0.2
strict_20,22,mv,0.0014775000000000003,0.9999999999999999,1.0,0.2
strict_20,22,ds,0.0008308333333333336,0.9999999999999999,1.0,0.2
strict_20,22,pec,0.001412420337105112,0.9999999999999999,1.0,0.2
strict_20,23,mv,0.0016795000000000004,0.9999999999999999,1.0,0.2
strict_20,23,ds,0.0008925000000000002,0.9999999999999999,1.0,0.2
strict_20,23,pec,0.0017581547296271077,0.9999999999999999,1.0,0.2
strict_20,24,mv,0.002045333333333333,0.9999999999999999,1.0,0.2
strict_20,24,ds,0.0013543333333333326,0.9999999999999999,1.0,0.2
strict_20,24,pec,0.0019424828248493448,0.9999999999999999,1.0,0.2
strict_20,25,mv,0.0025673333333333316,0.9999999999999999,1.0,0.2
strict_20,25,ds,0.0017433333333333346,0.9660917830792959,0.9666666666666667,0.2
strict_20,25,pec,0.0025192236607374002,0.9999999999999999,1.0,0.2
strict_20,26,mv,0.001844166666666667,0.9999999999999999,1.0,0.2
strict_20,26,ds,0.0018026666666666653,0.9999999999999999,1.0,0.2
strict_20,26,pec,0.002414998149038114,0.9999999999999999,1.0,0.2
strict_20,27,mv,0.002041833333333336,0.9999999999999999,1.0,0.2
strict_20,27,ds,0.0018735,0.9999999999999999,1.0,0.2
strict_20,27,pec,0.0026185589600292735,0.9999999999999999,1.0,0.2
strict_20,28,mv,0.002169166666666665,0.9999999999999999,1.0,0.2
strict_20,28,ds,0.0018116666666666663,0.9999999999999999,1.0,0.2
strict_20,28,pec,0.0021214919886087826,0.9999999999999999,1.0,0.2
strict_20,29,mv,0.0011931666666666677,0.9999999999999999,1.0,0.2
strict_20,29,ds,0.0011485000000000013,0.9999999999999999,1.0,0.2
strict_20,29,pec,0.0016788693733987786,0.9999999999999999,1.0,0.2
strict_20,30,mv,0.0027896666666666673,0.8666666666666666,0.9333333333333333,0.2
strict_20,30,ds,0.0015900000000000029,0.8666666666666666,0.9333333333333333,0.2
strict_20,30,pec,0.002408071954479485,0.8666666666666666,0.9333333333333333,0.2
strict_20,31,mv,0.002134500000000001,0.9999999999999999,1.0,0.2
strict_20,31,ds,0.0015350000000000001,0.9999999999999999,1.0,0.2
strict_20,31,pec,0.0019353285732181466,0.9999999999999999,1.0,0.2
strict_20,32,mv,0.0018596666666666664,0.9999999999999999,1.0,0.2
strict_20,32,ds,0.0014438333333333323,0.9999999999999999,1.0,0.2
strict_20,32,pec,0.0017955880646220938,0.9999999999999999,1.0,0.2
strict_20,33,mv,0.0019786666666666646,0.9999999999999999,1.0,0.2
strict_20,33,ds,0.0016351666666666643,0.9999999999999999,1.0,0.2
strict_20,33,pec,0.0023984490053615836,0.9999999999999999,1.0,0.2
strict_20,34,mv,0.0023650000000000003,0.9999999999999999,1.0,0.2
strict_20,34,ds,0.001549833333333333,0.9999999999999999,1.0,0.2
strict_20,34,pec,0.002304620382863333,0.9999999999999999,1.0,0.2
strict_20,35,mv,0.001809333333333334,0.9999999999999999,1.0,0.2
strict_20,35,ds,0.001207166666666667,0.9999999999999999,1.0,0.2
strict_20,35,pec,0.0019165090136465345,0.9999999999999999,1.0,0.2
strict_20,36,mv,0.0025468333333333337,0.9999999999999999,1.0,0.2
strict_20,36,ds,0.0015443333333333327,0.9999999999999999,1.0,0.2
strict_20,36,pec,0.0023043965623172243,0.9999999999999999,1.0,0.2
strict_20,37,mv,0.001839833333333334,0.9999999999999999,1.0,0.2
strict_20,37,ds,0.0010958333333333352,0.9999999999999999,1.0,0.2
strict_20,37,pec,0.0018823446240193225,0.9999999999999999,1.0,0.2
strict_20,38,mv,0.0018424999999999997,0.9999999999999999,1.0,0.2
strict_20,38,ds,0.0015869999999999992,0.9999999999999999,1.0,0.2
strict_20,38,pec,0.001924500672355241,0.9999999999999999,1.0,0.2
strict_20,39,mv,0.0015976666666666663,0.9999999999999999,1.0,0.2
strict_20,39,ds,0.0012283333333333332,0.9999999999999999,1.0,0.2
strict_20,39,pec,0.001961964554095358,0.9999999999999999,1.0,0.2
strict_20,40,mv,0.0014526666666666672,0.9999999999999999,1.0,0.2
strict_20,40,ds,0.0008976666666666676,0.9999999999999999,1.0,0.2
strict_20,40,pec,0.0012367947272106424,0.9999999999999999,1.0,0.2
strict_20,41,mv,0.0024683333333333345,0.9999999999999999,1.0,0.2
strict_20,41,ds,0.0019883333333333337,0.9999999999999999,1.0,0.2
strict_20,41,pec,0.0032923794901870093,0.9999999999999999,1.0,0.2
strict_20,42,mv,0.0022314999999999995,0.9999999999999999,1.0,0.2
strict_20,42,ds,0.0019413333333333342,0.9999999999999999,1.0,0.2
strict_20,42,pec,0.00268037268596101,0.9999999999999999,1.0,0.2
strict_20,43,mv,0.0018698333333333334,0.9999999999999999,1.0,0.2
strict_20,43,ds,0.0013773333333333326,0.9999999999999999,1.0,0.2
strict_20,43,pec,0.001979814638951185,0.9999999999999999,1.0,0.2
strict_20,44,mv,0.0016431666666666676,0.9999999999999999,1.0,0.2
strict_20,44,ds,0.0010185000000000014,0.9999999999999999,1.0,0.2
strict_20,44,pec,0.0017258584286886445,0.9999999999999999,1.0,0.2
strict_20,45,mv,0.0017746666666666685,0.9999999999999999,1.0,0.2
strict_20,45,ds,0.0009435000000000008,0.9999999999999999,1.0,0.2
strict_20,45,pec,0.0014597202558718485,0.9999999999999999,1.0,0.2
strict_20,46,mv,0.0016673333333333338,0.9999999999999999,1.0,0.2
strict_20,46,ds,0.0008898333333333336,0.9999999999999999,1.0,0.2
strict_20,46,pec,0.0015623141975894584,0.9999999999999999,1.0,0.2
strict_20,47,mv,0.0026614999999999976,0.9999999999999999,1.0,0.2
strict_20,47,ds,0.0019309999999999998,0.9999999999999999,1.0,0.2
strict_20,47,pec,0.002813378527683062,0.9999999999999999,1.0,0.2
strict_20,48,mv,0.0015931666666666674,0.9999999999999999,1.0,0.2
strict_20,48,ds,0.0010551666666666678,0.9999999999999999,1.0,0.2
strict_20,48,pec,0.001776817099380712,0.9999999999999999,1.0,0.2
strict_20,49,mv,0.0017256666666666677,0.9999999999999999,1.0,0.2
strict_20,49,ds,0.0007300000000000006,0.9999999999999999,1.0,0.2
strict_20,49,pec,0.0014322191471335625,0.9999999999999999,1.0,0.2
strict_20,50,mv,0.0013583333333333331,0.9999999999999999,1.0,0.2
strict_20,50,ds,0.0011363333333333336,0.9999999999999999,1.0,0.2
strict_20,50,pec,0.0018129914498429057,0.9999999999999999,1.0,0.2
strict_20,51,mv,0.0019096666666666663,0.9999999999999999,1.0,0.2
strict_20,51,ds,0.001573,0.9999999999999999,1.0,0.2
strict_20,51,pec,0.002267330201007019,0.9999999999999999,1.0,0.2
strict_20,52,mv,0.0016111666666666679,0.9999999999999999,1.0,0.2
strict_20,52,ds,0.0009216666666666679,0.9999999999999999,1.0,0.2
strict_20,52,pec,0.001778106276453214,0.9999999999999999,1.0,0.2
strict_20,53,mv,0.0016338333333333324,0.9999999999999999,1.0,0.2
strict_20,53,ds,0.0012166666666666658,0.9999999999999999,1.0,0.2
strict_20,53,pec,0.0014273471314457172,0.9999999999999999,1.0,0.2
strict_20,54,mv,0.0015946666666666678,0.9999999999999999,1.0,0.2
strict_20,54,ds,0.0013106666666666672,0.9999999999999999,1.0,0.2
strict_20,54,pec,0.0019172201210029877,0.9999999999999999,1.0,0.2
strict_20,55,mv,0.002479333333333332,0.9999999999999999,1.0,0.2
strict_20,55,ds,0.0013649999999999992,0.9999999999999999,1.0,0.2
strict_20,55,pec,0.0020366168935520286,0.9999999999999999,1.0,0.2
strict_20,56,mv,0.0016773333333333336,0.9999999999999999,1.0,0.2
strict_20,56,ds,0.0009010000000000009,0.9999999999999999,1.0,0.2
strict_20,56,pec,0.001591038720638294,0.9999999999999999,1.0,0.2
strict_20,57,mv,0.001931833333333334,0.9999999999999999,1.0,0.2
strict_20,57,ds,0.0013281666666666678,0.9999999999999999,1.0,0.2
strict_20,57,pec,0.0018973385892988295,0.9999999999999999,1.0,0.2
strict_20,58,mv,0.002674666666666664,0.9999999999999999,1.0,0.2
strict_20,58,ds,0.0018260000000000006,0.9999999999999999,1.0,0.2
strict_20,58,pec,0.00273656761996271,0.9999999999999999,1.0,0.2
strict_20,59,mv,0.0021068333333333325,0.9999999999999999,1.0,0.2
strict_20,59,ds,0.001766833333333334,0.9999999999999999,1.0,0.2
strict_20,59,pec,0.002419293719706265,0.9999999999999999,1.0,0.2
strict_20,60,mv,0.0015928333333333352,0.9999999999999999,1.0,0.2
strict_20,60,ds,0.000992166666666667,0.9999999999999999,1.0,0.2
strict_20,60,pec,0.0015234422533434249,0.9999999999999999,1.0,0.2
strict_20,61,mv,0.0025849999999999988,0.9999999999999999,1.0,0.2
strict_20,61,ds,0.0015063333333333341,0.9999999999999999,1.0,0.2
strict_20,61,pec,0.002384609164999755,0.9999999999999999,1.0,0.2
strict_20,62,mv,0.0022141666666666694,0.9999999999999999,1.0,0.2
strict_20,62,ds,0.001584000000000003,0.9999999999999999,1.0,0.2
strict_20,62,pec,0.002514346176960984,0.9999999999999999,1.0,0.2
strict_20,63,mv,0.0016583333333333344,0.9999999999999999,1.0,0.2
strict_20,63,ds,0.0014238333333333345,0.9999999999999999,1.0,0.2
strict_20,63,pec,0.0018836488029358393,0.9999999999999999,1.0,0.2
strict_20,64,mv,0.0016909999999999974,0.9999999999999999,1.0,0.2
strict_20,64,ds,0.001418499999999998,0.9999999999999999,1.0,0.2
strict_20,64,pec,0.0019267803215656115,0.9999999999999999,1.0,0.2
strict_20,65,mv,0.0025856666666666645,0.9999999999999999,1.0,0.2
strict_20,65,ds,0.002266999999999998,0.9999999999999999,1.0,0.2
strict_20,65,pec,0.003113471424244372,0.9999999999999999,1.0,0.2
strict_20,66,mv,0.0010556666666666668,0.9999999999999999,1.0,0.2
strict_20,66,ds,0.000656833333333333,0.9999999999999999,1.0,0.2
strict_20,66,pec,0.0010243758325596758,0.9999999999999999,1.0,0.2
strict_20,67,mv,0.0017656666666666671,0.9999999999999999,1.0,0.2
strict_20,67,ds,0.0015925000000000012,0.9999999999999999,1.0,0.2
strict_20,67,pec,0.002354160011326712,0.9999999999999999,1.0,0.2
strict_20,68,mv,0.0023778333333333316,0.9999999999999999,1.0,0.2
strict_20,68,ds,0.0020765000000000002,0.9999999999999999,1.0,0.2
strict_20,68,pec,0.0027557861789013825,0.9999999999999999,1.0,0.2
strict_20,69,mv,0.002080666666666665,0.9999999999999999,1.0,0.2
strict_20,69,ds,0.0016274999999999998,0.9999999999999999,1.0,0.2
strict_20,69,pec,0.0022542916595934713,0.9999999999999999,1.0,0.2
strict_20,70,mv,0.002062833333333332,0.9999999999999999,1.0,0.2
strict_20,70,ds,0.0016788333333333334,0.9999999999999999,1.0,0.2
strict_20,70,pec,0.00264575731475021,0.9999999999999999,1.0,0.2
strict_20,71,mv,0.002655000000000001,0.9999999999999999,1.0,0.2
strict_20,71,ds,0.0019526666666666668,0.9999999999999999,1.0,0.2
strict_20,71,pec,0.002613211536816342,0.9999999999999999,1.0,0.2
strict_20,72,mv,0.001592000000000002,0.9999999999999999,1.0,0.2
strict_20,72,ds,0.0009231666666666675,0.9999999999999999,1.0,0.2
strict_20,72,pec,0.0013365086336891404,0.9999999999999999,1.0,0.2
strict_20,73,mv,0.0016675000000000006,0.9999999999999999,1.0,0.2
strict_20,73,ds,0.0011433333333333337,0.9999999999999999,1.0,0.2
strict_20,73,pec,0.0017129552319303405,0.9999999999999999,1.0,0.2
strict_20,74,mv,0.0015113333333333322,0.9999999999999999,1.0,0.2
strict_20,74,ds,0.0008378333333333336,0.9999999999999999,1.0,0.2
strict_20,74,pec,0.0016146723359156897,0.9999999999999999,1.0,0.2
strict_20,75,mv,0.0021683333333333324,0.9999999999999999,1.0,0.2
strict_20,75,ds,0.002018999999999999,0.9999999999999999,1.0,0.2
strict_20,75,pec,0.0023485962498964886,0.9999999999999999,1.0,0.2
strict_20,76,mv,0.002135833333333334,0.9999999999999999,1.0,0.2
strict_20,76,ds,0.001424666666666666,0.9999999999999999,1.0,0.2
strict_20,76,pec,0.0019219050615632844,0.9999999999999999,1.0,0.2
strict_20,77,mv,0.002447666666666666,0.9999999999999999,1.0,0.2
strict_20,77,ds,0.0013408333333333325,0.9999999999999999,1.0,0.2
strict_20,77,pec,0.00217658121751947,0.9999999999999999,1.0,0.2
strict_20,78,mv,0.0014528333333333327,0.9999999999999999,1.0,0.2
strict_20,78,ds,0.001321333333333333,0.9999999999999999,1.0,0.2
strict_20,78,pec,0.0022368439635109465,0.9999999999999999,1.0,0.2
strict_20,79,mv,0.002239166666666667,0.9999999999999999,1.0,0.2
strict_20,79,ds,0.0011943333333333328,0.9999999999999999,1.0,0.2
strict_20,79,pec,0.0018135155412527563,0.9999999999999999,1.0,0.2
strict_20,80,mv,0.0021651666666666677,0.9999999999999999,1.0,0.2
strict_20,80,ds,0.0010311666666666668,0.9999999999999999,1.0,0.2
strict_20,80,pec,0.0016822940184579433,0.9999999999999999,1.0,0.2
strict_20,81,mv,0.0024173333333333325,0.9999999999999999,1.0,0.2
strict_20,81,ds,0.0015533333333333321,0.9999999999999999,1.0,0.2
strict_20,81,pec,0.002175691981576681,0.9999999999999999,1.0,0.2
strict_20,82,mv,0.001848333333333333,0.9999999999999999,1.0,0.2
strict_20,82,ds,0.0012676666666666663,0.9999999999999999,1.0,0.2
strict_20,82,pec,0.0019396081975148081,0.9999999999999999,1.0,0.2
strict_20,83,mv,0.0017636666666666669,0.9999999999999999,1.0,0.2
strict_20,83,ds,0.0008363333333333336,0.9999999999999999,1.0,0.2
strict_20,83,pec,0.0012537843360230616,0.9999999999999999,1.0,0.2
strict_20,84,mv,0.0020913333333333335,0.9999999999999999,1.0,0.2
strict_20,84,ds,0.0017083333333333336,0.9999999999999999,1.0,0.2
strict_20,84,pec,0.002220621013257679,0.9999999999999999,1.0,0.2
strict_20,85,mv,0.0020351666666666665,0.9999999999999999,1.0,0.2
strict_20,85,ds,0.001361333333333333,0.9999999999999999,1.0,0.2
strict_20,85,pec,0.0022458268055172317,0.9999999999999999,1.0,0.2
strict_20,86,mv,0.0018685000000000012,0.8666666666666666,0.9333333333333333,0.2
strict_20,86,ds,0.0013391666666666658,0.8666666666666666,0.9333333333333333,0.2
strict_20,86,pec,0.0021209290450142034,0.8666666666666666,0.9333333333333333,0.2
strict_20,87,mv,0.002172999999999999,0.8666666666666666,0.9333333333333333,0.2
strict_20,87,ds,0.0010128333333333326,0.9999999999999999,1.0,0.2
strict_20,87,pec,0.0016731808880481858,0.9999999999999999,1.0,0.2
strict_20,88,mv,0.001843666666666667,0.9999999999999999,1.0,0.2
strict_20,88,ds,0.0007748333333333336,0.9999999999999999,1.0,0.2
strict_20,88,pec,0.0014488968632832453,0.9999999999999999,1.0,0.2
strict_20,89,mv,0.0020715,0.9999999999999999,1.0,0.2
strict_20,89,ds,0.0016788333333333332,0.9999999999999999,1.0,0.2
strict_20,89,pec,0.0021511726344141864,0.9999999999999999,1.0,0.2
strict_20,90,mv,0.0017341666666666675,0.9999999999999999,1.0,0.2
strict_20,90,ds,0.001218333333333335,0.9999999999999999,1.0,0.2
strict_20,90,pec,0.0018868564929595839,0.9999999999999999,1.0,0.2
strict_20,91,mv,0.0016131666666666653,0.9999999999999999,1.0,0.2
strict_20,91,ds,0.0017268333333333322,0.9999999999999999,1.0,0.2
strict_20,91,pec,0.002572664975632969,0.9999999999999999,1.0,0.2
strict_20,92,mv,0.0019591666666666646,0.9999999999999999,1.0,0.2
strict_20,92,ds,0.0016469999999999974,0.9999999999999999,1.0,0.2
strict_20,92,pec,0.0022205612584143687,0.9999999999999999,1.0,0.2
strict_20,93,mv,0.002438333333333334,0.9999999999999999,1.0,0.2
strict_20,93,ds,0.0013611666666666679,0.9999999999999999,1.0,0.2
strict_20,93,pec,0.0021700678346343563,0.9999999999999999,1.0,0.2
strict_20,94,mv,0.0024598333333333325,0.9999999999999999,1.0,0.2
strict_20,94,ds,0.0014239999999999984,0.9999999999999999,1.0,0.2
strict_20,94,pec,0.0021017030302782932,0.9999999999999999,1.0,0.2
strict_20,95,mv,0.0019438333333333339,0.9999999999999999,1.0,0.2
strict_20,95,ds,0.0008455000000000007,0.9999999999999999,1.0,0.2
strict_20,95,pec,0.0012880403768279762,0.9999999999999999,1.0,0.2
strict_20,96,mv,0.0025576666666666656,0.9999999999999999,1.0,0.2
strict_20,96,ds,0.0013419999999999997,0.9999999999999999,1.0,0.2
strict_20,96,pec,0.002209463327883989,0.9999999999999999,1.0,0.2
strict_20,97,mv,0.0026104999999999995,0.9999999999999999,1.0,0.2
strict_20,97,ds,0.0019353333333333338,0.9999999999999999,1.0,0.2
strict_20,97,pec,0.002842642854590587,0.9999999999999999,1.0,0.2
strict_20,98,mv,0.0022031666666666675,0.9999999999999999,1.0,0.2
strict_20,98,ds,0.0016325000000000003,0.9999999999999999,1.0,0.2
strict_20,98,pec,0.0023454044937335585,0.9999999999999999,1.0,0.2
strict_20,99,mv,0.0027178333333333343,0.9999999999999999,1.0,0.2
strict_20,99,ds,0.0019026666666666682,0.9999999999999999,1.0,0.2
strict_20,99,pec,0.002267477730098168,0.9999999999999999,1.0,0.2
strict_30,0,mv,0.0027198333333333324,0.9999999999999999,1.0,0.3
strict_30,0,ds,0.001502666666666667,0.9999999999999999,1.0,0.3
strict_30,0,pec,0.0024290250508798247,0.9999999999999999,1.0,0.3
strict_30,1,mv,0.0040758333333333315,0.9999999999999999,1.0,0.3
strict_30,1,ds,0.002506666666666665,0.9999999999999999,1.0,0.3
strict_30,1,pec,0.0035328767357117583,0.9999999999999999,1.0,0.3
strict_30,2,mv,0.0027473333333333343,0.9999999999999999,1.0,0.3
strict_30,2,ds,0.0011439999999999998,0.9999999999999999,1.0,0.3
strict_30,2,pec,0.001873692295522174,0.9999999999999999,1.0,0.3
strict_30,3,mv,0.002609333333333331,0.9999999999999999,1.0,0.3
strict_30,3,ds,0.001593333333333333,0.9999999999999999,1.0,0.3
strict_30,3,pec,0.002457610771654897,0.9999999999999999,1.0,0.3
strict_30,4,mv,0.0036853333333333334,0.9999999999999999,1.0,0.3
strict_30,4,ds,0.0020558333333333344,0.9999999999999999,1.0,0.3
strict_30,4,pec,0.003291295262250095,0.9999999999999999,1.0,0.3
strict_30,5,mv,0.0020964999999999994,0.9999999999999999,1.0,0.3
strict_30,5,ds,0.001226,0.9999999999999999,1.0,0.3
strict_30,5,pec,0.0021439858949074374,0.9999999999999999,1.0,0.3
strict_30,6,mv,0.002725666666666666,0.9999999999999999,1.0,0.3
strict_30,6,ds,0.0017238333333333342,0.9999999999999999,1.0,0.3
strict_30,6,pec,0.0027545837625812496,0.9999999999999999,1.0,0.3
strict_30,7,mv,0.0018860000000000016,0.9999999999999999,1.0,0.3
strict_30,7,ds,0.000649666666666667,0.9999999999999999,1.0,0.3
strict_30,7,pec,0.0010947516368749043,0.9999999999999999,1.0,0.3
strict_30,8,mv,0.0026678333333333324,0.9999999999999999,1.0,0.3
strict_30,8,ds,0.0017011666666666677,0.9999999999999999,1.0,0.3
strict_30,8,pec,0.0027337463340604603,0.9999999999999999,1.0,0.3
strict_30,9,mv,0.002502500000000001,0.9999999999999999,1.0,0.3
strict_30,9,ds,0.0014660000000000022,0.9999999999999999,1.0,0.3
strict_30,9,pec,0.0023532278279645813,0.9999999999999999,1.0,0.3
strict_30,10,mv,0.0027928333333333308,0.9999999999999999,1.0,0.3
strict_30,10,ds,0.002651499999999999,0.9999999999999999,1.0,0.3
strict_30,10,pec,0.0033748976145251165,0.9999999999999999,1.0,0.3
strict_30,11,mv,0.0028391666666666635,0.9999999999999999,1.0,0.3
strict_30,11,ds,0.0014324999999999974,0.9999999999999999,1.0,0.3
strict_30,11,pec,0.0022043540394681093,0.9999999999999999,1.0,0.3
strict_30,12,mv,0.0028023333333333325,0.9999999999999999,1.0,0.3
strict_30,12,ds,0.0010861666666666667,0.9999999999999999,1.0,0.3
strict_30,12,pec,0.0021156270856340564,0.9999999999999999,1.0,0.3
strict_30,13,mv,0.0026099999999999977,0.9999999999999999,1.0,0.3
strict_30,13,ds,0.0014313333333333329,0.9999999999999999,1.0,0.3
strict_30,13,pec,0.002302204671515233,0.9999999999999999,1.0,0.3
strict_30,14,mv,0.002299333333333331,0.9999999999999999,1.0,0.3
strict_30,14,ds,0.0012838333333333328,0.9999999999999999,1.0,0.3
strict_30,14,pec,0.002152228207924664,0.9999999999999999,1.0,0.3
strict_30,15,mv,0.002745833333333335,0.9999999999999999,1.0,0.3
strict_30,15,ds,0.001619833333333334,0.9999999999999999,1.0,0.3
strict_30,15,pec,0.002247806321937947,0.9999999999999999,1.0,0.3
strict_30,16,mv,0.002407999999999999,0.9999999999999999,1.0,0.3
strict_30,16,ds,0.0014903333333333316,0.9999999999999999,1.0,0.3
strict_30,16,pec,0.0024450319730487226,0.9999999999999999,1.0,0.3
strict_30,17,mv,0.0026544999999999984,0.9999999999999999,1.0,0.3
strict_30,17,ds,0.0009145000000000007,0.9999999999999999,1.0,0.3
strict_30,17,pec,0.0015377303471339383,0.9999999999999999,1.0,0.3
strict_30,18,mv,0.0024249999999999983,0.9999999999999999,1.0,0.3
strict_30,18,ds,0.0012618333333333336,0.9999999999999999,1.0,0.3
strict_30,18,pec,0.002033708544430239,0.9999999999999999,1.0,0.3
strict_30,19,mv,0.0029006666666666625,0.9999999999999999,1.0,0.3
strict_30,19,ds,0.0018334999999999992,0.9999999999999999,1.0,0.3
strict_30,19,pec,0.0028064308455114963,0.9999999999999999,1.0,0.3
strict_30,20,mv,0.0025779999999999983,0.9999999999999999,1.0,0.3
strict_30,20,ds,0.0012776666666666663,0.9999999999999999,1.0,0.3
strict_30,20,pec,0.0014986563310836738,0.9999999999999999,1.0,0.3
strict_30,21,mv,0.0018331666666666668,0.9999999999999999,1.0,0.3
strict_30,21,ds,0.0008271666666666678,0.9999999999999999,1.0,0.3
strict_30,21,pec,0.0012829264451165972,0.9999999999999999,1.0,0.3
strict_30,22,mv,0.0021508333333333323,0.9999999999999999,1.0,0.3
strict_30,22,ds,0.0009625000000000001,0.9999999999999999,1.0,0.3
strict_30,22,pec,0.0018601169342252176,0.9999999999999999,1.0,0.3
strict_30,23,mv,0.002566166666666665,0.9999999999999999,1.0,0.3
strict_30,23,ds,0.0013020000000000006,0.9999999999999999,1.0,0.3
strict_30,23,pec,0.002189326321627647,0.9999999999999999,1.0,0.3
strict_30,24,mv,0.0021945000000000003,0.9999999999999999,1.0,0.3
strict_30,24,ds,0.0013104999999999992,0.9999999999999999,1.0,0.3
strict_30,24,pec,0.001964676371319344,0.9999999999999999,1.0,0.3
strict_30,25,mv,0.00335583333333333,0.8666666666666666,0.9333333333333333,0.3
strict_30,25,ds,0.0017886666666666648,0.9999999999999999,1.0,0.3
strict_30,25,pec,0.0028456248639827596,0.9999999999999999,1.0,0.3
strict_30,26,mv,0.0027113333333333343,0.9999999999999999,1.0,0.3
strict_30,26,ds,0.0016398333333333336,0.9999999999999999,1.0,0.3
strict_30,26,pec,0.0022752246344259525,0.9999999999999999,1.0,0.3
strict_30,27,mv,0.002389500000000001,0.9999999999999999,1.0,0.3
strict_30,27,ds,0.002129166666666667,0.9999999999999999,1.0,0.3
strict_30,27,pec,0.0030883829554228786,0.9999999999999999,1.0,0.3
strict_30,28,mv,0.002353333333333332,0.9999999999999999,1.0,0.3
strict_30,28,ds,0.0017204999999999992,0.9999999999999999,1.0,0.3
strict_30,28,pec,0.0022212891402813998,0.9999999999999999,1.0,0.3
strict_30,29,mv,0.0015678333333333354,0.9999999999999999,1.0,0.3
strict_30,29,ds,0.001183166666666668,0.9999999999999999,1.0,0.3
strict_30,29,pec,0.0020216568127937457,0.9999999999999999,1.0,0.3
strict_30,30,mv,0.003106000000000001,0.8666666666666666,0.9333333333333333,0.3
strict_30,30,ds,0.001594500000000003,0.8666666666666666,0.9333333333333333,0.3
strict_30,30,pec,0.0025791430536418612,0.8666666666666666,0.9333333333333333,0.3
strict_30,31,mv,0.002638333333333333,0.9999999999999999,1.0,0.3
strict_30,31,ds,0.0016228333333333338,0.9999999999999999,1.0,0.3
strict_30,31,pec,0.002495542117030562,0.9999999999999999,1.0,0.3
strict_30,32,mv,0.0019904999999999996,0.9999999999999999,1.0,0.3
strict_30,32,ds,0.0015718333333333324,0.9999999999999999,1.0,0.3
strict_30,32,pec,0.002176841532095787,0.9999999999999999,1.0,0.3
strict_30,33,mv,0.0029231666666666646,0.9999999999999999,1.0,0.3
strict_30,33,ds,0.0019166666666666644,0.9999999999999999,1.0,0.3
strict_30,33,pec,0.002814068948208643,0.9999999999999999,1.0,0.3
strict_30,34,mv,0.0032049999999999978,0.9999999999999999,1.0,0.3
strict_30,34,ds,0.001652333333333333,0.9999999999999999,1.0,0.3
strict_30,34,pec,0.0025213281621740877,0.9999999999999999,1.0,0.3
strict_30,35,mv,0.002111999999999998,0.9999999999999999,1.0,0.3
strict_30,35,ds,0.0014694999999999984,0.9999999999999999,1.0,0.3
strict_30,35,pec,0.002271541889397937,0.9999999999999999,1.0,0.3
strict_30,36,mv,0.0029843333333333315,0.9999999999999999,1.0,0.3
strict_30,36,ds,0.001588166666666666,0.9999999999999999,1.0,0.3
strict_30,36,pec,0.002457059453377091,0.9999999999999999,1.0,0.3
strict_30,37,mv,0.0024393333333333315,0.9999999999999999,1.0,0.3
strict_30,37,ds,0.0015795000000000013,0.9999999999999999,1.0,0.3
strict_30,37,pec,0.002438374671897521,0.9999999999999999,1.0,0.3
strict_30,38,mv,0.002672499999999998,0.9999999999999999,1.0,0.3
strict_30,38,ds,0.001667166666666666,0.9999999999999999,1.0,0.3
strict_30,38,pec,0.002298055954641993,0.9999999999999999,1.0,0.3
strict_30,39,mv,0.0019638333333333335,0.9999999999999999,1.0,0.3
strict_30,39,ds,0.0009991666666666664,0.9999999999999999,1.0,0.3
strict_30,39,pec,0.0020415409566112174,0.9999999999999999,1.0,0.3
strict_30,40,mv,0.0017986666666666691,0.9999999999999999,1.0,0.3
strict_30,40,ds,0.0011470000000000015,0.9999999999999999,1.0,0.3
strict_30,40,pec,0.001719425697704803,0.9999999999999999,1.0,0.3
strict_30,41,mv,0.0031106666666666683,0.9999999999999999,1.0,0.3
strict_30,41,ds,0.0022798333333333347,0.9999999999999999,1.0,0.3
strict_30,41,pec,0.0035621191798109486,0.9999999999999999,1.0,0.3
strict_30,42,mv,0.002596999999999999,0.9999999999999999,1.0,0.3
strict_30,42,ds,0.001669833333333334,0.9999999999999999,1.0,0.3
strict_30,42,pec,0.002617661662420393,0.9999999999999999,1.0,0.3
strict_30,43,mv,0.002598499999999998,0.9999999999999999,1.0,0.3
strict_30,43,ds,0.0014318333333333327,0.9999999999999999,1.0,0.3
strict_30,43,pec,0.002258898876896487,0.9999999999999999,1.0,0.3
strict_30,44,mv,0.00215016666666667,0.9999999999999999,1.0,0.3
strict_30,44,ds,0.0008616666666666678,0.9999999999999999,1.0,0.3
strict_30,44,pec,0.0017665892422837036,0.9999999999999999,1.0,0.3
strict_30,45,mv,0.002533500000000003,0.9999999999999999,1.0,0.3
strict_30,45,ds,0.0010880000000000009,0.9999999999999999,1.0,0.3
strict_30,45,pec,0.0016166544655706588,0.9999999999999999,1.0,0.3
strict_30,46,mv,0.0016998333333333338,0.9999999999999999,1.0,0.3
strict_30,46,ds,0.0009951666666666674,0.9999999999999999,1.0,0.3
strict_30,46,pec,0.0015357718330460443,0.9999999999999999,1.0,0.3
strict_30,47,mv,0.003480499999999998,0.9999999999999999,1.0,0.3
strict_30,47,ds,0.002405833333333332,0.9999999999999999,1.0,0.3
strict_30,47,pec,0.0033825769082180793,0.9999999999999999,1.0,0.3
strict_30,48,mv,0.0022481666666666652,0.8666666666666666,0.9333333333333333,0.3
strict_30,48,ds,0.0010821666666666666,0.9999999999999999,1.0,0.3
strict_30,48,pec,0.001959305339363003,0.9999999999999999,1.0,0.3
strict_30,49,mv,0.0021663333333333356,0.9999999999999999,1.0,0.3
strict_30,49,ds,0.0009881666666666674,0.9999999999999999,1.0,0.3
strict_30,49,pec,0.0017542948223808967,0.9999999999999999,1.0,0.3
strict_30,50,mv,0.0019233333333333335,0.9999999999999999,1.0,0.3
strict_30,50,ds,0.001439500000000001,0.9999999999999999,1.0,0.3
strict_30,50,pec,0.0022261050671556503,0.9999999999999999,1.0,0.3
strict_30,51,mv,0.0022429999999999998,0.9999999999999999,1.0,0.3
strict_30,51,ds,0.001637666666666666,0.9999999999999999,1.0,0.3
strict_30,51,pec,0.0022533519038811112,0.9999999999999999,1.0,0.3
strict_30,52,mv,0.0019818333333333315,0.9999999999999999,1.0,0.3
strict_30,52,ds,0.000986333333333335,0.9999999999999999,1.0,0.3
strict_30,52,pec,0.001983539781246765,0.9999999999999999,1.0,0.3
strict_30,53,mv,0.00218333333333333,0.9999999999999999,1.0,0.3
strict_30,53,ds,0.001621333333333333,0.9999999999999999,1.0,0.3
strict_30,53,pec,0.001723531166561933,0.9999999999999999,1.0,0.3
strict_30,54,mv,0.002214333333333333,0.9999999999999999,1.0,0.3
strict_30,54,ds,0.001225166666666667,0.9999999999999999,1.0,0.3
strict_30,54,pec,0.0019723412928670616,0.9999999999999999,1.0,0.3
strict_30,55,mv,0.002866166666666664,0.9999999999999999,1.0,0.3
strict_30,55,ds,0.0016926666666666659,0.9999999999999999,1.0,0.3
strict_30,55,pec,0.0023500066128377558,0.9999999999999999,1.0,0.3
strict_30,56,mv,0.002109333333333334,0.9999999999999999,1.0,0.3
strict_30,56,ds,0.0008111666666666674,0.9999999999999999,1.0,0.3
strict_30,56,pec,0.0016518355975938426,0.9999999999999999,1.0,0.3
strict_30,57,mv,0.002334500000000001,0.9999999999999999,1.0,0.3
strict_30,57,ds,0.0013628333333333348,0.9999999999999999,1.0,0.3
strict_30,57,pec,0.0019849247467756187,0.9999999999999999,1.0,0.3
strict_30,58,mv,0.0032811666666666653,0.9999999999999999,1.0,0.3
strict_30,58,ds,0.0021858333333333343,0.9999999999999999,1.0,0.3
strict_30,58,pec,0.0031300045340044726,0.9999999999999999,1.0,0.3
strict_30,59,mv,0.0029154999999999975,0.9999999999999999,1.0,0.3
strict_30,59,ds,0.001841833333333334,0.9999999999999999,1.0,0.3
strict_30,59,pec,0.002557552045587564,0.9999999999999999,1.0,0.3
strict_30,60,mv,0.002006166666666666,0.9999999999999999,1.0,0.3
strict_30,60,ds,0.000961833333333334,0.9999999999999999,1.0,0.3
strict_30,60,pec,0.0014582670508918774,0.9999999999999999,1.0,0.3
strict_30,61,mv,0.002970166666666665,0.9999999999999999,1.0,0.3
strict_30,61,ds,0.0017708333333333343,0.9999999999999999,1.0,0.3
strict_30,61,pec,0.002425198539718939,0.9999999999999999,1.0,0.3
strict_30,62,mv,0.0031720000000000047,0.9999999999999999,1.0,0.3
strict_30,62,ds,0.002130166666666669,0.9999999999999999,1.0,0.3
strict_30,62,pec,0.002952283583160683,0.9999999999999999,1.0,0.3
strict_30,63,mv,0.0021624999999999986,0.9999999999999999,1.0,0.3
strict_30,63,ds,0.0014300000000000014,0.9999999999999999,1.0,0.3
strict_30,63,pec,0.0019993139735660216,0.9999999999999999,1.0,0.3
strict_30,64,mv,0.001990666666666665,0.9999999999999999,1.0,0.3
strict_30,64,ds,0.0013926666666666662,0.9999999999999999,1.0,0.3
strict_30,64,pec,0.0016849867214090953,0.9999999999999999,1.0,0.3
strict_30,65,mv,0.0029324999999999976,0.9999999999999999,1.0,0.3
strict_30,65,ds,0.002114833333333332,0.9999999999999999,1.0,0.3
strict_30,65,pec,0.003269169286509211,0.9999999999999999,1.0,0.3
strict_30,66,mv,0.001321000000000001,0.9999999999999999,1.0,0.3
strict_30,66,ds,0.0008279999999999997,0.9999999999999999,1.0,0.3
strict_30,66,pec,0.0012750348525313315,0.9999999999999999,1.0,0.3
strict_30,67,mv,0.0026336666666666696,0.9999999999999999,1.0,0.3
strict_30,67,ds,0.0017255000000000011,0.9999999999999999,1.0,0.3
strict_30,67,pec,0.002714040899586602,0.9999999999999999,1.0,0.3
strict_30,68,mv,0.002881166666666665,0.9999999999999999,1.0,0.3
strict_30,68,ds,0.0024241666666666687,0.9999999999999999,1.0,0.3
strict_30,68,pec,0.0033922213280544737,0.9999999999999999,1.0,0.3
strict_30,69,mv,0.0022800000000000003,0.9999999999999999,1.0,0.3
strict_30,69,ds,0.0015764999999999998,0.9999999999999999,1.0,0.3
strict_30,69,pec,0.002421798328087679,0.9999999999999999,1.0,0.3
strict_30,70,mv,0.0026220000000000006,0.9999999999999999,1.0,0.3
strict_30,70,ds,0.002011833333333334,0.9999999999999999,1.0,0.3
strict_30,70,pec,0.0032039993318181224,0.9999999999999999,1.0,0.3
strict_30,71,mv,0.002951166666666668,0.9999999999999999,1.0,0.3
strict_30,71,ds,0.0018831666666666667,0.9999999999999999,1.0,0.3
strict_30,71,pec,0.0027925203589655666,0.9999999999999999,1.0,0.3
strict_30,72,mv,0.002243833333333333,0.8666666666666666,0.9333333333333333,0.3
strict_30,72,ds,0.0010891666666666678,0.9999999999999999,1.0,0.3
strict_30,72,pec,0.0015283255215993031,0.9999999999999999,1.0,0.3
strict_30,73,mv,0.002310833333333332,0.9999999999999999,1.0,0.3
strict_30,73,ds,0.0013863333333333338,0.9999999999999999,1.0,0.3
strict_30,73,pec,0.002066305599032621,0.9999999999999999,1.0,0.3
strict_30,74,mv,0.002194666666666666,0.9999999999999999,1.0,0.3
strict_30,74,ds,0.0011378333333333316,0.9999999999999999,1.0,0.3
strict_30,74,pec,0.0018303668278200043,0.9999999999999999,1.0,0.3
strict_30,75,mv,0.0028286666666666634,0.9999999999999999,1.0,0.3
strict_30,75,ds,0.002027666666666666,0.9999999999999999,1.0,0.3
strict_30,75,pec,0.0026132938658341,0.9999999999999999,1.0,0.3
strict_30,76,mv,0.002495333333333334,0.9999999999999999,1.0,0.3
strict_30,76,ds,0.001483,0.9999999999999999,1.0,0.3
strict_30,76,pec,0.0020677438555244472,0.9999999999999999,1.0,0.3
strict_30,77,mv,0.002531666666666667,0.9999999999999999,1.0,0.3
strict_30,77,ds,0.0014193333333333326,0.9999999999999999,1.0,0.3
strict_30,77,pec,0.0023832197090075577,0.9999999999999999,1.0,0.3
strict_30,78,mv,0.0018728333333333333,0.9999999999999999,1.0,0.3
strict_30,78,ds,0.0019379999999999988,0.9999999999999999,1.0,0.3
strict_30,78,pec,0.002839706156414818,0.9999999999999999,1.0,0.3
strict_30,79,mv,0.002704833333333332,0.9999999999999999,1.0,0.3
strict_30,79,ds,0.0013194999999999995,0.9999999999999999,1.0,0.3
strict_30,79,pec,0.0020710102646656014,0.9999999999999999,1.0,0.3
strict_30,80,mv,0.002435000000000001,0.9999999999999999,1.0,0.3
strict_30,80,ds,0.0008788333333333338,0.9999999999999999,1.0,0.3
strict_30,80,pec,0.0016421427343924983,0.9999999999999999,1.0,0.3
strict_30,81,mv,0.0028871666666666646,0.9999999999999999,1.0,0.3
strict_30,81,ds,0.0017609999999999987,0.9999999999999999,1.0,0.3
strict_30,81,pec,0.002241858621376138,0.9999999999999999,1.0,0.3
strict_30,82,mv,0.0025516666666666643,0.9999999999999999,1.0,0.3
strict_30,82,ds,0.0011956666666666665,0.9999999999999999,1.0,0.3
strict_30,82,pec,0.0021058245997376294,0.9999999999999999,1.0,0.3
strict_30,83,mv,0.002395999999999998,0.9999999999999999,1.0,0.3
strict_30,83,ds,0.0008563333333333335,0.9999999999999999,1.0,0.3
strict_30,83,pec,0.0013578172955941749,0.9999999999999999,1.0,0.3
strict_30,84,mv,0.0023411666666666663,0.9999999999999999,1.0,0.3
strict_30,84,ds,0.0017868333333333336,0.9999999999999999,1.0,0.3
strict_30,84,pec,0.0024877032181414675,0.9999999999999999,1.0,0.3
strict_30,85,mv,0.0024308333333333335,0.9999999999999999,1.0,0.3
strict_30,85,ds,0.001484833333333333,0.9999999999999999,1.0,0.3
strict_30,85,pec,0.0023588818044855482,0.9999999999999999,1.0,0.3
strict_30,86,mv,0.002495999999999998,0.8666666666666666,0.9333333333333333,0.3
strict_30,86,ds,0.001474499999999999,0.8666666666666666,0.9333333333333333,0.3
strict_30,86,pec,0.0022531033941365123,0.8666666666666666,0.9333333333333333,0.3
strict_30,87,mv,0.002704166666666665,0.9999999999999999,1.0,0.3
strict_30,87,ds,0.0012726666666666652,0.9999999999999999,1.0,0.3
strict_30,87,pec,0.0019466469200435023,0.9999999999999999,1.0,0.3
strict_30,88,mv,0.002222000000000001,0.9999999999999999,1.0,0.3
strict_30,88,ds,0.0010056666666666662,0.9999999999999999,1.0,0.3
strict_30,88,pec,0.0017910552950164075,0.9999999999999999,1.0,0.3
strict_30,89,mv,0.002320333333333332,0.9999999999999999,1.0,0.3
strict_30,89,ds,0.002379666666666667,0.9999999999999999,1.0,0.3
strict_30,89,pec,0.00258892009092285,0.9999999999999999,1.0,0.3
strict_30,90,mv,0.001855666666666668,0.9999999999999999,1.0,0.3
strict_30,90,ds,0.001193500000000002,0.9999999999999999,1.0,0.3
strict_30,90,pec,0.002149470164313538,0.9999999999999999,1.0,0.3
strict_30,91,mv,0.002020333333333331,0.9999999999999999,1.0,0.3
strict_30,91,ds,0.001946999999999999,0.9999999999999999,1.0,0.3
strict_30,91,pec,0.00287535155158891,0.9999999999999999,1.0,0.3
strict_30,92,mv,0.002234499999999998,0.9999999999999999,1.0,0.3
strict_30,92,ds,0.001555833333333331,0.9999999999999999,1.0,0.3
strict_30,92,pec,0.002292935701960741,0.9999999999999999,1.0,0.3
strict_30,93,mv,0.0028683333333333343,0.9999999999999999,1.0,0.3
strict_30,93,ds,0.001574000000000001,0.9999999999999999,1.0,0.3
strict_30,93,pec,0.0024879648631655326,0.9999999999999999,1.0,0.3
strict_30,94,mv,0.003184666666666664,0.9999999999999999,1.0,0.3
strict_30,94,ds,0.0012924999999999996,0.9999999999999999,1.0,0.3
strict_30,94,pec,0.002243334124822698,0.9999999999999999,1.0,0.3
strict_30,95,mv,0.0025394999999999984,0.9999999999999999,1.0,0.3
strict_30,95,ds,0.0008908333333333339,0.9999999999999999,1.0,0.3
strict_30,95,pec,0.0014040576378732135,0.9999999999999999,1.0,0.3
strict_30,96,mv,0.0032456666666666654,0.9999999999999999,1.0,0.3
strict_30,96,ds,0.0017793333333333335,0.9999999999999999,1.0,0.3
strict_30,96,pec,0.0026576933306029274,0.9999999999999999,1.0,0.3
strict_30,97,mv,0.0032869999999999983,0.9999999999999999,1.0,0.3
strict_30,97,ds,0.0018446666666666665,0.9999999999999999,1.0,0.3
strict_30,97,pec,0.002870491663780464,0.9999999999999999,1.0,0.3
strict_30,98,mv,0.002861166666666666,0.9999999999999999,1.0,0.3
strict_30,98,ds,0.0016378333333333338,0.9999999999999999,1.0,0.3
strict_30,98,pec,0.002550017207162735,0.9999999999999999,1.0,0.3
strict_30,99,mv,0.0031301666666666665,0.9999999999999999,1.0,0.3
strict_30,99,ds,0.0018326666666666684,0.9999999999999999,1.0,0.3
strict_30,99,pec,0.002608838960604744,0.9999999999999999,1.0,0.3
strict_40,0,mv,0.00440933333333333,0.9999999999999999,1.0,0.4
strict_40,0,ds,0.001542666666666667,0.9999999999999999,1.0,0.4
strict_40,0,pec,0.0026806127984448595,0.9999999999999999,1.0,0.4
strict_40,1,mv,0.005087333333333332,0.9999999999999999,1.0,0.4
strict_40,1,ds,0.0028394999999999996,0.9999999999999999,1.0,0.4
strict_40,1,pec,0.003657314768881658,0.9999999999999999,1.0,0.4
strict_40,2,mv,0.0037948333333333337,0.9999999999999999,1.0,0.4
strict_40,2,ds,0.0011795,0.9999999999999999,1.0,0.4
strict_40,2,pec,0.002124553153044229,0.9999999999999999,1.0,0.4
strict_40,3,mv,0.0036646666666666655,0.9999999999999999,1.0,0.4
strict_40,3,ds,0.0017068333333333334,0.9999999999999999,1.0,0.4
strict_40,3,pec,0.002975586697689305,0.9999999999999999,1.0,0.4
strict_40,4,mv,0.005013333333333334,0.9999999999999999,1.0,0.4
strict_40,4,ds,0.0021398333333333347,0.9999999999999999,1.0,0.4
strict_40,4,pec,0.0037212740964835712,0.9999999999999999,1.0,0.4
strict_40,5,mv,0.0036448333333333346,0.9999999999999999,1.0,0.4
strict_40,5,ds,0.0014025000000000003,0.9999999999999999,1.0,0.4
strict_40,5,pec,0.0023140058631138907,0.9999999999999999,1.0,0.4
strict_40,6,mv,0.0038119999999999994,0.9999999999999999,1.0,0.4
strict_40,6,ds,0.001972499999999999,0.9999999999999999,1.0,0.4
strict_40,6,pec,0.003119382625232149,0.9999999999999999,1.0,0.4
strict_40,7,mv,0.002479833333333332,0.9999999999999999,1.0,0.4
strict_40,7,ds,0.0006138333333333335,0.9999999999999999,1.0,0.4
strict_40,7,pec,0.0011110625776803312,0.9999999999999999,1.0,0.4
strict_40,8,mv,0.003971166666666666,0.9999999999999999,1.0,0.4
strict_40,8,ds,0.0015600000000000006,0.9999999999999999,1.0,0.4
strict_40,8,pec,0.0026804786012450603,0.9999999999999999,1.0,0.4
strict_40,9,mv,0.003541333333333331,0.9999999999999999,1.0,0.4
strict_40,9,ds,0.0016411666666666682,0.9999999999999999,1.0,0.4
strict_40,9,pec,0.002665079203873161,0.9999999999999999,1.0,0.4
strict_40,10,mv,0.0041459999999999995,0.9999999999999999,1.0,0.4
strict_40,10,ds,0.002680833333333332,0.9999999999999999,1.0,0.4
strict_40,10,pec,0.003613046815664784,0.9999999999999999,1.0,0.4
strict_40,11,mv,0.0037989999999999986,0.9999999999999999,1.0,0.4
strict_40,11,ds,0.001963666666666663,0.9999999999999999,1.0,0.4
strict_40,11,pec,0.0027521745933040184,0.9999999999999999,1.0,0.4
strict_40,12,mv,0.004191500000000002,0.9999999999999999,1.0,0.4
strict_40,12,ds,0.0020184999999999995,0.9999999999999999,1.0,0.4
strict_40,12,pec,0.002707075522574772,0.9999999999999999,1.0,0.4
strict_40,13,mv,0.0034378333333333322,0.9999999999999999,1.0,0.4
strict_40,13,ds,0.0017511666666666665,0.9999999999999999,1.0,0.4
strict_40,13,pec,0.002558424630292776,0.9999999999999999,1.0,0.4
strict_40,14,mv,0.0036936666666666632,0.9999999999999999,1.0,0.4
strict_40,14,ds,0.0011633333333333328,0.9999999999999999,1.0,0.4
strict_40,14,pec,0.002368192020321907,0.9999999999999999,1.0,0.4
strict_40,15,mv,0.0038210000000000045,0.9999999999999999,1.0,0.4
strict_40,15,ds,0.0018548333333333344,0.9999999999999999,1.0,0.4
strict_40,15,pec,0.0026176037519857255,0.9999999999999999,1.0,0.4
strict_40,16,mv,0.0031399999999999965,0.9999999999999999,1.0,0.4
strict_40,16,ds,0.0017209999999999986,0.9999999999999999,1.0,0.4
strict_40,16,pec,0.0027280309565710435,0.9999999999999999,1.0,0.4
strict_40,17,mv,0.003883999999999997,0.9999999999999999,1.0,0.4
strict_40,17,ds,0.0012391666666666677,0.9999999999999999,1.0,0.4
strict_40,17,pec,0.0019005598681058847,0.9999999999999999,1.0,0.4
strict_40,18,mv,0.0032558333333333315,0.9999999999999999,1.0,0.4
strict_40,18,ds,0.0012991666666666666,0.9999999999999999,1.0,0.4
strict_40,18,pec,0.0023148357056476474,0.9999999999999999,1.0,0.4
strict_40,19,mv,0.00398933333333333,0.9999999999999999,1.0,0.4
strict_40,19,ds,0.002261166666666666,0.9999999999999999,1.0,0.4
strict_40,19,pec,0.0032338046470429364,0.9999999999999999,1.0,0.4
strict_40,20,mv,0.003514499999999997,0.9999999999999999,1.0,0.4
strict_40,20,ds,0.0013938333333333329,0.9999999999999999,1.0,0.4
strict_40,20,pec,0.0017952164863257482,0.9999999999999999,1.0,0.4
strict_40,21,mv,0.002705333333333332,0.9999999999999999,1.0,0.4
strict_40,21,ds,0.0008726666666666679,0.9999999999999999,1.0,0.4
strict_40,21,pec,0.0014107702446499286,0.9999999999999999,1.0,0.4
strict_40,22,mv,0.003349,0.9999999999999999,1.0,0.4
strict_40,22,ds,0.0012250000000000004,0.9999999999999999,1.0,0.4
strict_40,22,pec,0.0020764993124987234,0.9999999999999999,1.0,0.4
strict_40,23,mv,0.004102333333333333,0.9999999999999999,1.0,0.4
strict_40,23,ds,0.0011490000000000003,0.9999999999999999,1.0,0.4
strict_40,23,pec,0.002078608573589532,0.9999999999999999,1.0,0.4
strict_40,24,mv,0.0030718333333333314,0.9999999999999999,1.0,0.4
strict_40,24,ds,0.002286166666666667,0.9999999999999999,1.0,0.4
strict_40,24,pec,0.0027630811152978448,0.9999999999999999,1.0,0.4
strict_40,25,mv,0.004395166666666664,0.9660917830792959,0.9666666666666667,0.4
strict_40,25,ds,0.001938333333333331,0.9660917830792959,0.9666666666666667,0.4
strict_40,25,pec,0.0033974204771239336,0.8666666666666666,0.9333333333333333,0.4
strict_40,26,mv,0.004099666666666664,0.9999999999999999,1.0,0.4
strict_40,26,ds,0.0014406666666666671,0.9999999999999999,1.0,0.4
strict_40,26,pec,0.0024239808843402474,0.9999999999999999,1.0,0.4
strict_40,27,mv,0.004120833333333335,0.9999999999999999,1.0,0.4
strict_40,27,ds,0.002179166666666667,0.9999999999999999,1.0,0.4
strict_40,27,pec,0.003123872160945208,0.9999999999999999,1.0,0.4
strict_40,28,mv,0.003161499999999998,0.9999999999999999,1.0,0.4
strict_40,28,ds,0.0019729999999999995,0.9999999999999999,1.0,0.4
strict_40,28,pec,0.002265858071090783,0.9999999999999999,1.0,0.4
strict_40,29,mv,0.0024430000000000016,0.9999999999999999,1.0,0.4
strict_40,29,ds,0.0011278333333333346,0.9999999999999999,1.0,0.4
strict_40,29,pec,0.001920631949124476,0.9999999999999999,1.0,0.4
strict_40,30,mv,0.004636166666666666,0.8666666666666666,0.9333333333333333,0.4
strict_40,30,ds,0.001991666666666669,0.9999999999999999,1.0,0.4
strict_40,30,pec,0.002950765674902794,0.8666666666666666,0.9333333333333333,0.4
strict_40,31,mv,0.0032906666666666657,0.9999999999999999,1.0,0.4
strict_40,31,ds,0.0025039999999999997,0.9999999999999999,1.0,0.4
strict_40,31,pec,0.0032867091212024024,0.9999999999999999,1.0,0.4
strict_40,32,mv,0.0024558333333333337,0.9999999999999999,1.0,0.4
strict_40,32,ds,0.0017943333333333325,0.9999999999999999,1.0,0.4
strict_40,32,pec,0.002578089692152001,0.9999999999999999,1.0,0.4
strict_40,33,mv,0.004192499999999999,0.9999999999999999,1.0,0.4
strict_40,33,ds,0.0019894999999999978,0.9999999999999999,1.0,0.4
strict_40,33,pec,0.002977889029835684,0.9999999999999999,1.0,0.4
strict_40,34,mv,0.004707666666666665,0.9999999999999999,1.0,0.4
strict_40,34,ds,0.0016434999999999998,0.9999999999999999,1.0,0.4
strict_40,34,pec,0.002501667606395384,0.9999999999999999,1.0,0.4
strict_40,35,mv,0.0032994999999999986,0.9999999999999999,1.0,0.4
strict_40,35,ds,0.0012086666666666671,0.9999999999999999,1.0,0.4
strict_40,35,pec,0.002092021851154434,0.9999999999999999,1.0,0.4
strict_40,36,mv,0.0045369999999999985,0.9999999999999999,1.0,0.4
strict_40,36,ds,0.0020738333333333338,0.9999999999999999,1.0,0.4
strict_40,36,pec,0.0029198241771369107,0.9999999999999999,1.0,0.4
strict_40,37,mv,0.004087333333333331,0.8666666666666666,0.9333333333333333,0.4
strict_40,37,ds,0.002065333333333332,0.8666666666666666,0.9333333333333333,0.4
strict_40,37,pec,0.0028714210438980114,0.9999999999999999,1.0,0.4
strict_40,38,mv,0.004096499999999999,0.9999999999999999,1.0,0.4
strict_40,38,ds,0.0018731666666666677,0.9999999999999999,1.0,0.4
strict_40,38,pec,0.0025335117805989345,0.9999999999999999,1.0,0.4
strict_40,39,mv,0.0030159999999999965,0.9999999999999999,1.0,0.4
strict_40,39,ds,0.0010119999999999997,0.9999999999999999,1.0,0.4
strict_40,39,pec,0.0019915497303090515,0.9999999999999999,1.0,0.4
strict_40,40,mv,0.0025116666666666686,0.9999999999999999,1.0,0.4
strict_40,40,ds,0.0010370000000000012,0.9999999999999999,1.0,0.4
strict_40,40,pec,0.0018725636469780003,0.9999999999999999,1.0,0.4
strict_40,41,mv,0.004169833333333333,0.9999999999999999,1.0,0.4
strict_40,41,ds,0.0023413333333333346,0.9999999999999999,1.0,0.4
strict_40,41,pec,0.0037899107647473783,0.9999999999999999,1.0,0.4
strict_40,42,mv,0.003684499999999999,0.9999999999999999,1.0,0.4
strict_40,42,ds,0.0019698333333333343,0.9999999999999999,1.0,0.4
strict_40,42,pec,0.002953163697633493,0.9999999999999999,1.0,0.4
strict_40,43,mv,0.003968166666666666,0.9999999999999999,1.0,0.4
strict_40,43,ds,0.0015526666666666673,0.9999999999999999,1.0,0.4
strict_40,43,pec,0.002370258077913193,0.9999999999999999,1.0,0.4
strict_40,44,mv,0.003064000000000001,0.9999999999999999,1.0,0.4
strict_40,44,ds,0.000926000000000001,0.9999999999999999,1.0,0.4
strict_40,44,pec,0.001852637678128873,0.9999999999999999,1.0,0.4
strict_40,45,mv,0.003483166666666666,0.9999999999999999,1.0,0.4
strict_40,45,ds,0.000945333333333334,0.9999999999999999,1.0,0.4
strict_40,45,pec,0.001620017004396196,0.9999999999999999,1.0,0.4
strict_40,46,mv,0.002193833333333333,0.9999999999999999,1.0,0.4
strict_40,46,ds,0.0010190000000000006,0.9999999999999999,1.0,0.4
strict_40,46,pec,0.0017900660393575223,0.9999999999999999,1.0,0.4
strict_40,47,mv,0.004891833333333332,0.9999999999999999,1.0,0.4
strict_40,47,ds,0.003210999999999998,0.9999999999999999,1.0,0.4
strict_40,47,pec,0.0042498291505669175,0.9999999999999999,1.0,0.4
strict_40,48,mv,0.003190166666666666,0.8666666666666666,0.9333333333333333,0.4
strict_40,48,ds,0.0012765,0.9999999999999999,1.0,0.4
strict_40,48,pec,0.0022911301478984844,0.9999999999999999,1.0,0.4
strict_40,49,mv,0.003060666666666668,0.9999999999999999,1.0,0.4
strict_40,49,ds,0.0015480000000000014,0.9999999999999999,1.0,0.4
strict_40,49,pec,0.0026009757822475807,0.9999999999999999,1.0,0.4
strict_40,50,mv,0.0026309999999999984,0.9999999999999999,1.0,0.4
strict_40,50,ds,0.0015838333333333347,0.9999999999999999,1.0,0.4
strict_40,50,pec,0.002532999768499426,0.9999999999999999,1.0,0.4
strict_40,51,mv,0.003378833333333332,0.9999999999999999,1.0,0.4
strict_40,51,ds,0.0015931666666666663,0.9999999999999999,1.0,0.4
strict_40,51,pec,0.002710400008602829,0.9999999999999999,1.0,0.4
strict_40,52,mv,0.0030455,0.9999999999999999,1.0,0.4
strict_40,52,ds,0.0010358333333333348,0.9999999999999999,1.0,0.4
strict_40,52,pec,0.002018556108132475,0.9999999999999999,1.0,0.4
strict_40,53,mv,0.003499999999999996,0.9999999999999999,1.0,0.4
strict_40,53,ds,0.0019224999999999982,0.9999999999999999,1.0,0.4
strict_40,53,pec,0.002208854155907646,0.9999999999999999,1.0,0.4
strict_40,54,mv,0.003612166666666664,0.9999999999999999,1.0,0.4
strict_40,54,ds,0.0009891666666666664,0.9999999999999999,1.0,0.4
strict_40,54,pec,0.0017832969819399505,0.9999999999999999,1.0,0.4
strict_40,55,mv,0.00368433333333333,0.9999999999999999,1.0,0.4
strict_40,55,ds,0.0020143333333333337,0.9999999999999999,1.0,0.4
strict_40,55,pec,0.0033352920527683454,0.9999999999999999,1.0,0.4
strict_40,56,mv,0.003175999999999997,0.9999999999999999,1.0,0.4
strict_40,56,ds,0.0008836666666666675,0.9999999999999999,1.0,0.4
strict_40,56,pec,0.0018661407098101903,0.9999999999999999,1.0,0.4
strict_40,57,mv,0.0035268333333333336,0.9999999999999999,1.0,0.4
strict_40,57,ds,0.0017341666666666686,0.9999999999999999,1.0,0.4
strict_40,57,pec,0.0026065375952031896,0.9999999999999999,1.0,0.4
strict_40,58,mv,0.0048951666666666675,0.9999999999999999,1.0,0.4
strict_40,58,ds,0.0022798333333333347,0.9999999999999999,1.0,0.4
strict_40,58,pec,0.003372078360398271,0.9999999999999999,1.0,0.4
strict_40,59,mv,0.0038858333333333336,0.9999999999999999,1.0,0.4
strict_40,59,ds,0.001939333333333334,0.9999999999999999,1.0,0.4
strict_40,59,pec,0.002748403873079772,0.9999999999999999,1.0,0.4
strict_40,60,mv,0.002650833333333331,0.9999999999999999,1.0,0.4
strict_40,60,ds,0.0010676666666666673,0.9999999999999999,1.0,0.4
strict_40,60,pec,0.0016403851629598991,0.9999999999999999,1.0,0.4
strict_40,61,mv,0.0038639999999999963,0.9999999999999999,1.0,0.4
strict_40,61,ds,0.0020113333333333346,0.9999999999999999,1.0,0.4
strict_40,61,pec,0.0027532436243841766,0.9999999999999999,1.0,0.4
strict_40,62,mv,0.003737333333333337,0.9999999999999999,1.0,0.4
strict_40,62,ds,0.001954333333333337,0.9999999999999999,1.0,0.4
strict_40,62,pec,0.0031038668168796614,0.9999999999999999,1.0,0.4
strict_40,63,mv,0.003598499999999997,0.9999999999999999,1.0,0.4
strict_40,63,ds,0.0013903333333333348,0.9999999999999999,1.0,0.4
strict_40,63,pec,0.0020833508367613224,0.9999999999999999,1.0,0.4
strict_40,64,mv,0.003192166666666666,0.9999999999999999,1.0,0.4
strict_40,64,ds,0.0016093333333333333,0.9999999999999999,1.0,0.4
strict_40,64,pec,0.0019398042578174825,0.9999999999999999,1.0,0.4
strict_40,65,mv,0.004065999999999998,0.9999999999999999,1.0,0.4
strict_40,65,ds,0.0021176666666666653,0.9999999999999999,1.0,0.4
strict_40,65,pec,0.003277382711101792,0.9999999999999999,1.0,0.4
strict_40,66,mv,0.002293833333333335,0.9999999999999999,1.0,0.4
strict_40,66,ds,0.0007288333333333331,0.9999999999999999,1.0,0.4
strict_40,66,pec,0.0015058963403584865,0.9999999999999999,1.0,0.4
strict_40,67,mv,0.004058333333333331,0.9999999999999999,1.0,0.4
strict_40,67,ds,0.0017958333333333348,0.9999999999999999,1.0,0.4
strict_40,67,pec,0.0029691848171144917,0.9999999999999999,1.0,0.4
strict_40,68,mv,0.003946333333333333,0.9999999999999999,1.0,0.4
strict_40,68,ds,0.0026156666666666667,0.8666666666666666,0.9333333333333333,0.4
strict_40,68,pec,0.003567574606008329,0.9999999999999999,1.0,0.4
strict_40,69,mv,0.0031446666666666654,0.9999999999999999,1.0,0.4
strict_40,69,ds,0.0016413333333333334,0.9999999999999999,1.0,0.4
strict_40,69,pec,0.002562216633233478,0.9999999999999999,1.0,0.4
strict_40,70,mv,0.003661833333333333,0.9999999999999999,1.0,0.4
strict_40,70,ds,0.0029901666666666653,0.9999999999999999,1.0,0.4
strict_40,70,pec,0.004611613442279689,0.9999999999999999,1.0,0.4
strict_40,71,mv,0.0042243333333333325,0.9999999999999999,1.0,0.4
strict_40,71,ds,0.0020650000000000004,0.9999999999999999,1.0,0.4
strict_40,71,pec,0.0029932844349411735,0.9999999999999999,1.0,0.4
strict_40,72,mv,0.0034739999999999992,0.9999999999999999,1.0,0.4
strict_40,72,ds,0.0012731666666666679,0.9999999999999999,1.0,0.4
strict_40,72,pec,0.0017010180750902358,0.9999999999999999,1.0,0.4
strict_40,73,mv,0.003446666666666666,0.9999999999999999,1.0,0.4
strict_40,73,ds,0.0014005000000000005,0.9999999999999999,1.0,0.4
strict_40,73,pec,0.002344185751273008,0.9999999999999999,1.0,0.4
strict_40,74,mv,0.0038616666666666673,0.9999999999999999,1.0,0.4
strict_40,74,ds,0.0012309999999999982,0.9999999999999999,1.0,0.4
strict_40,74,pec,0.0019962865741641497,0.9999999999999999,1.0,0.4
strict_40,75,mv,0.004056333333333333,0.9999999999999999,1.0,0.4
strict_40,75,ds,0.0019033333333333322,0.9999999999999999,1.0,0.4
strict_40,75,pec,0.0028330238468011206,0.9999999999999999,1.0,0.4
strict_40,76,mv,0.003553833333333331,0.9999999999999999,1.0,0.4
strict_40,76,ds,0.001516833333333333,0.9999999999999999,1.0,0.4
strict_40,76,pec,0.0023466096943334544,0.9999999999999999,1.0,0.4
strict_40,77,mv,0.0034353333333333315,0.9999999999999999,1.0,0.4
strict_40,77,ds,0.002209999999999998,0.9999999999999999,1.0,0.4
strict_40,77,pec,0.0035801276637203888,0.9999999999999999,1.0,0.4
strict_40,78,mv,0.0026996666666666645,0.9999999999999999,1.0,0.4
strict_40,78,ds,0.002070833333333332,0.9999999999999999,1.0,0.4
strict_40,78,pec,0.003086551403257596,0.9999999999999999,1.0,0.4
strict_40,79,mv,0.0034678333333333293,0.9999999999999999,1.0,0.4
strict_40,79,ds,0.0012401666666666657,0.9999999999999999,1.0,0.4
strict_40,79,pec,0.0018443605302518196,0.9999999999999999,1.0,0.4
strict_40,80,mv,0.0037584999999999967,0.9999999999999999,1.0,0.4
strict_40,80,ds,0.001081333333333334,0.9999999999999999,1.0,0.4
strict_40,80,pec,0.0019018324370790724,0.9999999999999999,1.0,0.4
strict_40,81,mv,0.0042683333333333314,0.9999999999999999,1.0,0.4
strict_40,81,ds,0.0019933333333333326,0.9999999999999999,1.0,0.4
strict_40,81,pec,0.0028411094102029914,0.9999999999999999,1.0,0.4
strict_40,82,mv,0.0035961666666666663,0.9999999999999999,1.0,0.4
strict_40,82,ds,0.001239833333333333,0.9999999999999999,1.0,0.4
strict_40,82,pec,0.0022735154813031534,0.9999999999999999,1.0,0.4
strict_40,83,mv,0.0034496666666666664,0.9999999999999999,1.0,0.4
strict_40,83,ds,0.0008296666666666664,0.9999999999999999,1.0,0.4
strict_40,83,pec,0.0017011327421033028,0.9999999999999999,1.0,0.4
strict_40,84,mv,0.0033419999999999995,0.9999999999999999,1.0,0.4
strict_40,84,ds,0.0018556666666666663,0.9999999999999999,1.0,0.4
strict_40,84,pec,0.002845068092747346,0.9999999999999999,1.0,0.4
strict_40,85,mv,0.003537333333333332,0.9999999999999999,1.0,0.4
strict_40,85,ds,0.0016806666666666665,0.9999999999999999,1.0,0.4
strict_40,85,pec,0.0025032713772049245,0.9999999999999999,1.0,0.4
strict_40,86,mv,0.0035471666666666655,0.8666666666666666,0.9333333333333333,0.4
strict_40,86,ds,0.0019189999999999995,0.8666666666666666,0.9333333333333333,0.4
strict_40,86,pec,0.002826553443233265,0.8666666666666666,0.9333333333333333,0.4
strict_40,87,mv,0.004199166666666666,0.9999999999999999,1.0,0.4
strict_40,87,ds,0.0016448333333333323,0.9999999999999999,1.0,0.4
strict_40,87,pec,0.0024924467683313874,0.9999999999999999,1.0,0.4
strict_40,88,mv,0.003189499999999999,0.9999999999999999,1.0,0.4
strict_40,88,ds,0.001191,0.9999999999999999,1.0,0.4
strict_40,88,pec,0.0020637630506342803,0.9999999999999999,1.0,0.4
strict_40,89,mv,0.0032971666666666653,0.9999999999999999,1.0,0.4
strict_40,89,ds,0.0026345,0.9999999999999999,1.0,0.4
strict_40,89,pec,0.0029462300500286234,0.9999999999999999,1.0,0.4
strict_40,90,mv,0.002751333333333336,0.9999999999999999,1.0,0.4
strict_40,90,ds,0.0010428333333333346,0.9999999999999999,1.0,0.4
strict_40,90,pec,0.002306928666285927,0.9999999999999999,1.0,0.4
strict_40,91,mv,0.003069,0.9999999999999999,1.0,0.4
strict_40,91,ds,0.0021363333333333325,0.9999999999999999,1.0,0.4
strict_40,91,pec,0.0030451654010828187,0.9999999999999999,1.0,0.4
strict_40,92,mv,0.003191333333333333,0.9999999999999999,1.0,0.4
strict_40,92,ds,0.002074999999999998,0.9999999999999999,1.0,0.4
strict_40,92,pec,0.0029816608041155442,0.9999999999999999,1.0,0.4
strict_40,93,mv,0.004501166666666663,0.9999999999999999,1.0,0.4
strict_40,93,ds,0.001806666666666668,0.9999999999999999,1.0,0.4
strict_40,93,pec,0.0028141315653311717,0.9999999999999999,1.0,0.4
strict_40,94,mv,0.00425083333333333,0.9999999999999999,1.0,0.4
strict_40,94,ds,0.0015006666666666651,0.9999999999999999,1.0,0.4
strict_40,94,pec,0.0025377949113900584,0.9999999999999999,1.0,0.4
strict_40,95,mv,0.0036544999999999976,0.9999999999999999,1.0,0.4
strict_40,95,ds,0.0007223333333333338,0.9999999999999999,1.0,0.4
strict_40,95,pec,0.001541454686064733,0.9999999999999999,1.0,0.4
strict_40,96,mv,0.0045975,0.9999999999999999,1.0,0.4
strict_40,96,ds,0.0023263333333333343,0.9999999999999999,1.0,0.4
strict_40,96,pec,0.0030404826367747585,0.9999999999999999,1.0,0.4
strict_40,97,mv,0.004167833333333332,0.9999999999999999,1.0,0.4
strict_40,97,ds,0.0020603333333333333,0.9999999999999999,1.0,0.4
strict_40,97,pec,0.0033444963573227107,0.9999999999999999,1.0,0.4
strict_40,98,mv,0.0037186666666666666,0.9999999999999999,1.0,0.4
strict_40,98,ds,0.001977666666666668,0.9999999999999999,1.0,0.4
strict_40,98,pec,0.0030824925733729607,0.9999999999999999,1.0,0.4
strict_40,99,mv,0.004827999999999996,0.9999999999999999,1.0,0.4
strict_40,99,ds,0.0020973333333333334,0.9999999999999999,1.0,0.4
strict_40,99,pec,0.003321880124106372,0.9999999999999999,1.0,0.4
