config,repetition,method,mse,kendall_tau,ranking_accuracy,labels_per_item
labels_3,0,mv,0.0050951666666666,1.0,1.0,3
labels_3,0,ds,0.0069651666666666,1.0,1.0,3
labels_3,0,pec,0.0108385133044367,1.0,1.0,3
labels_3,1,mv,0.0050126666666666,1.0,1.0,3
labels_3,1,ds,0.0051726666666666,1.0,1.0,3
labels_3,1,pec,0.0067444874450187,1.0,1.0,3
labels_3,2,mv,0.0048675,0.966091783079296,0.9666666666666668,3
labels_3,2,ds,0.0032416666666666,0.8666666666666666,0.9333333333333332,3
labels_3,2,pec,0.0054013771546168,0.8666666666666666,0.9333333333333332,3
labels_3,3,mv,0.0053973333333333,1.0,1.0,3
labels_3,3,ds,0.0033818333333333,1.0,1.0,3
labels_3,3,pec,0.0052549097578937,1.0,1.0,3
labels_3,4,mv,0.0056856666666666,1.0,1.0,3
labels_3,4,ds,0.0040484999999999,1.0,1.0,3
labels_3,4,pec,0.0071918841654803,1.0,1.0,3
labels_3,5,mv,0.0037496666666666,1.0,1.0,3
labels_3,5,ds,0.002507,1.0,1.0,3
labels_3,5,pec,0.0038098042536537,1.0,1.0,3
labels_3,6,mv,0.0046211666666666,1.0,1.0,3
labels_3,6,ds,0.0029261666666666,1.0,1.0,3
labels_3,6,pec,0.0044572033630858,1.0,1.0,3
labels_3,7,mv,0.0031636666666666,1.0,1.0,3
labels_3,7,ds,0.0025223333333333,1.0,1.0,3
labels_3,7,pec,0.0043775252945947,1.0,1.0,3
labels_3,8,mv,0.0048783333333333,1.0,1.0,3
labels_3,8,ds,0.0038633333333333,1.0,1.0,3
labels_3,8,pec,0.0071141473518821,1.0,1.0,3
labels_3,9,mv,0.0067929999999999,1.0,1.0,3
labels_3,9,ds,0.0039884999999999,1.0,1.0,3
labels_3,9,pec,0.0061054950111616,1.0,1.0,3
labels_3,10,mv,0.0056453333333333,1.0,1.0,3
labels_3,10,ds,0.0048126666666666,1.0,1.0,3
labels_3,10,pec,0.0066085679577268,1.0,1.0,3
labels_3,11,mv,0.0050851666666666,1.0,1.0,3
labels_3,11,ds,0.0040291666666666,1.0,1.0,3
labels_3,11,pec,0.0053736100350665,1.0,1.0,3
labels_3,12,mv,0.0043798333333333,1.0,1.0,3
labels_3,12,ds,0.0042805,1.0,1.0,3
labels_3,12,pec,0.0067780481683048,1.0,1.0,3
labels_3,13,mv,0.0053925,1.0,1.0,3
labels_3,13,ds,0.0037658333333333,1.0,1.0,3
labels_3,13,pec,0.0060288978854299,1.0,1.0,3
labels_3,14,mv,0.0048951666666666,1.0,1.0,3
labels_3,14,ds,0.0035593333333333,1.0,1.0,3
labels_3,14,pec,0.0056504981426589,1.0,1.0,3
labels_3,15,mv,0.0037718333333333,1.0,1.0,3
labels_3,15,ds,0.0032395,0.8666666666666666,0.9333333333333332,3
labels_3,15,pec,0.0050123501913858,1.0,1.0,3
labels_3,16,mv,0.0051223333333333,1.0,1.0,3
labels_3,16,ds,0.0044211666666666,1.0,1.0,3
labels_3,16,pec,0.0060536676186953,1.0,1.0,3
labels_3,17,mv,0.005437,1.0,1.0,3
labels_3,17,ds,0.0038765,1.0,1.0,3
labels_3,17,pec,0.0054905063476299,1.0,1.0,3
labels_3,18,mv,0.0051281666666666,1.0,1.0,3
labels_3,18,ds,0.0033276666666666,1.0,1.0,3
labels_3,18,pec,0.0050786397181731,1.0,1.0,3
labels_3,19,mv,0.0043116666666666,1.0,1.0,3
labels_3,19,ds,0.0039378333333333,1.0,1.0,3
labels_3,19,pec,0.0065017775483965,1.0,1.0,3
labels_3,20,mv,0.0045264999999999,1.0,1.0,3
labels_3,20,ds,0.0025146666666666,1.0,1.0,3
labels_3,20,pec,0.0043954084193118,1.0,1.0,3
labels_3,21,mv,0.0045824999999999,1.0,1.0,3
labels_3,21,ds,0.0032305,1.0,1.0,3
labels_3,21,pec,0.0048515171615758,1.0,1.0,3
labels_3,22,mv,0.005192,1.0,1.0,3
labels_3,22,ds,0.0055051666666666,1.0,1.0,3
labels_3,22,pec,0.0086033090902084,1.0,1.0,3
labels_3,23,mv,0.0048934999999999,1.0,1.0,3
labels_3,23,ds,0.0046814999999999,1.0,1.0,3
labels_3,23,pec,0.0077593770639469,1.0,1.0,3
labels_3,24,mv,0.0043836666666666,1.0,1.0,3
labels_3,24,ds,0.0022453333333333,1.0,1.0,3
labels_3,24,pec,0.0044098730819747,1.0,1.0,3
labels_3,25,mv,0.0049299999999999,0.8666666666666666,0.9333333333333332,3
labels_3,25,ds,0.0034976666666666,0.8666666666666666,0.9333333333333332,3
labels_3,25,pec,0.0052540402509679,0.8666666666666666,0.9333333333333332,3
labels_3,26,mv,0.0051184999999999,1.0,1.0,3
labels_3,26,ds,0.0048193333333333,1.0,1.0,3
labels_3,26,pec,0.0080738779555181,1.0,1.0,3
labels_3,27,mv,0.0043113333333333,1.0,1.0,3
labels_3,27,ds,0.0043486666666666,1.0,1.0,3
labels_3,27,pec,0.0061493801507969,1.0,1.0,3
labels_3,28,mv,0.0039071666666666,1.0,1.0,3
labels_3,28,ds,0.0020856666666666,0.8666666666666666,0.9333333333333332,3
labels_3,28,pec,0.003965593632114,1.0,1.0,3
labels_3,29,mv,0.0059536666666666,0.8666666666666666,0.9333333333333332,3
labels_3,29,ds,0.0039176666666666,1.0,1.0,3
labels_3,29,pec,0.0063346219177107,1.0,1.0,3
labels_3,30,mv,0.006228,0.8666666666666666,0.9333333333333332,3
labels_3,30,ds,0.0048786666666666,0.8666666666666666,0.9333333333333332,3
labels_3,30,pec,0.0071306632954693,0.8666666666666666,0.9333333333333332,3
labels_3,31,mv,0.0050938333333333,1.0,1.0,3
labels_3,31,ds,0.0028411666666666,1.0,1.0,3
labels_3,31,pec,0.004163992683528,1.0,1.0,3
labels_3,32,mv,0.0053876666666666,1.0,1.0,3
labels_3,32,ds,0.0024191666666666,1.0,1.0,3
labels_3,32,pec,0.0046367038581114,1.0,1.0,3
labels_3,33,mv,0.0042219999999999,1.0,1.0,3
labels_3,33,ds,0.0031903333333333,1.0,1.0,3
labels_3,33,pec,0.0051064851736785,1.0,1.0,3
labels_3,34,mv,0.0062716666666666,1.0,1.0,3
labels_3,34,ds,0.0043198333333333,1.0,1.0,3
labels_3,34,pec,0.0066136437329338,1.0,1.0,3
labels_3,35,mv,0.004752,1.0,1.0,3
labels_3,35,ds,0.0030179999999999,1.0,1.0,3
labels_3,35,pec,0.0052285620542671,1.0,1.0,3
labels_3,36,mv,0.0052571666666666,0.8666666666666666,0.9333333333333332,3
labels_3,36,ds,0.0024618333333333,0.8666666666666666,0.9333333333333332,3
labels_3,36,pec,0.0041720813308427,1.0,1.0,3
labels_3,37,mv,0.0055031666666666,0.8666666666666666,0.9333333333333332,3
labels_3,37,ds,0.0030391666666666,1.0,1.0,3
labels_3,37,pec,0.0050116200524823,1.0,1.0,3
labels_3,38,mv,0.0032949999999999,1.0,1.0,3
labels_3,38,ds,0.0025361666666666,1.0,1.0,3
labels_3,38,pec,0.0043908672464925,1.0,1.0,3
labels_3,39,mv,0.0041326666666666,1.0,1.0,3
labels_3,39,ds,0.0030444999999999,1.0,1.0,3
labels_3,39,pec,0.0047900737947384,1.0,1.0,3
labels_3,40,mv,0.0047838333333333,1.0,1.0,3
labels_3,40,ds,0.0021203333333333,1.0,1.0,3
labels_3,40,pec,0.002975862752717,1.0,1.0,3
labels_3,41,mv,0.0049766666666666,1.0,1.0,3
labels_3,41,ds,0.0052221666666666,1.0,1.0,3
labels_3,41,pec,0.0086480774892038,1.0,1.0,3
labels_3,42,mv,0.005459,1.0,1.0,3
labels_3,42,ds,0.0057546666666666,1.0,1.0,3
labels_3,42,pec,0.0086875966164906,1.0,1.0,3
labels_3,43,mv,0.0045004999999999,1.0,1.0,3
labels_3,43,ds,0.0039794999999999,1.0,1.0,3
labels_3,43,pec,0.0055836660036121,1.0,1.0,3
labels_3,44,mv,0.0032191666666666,1.0,1.0,3
labels_3,44,ds,0.0022619999999999,1.0,1.0,3
labels_3,44,pec,0.0036579102759515,1.0,1.0,3
labels_3,45,mv,0.0037708333333333,1.0,1.0,3
labels_3,45,ds,0.002364,1.0,1.0,3
labels_3,45,pec,0.0041245267231266,1.0,1.0,3
labels_3,46,mv,0.0048561666666666,1.0,1.0,3
labels_3,46,ds,0.0038425,1.0,1.0,3
labels_3,46,pec,0.0059633941409248,1.0,1.0,3
labels_3,47,mv,0.0045321666666666,1.0,1.0,3
labels_3,47,ds,0.0041216666666666,1.0,1.0,3
labels_3,47,pec,0.0076742378973837,1.0,1.0,3
labels_3,48,mv,0.0034106666666666,1.0,1.0,3
labels_3,48,ds,0.0026684999999999,1.0,1.0,3
labels_3,48,pec,0.0042546326176456,1.0,1.0,3
labels_3,49,mv,0.004386,1.0,1.0,3
labels_3,49,ds,0.0022818333333333,1.0,1.0,3
labels_3,49,pec,0.0039642507882989,1.0,1.0,3
labels_3,50,mv,0.0032488333333333,1.0,1.0,3
labels_3,50,ds,0.0017666666666666,1.0,1.0,3
labels_3,50,pec,0.0037332616384118,1.0,1.0,3
labels_3,51,mv,0.004701,1.0,1.0,3
labels_3,51,ds,0.004031,1.0,1.0,3
labels_3,51,pec,0.0060573286141683,1.0,1.0,3
labels_3,52,mv,0.0041618333333333,1.0,1.0,3
labels_3,52,ds,0.0034436666666666,1.0,1.0,3
labels_3,52,pec,0.0056507273383311,1.0,1.0,3
labels_3,53,mv,0.0062848333333333,1.0,1.0,3
labels_3,53,ds,0.0036603333333333,1.0,1.0,3
labels_3,53,pec,0.0048920542255842,1.0,1.0,3
labels_3,54,mv,0.0040694999999999,1.0,1.0,3
labels_3,54,ds,0.0027676666666666,1.0,1.0,3
labels_3,54,pec,0.0046033562648085,1.0,1.0,3
labels_3,55,mv,0.0037506666666666,1.0,1.0,3
labels_3,55,ds,0.0022983333333333,1.0,1.0,3
labels_3,55,pec,0.0039637797880194,1.0,1.0,3
labels_3,56,mv,0.0052121666666666,1.0,1.0,3
labels_3,56,ds,0.0045136666666666,1.0,1.0,3
labels_3,56,pec,0.0065912847642655,1.0,1.0,3
labels_3,57,mv,0.0043928333333333,1.0,1.0,3
labels_3,57,ds,0.0023658333333333,1.0,1.0,3
labels_3,57,pec,0.0037958616602763,1.0,1.0,3
labels_3,58,mv,0.0048313333333333,1.0,1.0,3
labels_3,58,ds,0.0039451666666666,0.8666666666666666,0.9333333333333332,3
labels_3,58,pec,0.0057703785522271,0.8666666666666666,0.9333333333333332,3
labels_3,59,mv,0.0055446666666666,0.8666666666666666,0.9333333333333332,3
labels_3,59,ds,0.0042886666666666,1.0,1.0,3
labels_3,59,pec,0.0063313761461522,1.0,1.0,3
labels_3,60,mv,0.0042663333333333,0.966091783079296,0.9666666666666668,3
labels_3,60,ds,0.0028813333333333,1.0,1.0,3
labels_3,60,pec,0.0041758864876925,1.0,1.0,3
labels_3,61,mv,0.0053603333333333,1.0,1.0,3
labels_3,61,ds,0.0037266666666666,1.0,1.0,3
labels_3,61,pec,0.0061376254968704,1.0,1.0,3
labels_3,62,mv,0.0049896666666666,1.0,1.0,3
labels_3,62,ds,0.0028101666666666,1.0,1.0,3
labels_3,62,pec,0.0045946884159812,1.0,1.0,3
labels_3,63,mv,0.0038853333333333,1.0,1.0,3
labels_3,63,ds,0.0041045,1.0,1.0,3
labels_3,63,pec,0.0062829528947743,1.0,1.0,3
labels_3,64,mv,0.0041344999999999,1.0,1.0,3
labels_3,64,ds,0.0038504999999999,1.0,1.0,3
labels_3,64,pec,0.0060249820547975,1.0,1.0,3
labels_3,65,mv,0.0048723333333333,1.0,1.0,3
labels_3,65,ds,0.0037446666666666,1.0,1.0,3
labels_3,65,pec,0.0054148748581864,1.0,1.0,3
labels_3,66,mv,0.0036454999999999,1.0,1.0,3
labels_3,66,ds,0.0020245,1.0,1.0,3
labels_3,66,pec,0.0038667390822581,1.0,1.0,3
labels_3,67,mv,0.0041995,1.0,1.0,3
labels_3,67,ds,0.0034044999999999,1.0,1.0,3
labels_3,67,pec,0.0061010491414087,1.0,1.0,3
labels_3,68,mv,0.0036946666666666,1.0,1.0,3
labels_3,68,ds,0.0031453333333333,1.0,1.0,3
labels_3,68,pec,0.0050005581113059,1.0,1.0,3
labels_3,69,mv,0.0036618333333333,1.0,1.0,3
labels_3,69,ds,0.0055578333333333,1.0,1.0,3
labels_3,69,pec,0.008132837048497,1.0,1.0,3
labels_3,70,mv,0.0065123333333333,0.8666666666666666,0.9333333333333332,3
labels_3,70,ds,0.0043453333333333,0.8666666666666666,0.9333333333333332,3
labels_3,70,pec,0.0067348990982045,0.8666666666666666,0.9333333333333332,3
labels_3,71,mv,0.0047723333333333,1.0,1.0,3
labels_3,71,ds,0.0052423333333333,1.0,1.0,3
labels_3,71,pec,0.0096553814449135,1.0,1.0,3
labels_3,72,mv,0.0053928333333333,1.0,1.0,3
labels_3,72,ds,0.0032658333333333,1.0,1.0,3
labels_3,72,pec,0.0049174499232077,1.0,1.0,3
labels_3,73,mv,0.0035344999999999,1.0,1.0,3
labels_3,73,ds,0.0047308333333333,1.0,1.0,3
labels_3,73,pec,0.0074467778221508,1.0,1.0,3
labels_3,74,mv,0.0052161666666666,0.8666666666666666,0.9333333333333332,3
labels_3,74,ds,0.0051013333333333,0.8666666666666666,0.9333333333333332,3
labels_3,74,pec,0.0077025954122845,1.0,1.0,3
labels_3,75,mv,0.0042539999999999,1.0,1.0,3
labels_3,75,ds,0.001957,1.0,1.0,3
labels_3,75,pec,0.0037204309452416,1.0,1.0,3
labels_3,76,mv,0.0038718333333333,1.0,1.0,3
labels_3,76,ds,0.0024886666666666,1.0,1.0,3
labels_3,76,pec,0.0046383587925775,1.0,1.0,3
labels_3,77,mv,0.0043591666666666,1.0,1.0,3
labels_3,77,ds,0.0042153333333333,1.0,1.0,3
labels_3,77,pec,0.0073388147222262,1.0,1.0,3
labels_3,78,mv,0.0039959999999999,1.0,1.0,3
labels_3,78,ds,0.0031584999999999,1.0,1.0,3
labels_3,78,pec,0.0049727900511574,1.0,1.0,3
labels_3,79,mv,0.0051069999999999,1.0,1.0,3
labels_3,79,ds,0.0042183333333333,1.0,1.0,3
labels_3,79,pec,0.0066237269328417,1.0,1.0,3
labels_3,80,mv,0.0074718333333333,1.0,1.0,3
labels_3,80,ds,0.0052116666666666,1.0,1.0,3
labels_3,80,pec,0.0076397737003974,1.0,1.0,3
labels_3,81,mv,0.0045836666666666,1.0,1.0,3
labels_3,81,ds,0.0031284999999999,1.0,1.0,3
labels_3,81,pec,0.0046481137693751,1.0,1.0,3
labels_3,82,mv,0.0044926666666666,1.0,1.0,3
labels_3,82,ds,0.0051564999999999,1.0,1.0,3
labels_3,82,pec,0.0082129550392243,1.0,1.0,3
labels_3,83,mv,0.0043706666666666,1.0,1.0,3
labels_3,83,ds,0.0038293333333333,1.0,1.0,3
labels_3,83,pec,0.0062475565200051,1.0,1.0,3
labels_3,84,mv,0.0049978333333333,1.0,1.0,3
labels_3,84,ds,0.0031158333333333,1.0,1.0,3
labels_3,84,pec,0.0050818442495855,1.0,1.0,3
labels_3,85,mv,0.0056468333333333,1.0,1.0,3
labels_3,85,ds,0.0045098333333333,1.0,1.0,3
labels_3,85,pec,0.0059196100659444,1.0,1.0,3
labels_3,86,mv,0.0057496666666666,1.0,1.0,3
labels_3,86,ds,0.0030451666666666,1.0,1.0,3
labels_3,86,pec,0.0067171736025193,1.0,1.0,3
labels_3,87,mv,0.0057193333333333,0.8666666666666666,0.9333333333333332,3
labels_3,87,ds,0.0030618333333333,1.0,1.0,3
labels_3,87,pec,0.0048938297745427,1.0,1.0,3
labels_3,88,mv,0.0067343333333333,1.0,1.0,3
labels_3,88,ds,0.0040694999999999,0.8666666666666666,0.9333333333333332,3
labels_3,88,pec,0.0057153907587154,1.0,1.0,3
labels_3,89,mv,0.0040863333333333,1.0,1.0,3
labels_3,89,ds,0.0036518333333333,1.0,1.0,3
labels_3,89,pec,0.0061800103516332,1.0,1.0,3
labels_3,90,mv,0.003614,1.0,1.0,3
labels_3,90,ds,0.0023656666666666,1.0,1.0,3
labels_3,90,pec,0.0044732151614223,1.0,1.0,3
labels_3,91,mv,0.0032788333333333,1.0,1.0,3
labels_3,91,ds,0.0019038333333333,1.0,1.0,3
labels_3,91,pec,0.0039903670510741,1.0,1.0,3
labels_3,92,mv,0.0038506666666666,1.0,1.0,3
labels_3,92,ds,0.0031923333333333,1.0,1.0,3
labels_3,92,pec,0.0044985532955122,1.0,1.0,3
labels_3,93,mv,0.0066844999999999,1.0,1.0,3
labels_3,93,ds,0.0051218333333333,0.8666666666666666,0.9333333333333332,3
labels_3,93,pec,0.0073362174726203,1.0,1.0,3
labels_3,94,mv,0.0054851666666666,0.8666666666666666,0.9333333333333332,3
labels_3,94,ds,0.0035053333333333,1.0,1.0,3
labels_3,94,pec,0.0054450319005386,1.0,1.0,3
labels_3,95,mv,0.0044078333333333,1.0,1.0,3
labels_3,95,ds,0.0034493333333333,1.0,1.0,3
labels_3,95,pec,0.0053595370224933,1.0,1.0,3
labels_3,96,mv,0.0050858333333333,0.8666666666666666,0.9333333333333332,3
labels_3,96,ds,0.0029259999999999,0.8666666666666666,0.9333333333333332,3
labels_3,96,pec,0.0049324375738895,0.8666666666666666,0.9333333333333332,3
labels_3,97,mv,0.0050711666666666,1.0,1.0,3
labels_3,97,ds,0.0040233333333333,1.0,1.0,3
labels_3,97,pec,0.0058888488384193,1.0,1.0,3
labels_3,98,mv,0.00578,1.0,1.0,3
labels_3,98,ds,0.0028491666666666,1.0,1.0,3
labels_3,98,pec,0.0051816047334311,1.0,1.0,3
labels_3,99,mv,0.0047844999999999,1.0,1.0,3
labels_3,99,ds,0.0031133333333333,1.0,1.0,3
labels_3,99,pec,0.0048945624447774,1.0,1.0,3
labels_5,0,mv,0.0029838333333333,1.0,1.0,5
labels_5,0,ds,0.0018726666666666,1.0,1.0,5
labels_5,0,pec,0.0027114793936647,1.0,1.0,5
labels_5,1,mv,0.0045938333333333,1.0,1.0,5
labels_5,1,ds,0.0021901666666666,1.0,1.0,5
labels_5,1,pec,0.0034775711291772,1.0,1.0,5
labels_5,2,mv,0.0028681666666666,1.0,1.0,5
labels_5,2,ds,0.0014103333333333,1.0,1.0,5
labels_5,2,pec,0.0020144363446494,1.0,1.0,5
labels_5,3,mv,0.0027658333333333,1.0,1.0,5
labels_5,3,ds,0.0013328333333333,1.0,1.0,5
labels_5,3,pec,0.0018084855420412,1.0,1.0,5
labels_5,4,mv,0.0039624999999999,1.0,1.0,5
labels_5,4,ds,0.0018893333333333,1.0,1.0,5
labels_5,4,pec,0.0031004802558594,1.0,1.0,5
labels_5,5,mv,0.0020755,1.0,1.0,5
labels_5,5,ds,0.001236,1.0,1.0,5
labels_5,5,pec,0.0023553209814255,1.0,1.0,5
labels_5,6,mv,0.0022728333333333,1.0,1.0,5
labels_5,6,ds,0.0015713333333333,1.0,1.0,5
labels_5,6,pec,0.0029397307186858,1.0,1.0,5
labels_5,7,mv,0.0018208333333333,1.0,1.0,5
labels_5,7,ds,0.0008466666666666,1.0,1.0,5
labels_5,7,pec,0.0015375796610172,1.0,1.0,5
labels_5,8,mv,0.002591,1.0,1.0,5
labels_5,8,ds,0.0019326666666666,1.0,1.0,5
labels_5,8,pec,0.0026391137788005,1.0,1.0,5
labels_5,9,mv,0.0023103333333333,1.0,1.0,5
labels_5,9,ds,0.001451,1.0,1.0,5
labels_5,9,pec,0.0021640635725373,1.0,1.0,5
labels_5,10,mv,0.0027346666666666,1.0,1.0,5
labels_5,10,ds,0.0023474999999999,1.0,1.0,5
labels_5,10,pec,0.0031222644872792,1.0,1.0,5
labels_5,11,mv,0.0030803333333333,1.0,1.0,5
labels_5,11,ds,0.0017303333333333,1.0,1.0,5
labels_5,11,pec,0.0024121634000677,1.0,1.0,5
labels_5,12,mv,0.0029316666666666,1.0,1.0,5
labels_5,12,ds,0.0014395,1.0,1.0,5
labels_5,12,pec,0.002103425119187,1.0,1.0,5
labels_5,13,mv,0.0026475,1.0,1.0,5
labels_5,13,ds,0.0014538333333333,1.0,1.0,5
labels_5,13,pec,0.0023059742958231,1.0,1.0,5
labels_5,14,mv,0.0021659999999999,1.0,1.0,5
labels_5,14,ds,0.0015651666666666,1.0,1.0,5
labels_5,14,pec,0.0023855597619799,1.0,1.0,5
labels_5,15,mv,0.0026625,1.0,1.0,5
labels_5,15,ds,0.0014053333333333,1.0,1.0,5
labels_5,15,pec,0.0022684531761622,1.0,1.0,5
labels_5,16,mv,0.0025051666666666,1.0,1.0,5
labels_5,16,ds,0.0018169999999999,1.0,1.0,5
labels_5,16,pec,0.0028163637664001,1.0,1.0,5
labels_5,17,mv,0.002444,1.0,1.0,5
labels_5,17,ds,0.0012516666666666,1.0,1.0,5
labels_5,17,pec,0.0017815448693008,1.0,1.0,5
labels_5,18,mv,0.0023761666666666,1.0,1.0,5
labels_5,18,ds,0.0010664999999999,1.0,1.0,5
labels_5,18,pec,0.0020773965228478,1.0,1.0,5
labels_5,19,mv,0.0030881666666666,0.8666666666666666,0.9333333333333332,5
labels_5,19,ds,0.0018856666666666,1.0,1.0,5
labels_5,19,pec,0.003048807620231,1.0,1.0,5
labels_5,20,mv,0.0025529999999999,1.0,1.0,5
labels_5,20,ds,0.0009528333333333,1.0,1.0,5
labels_5,20,pec,0.0013376783740331,1.0,1.0,5
labels_5,21,mv,0.0020824999999999,1.0,1.0,5
labels_5,21,ds,0.000828,1.0,1.0,5
labels_5,21,pec,0.0013009789050909,1.0,1.0,5
labels_5,22,mv,0.0025353333333333,1.0,1.0,5
labels_5,22,ds,0.0011053333333333,1.0,1.0,5
labels_5,22,pec,0.0018347263121076,1.0,1.0,5
labels_5,23,mv,0.0024258333333333,1.0,1.0,5
labels_5,23,ds,0.001312,1.0,1.0,5
labels_5,23,pec,0.0021772910785305,1.0,1.0,5
labels_5,24,mv,0.0027346666666666,1.0,1.0,5
labels_5,24,ds,0.0014683333333333,1.0,1.0,5
labels_5,24,pec,0.0020878937587047,1.0,1.0,5
labels_5,25,mv,0.0028464999999999,1.0,1.0,5
labels_5,25,ds,0.001559,1.0,1.0,5
labels_5,25,pec,0.0023812734935502,1.0,1.0,5
labels_5,26,mv,0.0023276666666666,1.0,1.0,5
labels_5,26,ds,0.0014279999999999,1.0,1.0,5
labels_5,26,pec,0.0023810384224269,1.0,1.0,5
labels_5,27,mv,0.002577,1.0,1.0,5
labels_5,27,ds,0.0019576666666666,1.0,1.0,5
labels_5,27,pec,0.0028369162942313,1.0,1.0,5
labels_5,28,mv,0.0029236666666666,1.0,1.0,5
labels_5,28,ds,0.0017329999999999,1.0,1.0,5
labels_5,28,pec,0.0022850430300169,1.0,1.0,5
labels_5,29,mv,0.001944,0.8666666666666666,0.9333333333333332,5
labels_5,29,ds,0.001227,1.0,1.0,5
labels_5,29,pec,0.0022313387698756,1.0,1.0,5
labels_5,30,mv,0.0035295,1.0,1.0,5
labels_5,30,ds,0.0018085,0.8666666666666666,0.9333333333333332,5
labels_5,30,pec,0.002618732387797,0.8666666666666666,0.9333333333333332,5
labels_5,31,mv,0.0029473333333333,1.0,1.0,5
labels_5,31,ds,0.0019523333333333,1.0,1.0,5
labels_5,31,pec,0.0027177181560141,1.0,1.0,5
labels_5,32,mv,0.0023298333333333,1.0,1.0,5
labels_5,32,ds,0.0021958333333333,1.0,1.0,5
labels_5,32,pec,0.0024517938889312,1.0,1.0,5
labels_5,33,mv,0.0025356666666666,1.0,1.0,5
labels_5,33,ds,0.0021754999999999,1.0,1.0,5
labels_5,33,pec,0.0031173200927922,1.0,1.0,5
labels_5,34,mv,0.0028743333333333,1.0,1.0,5
labels_5,34,ds,0.0014791666666666,1.0,1.0,5
labels_5,34,pec,0.0025633821005011,1.0,1.0,5
labels_5,35,mv,0.0022373333333333,1.0,1.0,5
labels_5,35,ds,0.0015065,1.0,1.0,5
labels_5,35,pec,0.002176767796062,1.0,1.0,5
labels_5,36,mv,0.0033293333333333,1.0,1.0,5
labels_5,36,ds,0.0015236666666666,1.0,1.0,5
labels_5,36,pec,0.0025444989531857,1.0,1.0,5
labels_5,37,mv,0.0026678333333333,1.0,1.0,5
labels_5,37,ds,0.0016245,1.0,1.0,5
labels_5,37,pec,0.0025167574341892,1.0,1.0,5
labels_5,38,mv,0.0028506666666666,1.0,1.0,5
labels_5,38,ds,0.0016903333333333,1.0,1.0,5
labels_5,38,pec,0.0023605737206802,1.0,1.0,5
labels_5,39,mv,0.0019943333333333,1.0,1.0,5
labels_5,39,ds,0.0010013333333333,1.0,1.0,5
labels_5,39,pec,0.0018848937409742,1.0,1.0,5
labels_5,40,mv,0.0022378333333333,1.0,1.0,5
labels_5,40,ds,0.0009973333333333,1.0,1.0,5
labels_5,40,pec,0.0015499706701127,1.0,1.0,5
labels_5,41,mv,0.0029288333333333,1.0,1.0,5
labels_5,41,ds,0.0020463333333333,1.0,1.0,5
labels_5,41,pec,0.0032362912140296,1.0,1.0,5
labels_5,42,mv,0.0028425,1.0,1.0,5
labels_5,42,ds,0.0020824999999999,1.0,1.0,5
labels_5,42,pec,0.0032102726705071,1.0,1.0,5
labels_5,43,mv,0.0025336666666666,1.0,1.0,5
labels_5,43,ds,0.0016704999999999,1.0,1.0,5
labels_5,43,pec,0.0023336128667834,1.0,1.0,5
labels_5,44,mv,0.0020096666666666,1.0,1.0,5
labels_5,44,ds,0.0011378333333333,1.0,1.0,5
labels_5,44,pec,0.0018379675059384,1.0,1.0,5
labels_5,45,mv,0.0024051666666666,1.0,1.0,5
labels_5,45,ds,0.0009303333333333,1.0,1.0,5
labels_5,45,pec,0.001637669457343,1.0,1.0,5
labels_5,46,mv,0.0022783333333333,1.0,1.0,5
labels_5,46,ds,0.0010698333333333,1.0,1.0,5
labels_5,46,pec,0.0018140201870715,1.0,1.0,5
labels_5,47,mv,0.0030854999999999,1.0,1.0,5
labels_5,47,ds,0.0026319999999999,1.0,1.0,5
labels_5,47,pec,0.003564217120182,1.0,1.0,5
labels_5,48,mv,0.0020985,1.0,1.0,5
labels_5,48,ds,0.0013943333333333,1.0,1.0,5
labels_5,48,pec,0.0021068260538858,1.0,1.0,5
labels_5,49,mv,0.0020116666666666,1.0,1.0,5
labels_5,49,ds,0.0011221666666666,1.0,1.0,5
labels_5,49,pec,0.002162353546969,1.0,1.0,5
labels_5,50,mv,0.0019616666666666,1.0,1.0,5
labels_5,50,ds,0.0011845,1.0,1.0,5
labels_5,50,pec,0.002021984162605,1.0,1.0,5
labels_5,51,mv,0.0025878333333333,1.0,1.0,5
labels_5,51,ds,0.0015636666666666,1.0,1.0,5
labels_5,51,pec,0.0023194528592328,1.0,1.0,5
labels_5,52,mv,0.0021126666666666,1.0,1.0,5
labels_5,52,ds,0.0018854999999999,1.0,1.0,5
labels_5,52,pec,0.0025564864074361,1.0,1.0,5
labels_5,53,mv,0.0021193333333333,1.0,1.0,5
labels_5,53,ds,0.0013324999999999,1.0,1.0,5
labels_5,53,pec,0.0015094870072761,1.0,1.0,5
labels_5,54,mv,0.0022643333333333,1.0,1.0,5
labels_5,54,ds,0.0011336666666666,1.0,1.0,5
labels_5,54,pec,0.0021496171666444,1.0,1.0,5
labels_5,55,mv,0.0027208333333333,1.0,1.0,5
labels_5,55,ds,0.0014036666666666,1.0,1.0,5
labels_5,55,pec,0.002206207944925,1.0,1.0,5
labels_5,56,mv,0.002154,1.0,1.0,5
labels_5,56,ds,0.0010866666666666,1.0,1.0,5
labels_5,56,pec,0.0017516286245554,1.0,1.0,5
labels_5,57,mv,0.0025343333333333,1.0,1.0,5
labels_5,57,ds,0.0013781666666666,1.0,1.0,5
labels_5,57,pec,0.002126884602023,1.0,1.0,5
labels_5,58,mv,0.0031626666666666,1.0,1.0,5
labels_5,58,ds,0.0019851666666666,1.0,1.0,5
labels_5,58,pec,0.0031078956161429,1.0,1.0,5
labels_5,59,mv,0.0028418333333333,1.0,1.0,5
labels_5,59,ds,0.001612,1.0,1.0,5
labels_5,59,pec,0.0024114332283652,1.0,1.0,5
labels_5,60,mv,0.0020055,1.0,1.0,5
labels_5,60,ds,0.0008365,1.0,1.0,5
labels_5,60,pec,0.0013856625830931,1.0,1.0,5
labels_5,61,mv,0.0028824999999999,1.0,1.0,5
labels_5,61,ds,0.0014933333333333,1.0,1.0,5
labels_5,61,pec,0.0024157590338781,1.0,1.0,5
labels_5,62,mv,0.0030865,1.0,1.0,5
labels_5,62,ds,0.001888,1.0,1.0,5
labels_5,62,pec,0.0027745650141416,1.0,1.0,5
labels_5,63,mv,0.0017931666666666,1.0,1.0,5
labels_5,63,ds,0.0013905,1.0,1.0,5
labels_5,63,pec,0.0018529658669389,1.0,1.0,5
labels_5,64,mv,0.0020635,1.0,1.0,5
labels_5,64,ds,0.0016138333333333,1.0,1.0,5
labels_5,64,pec,0.0022798539146628,1.0,1.0,5
labels_5,65,mv,0.0027296666666666,1.0,1.0,5
labels_5,65,ds,0.0020668333333333,1.0,1.0,5
labels_5,65,pec,0.003542231858818,1.0,1.0,5
labels_5,66,mv,0.0014546666666666,1.0,1.0,5
labels_5,66,ds,0.0010058333333333,1.0,1.0,5
labels_5,66,pec,0.0012926585830935,1.0,1.0,5
labels_5,67,mv,0.0024991666666666,1.0,1.0,5
labels_5,67,ds,0.0016323333333333,1.0,1.0,5
labels_5,67,pec,0.0024617146458699,1.0,1.0,5
labels_5,68,mv,0.0032638333333333,1.0,1.0,5
labels_5,68,ds,0.0027258333333333,1.0,1.0,5
labels_5,68,pec,0.0035610604745428,1.0,1.0,5
labels_5,69,mv,0.0027198333333333,1.0,1.0,5
labels_5,69,ds,0.0014991666666666,1.0,1.0,5
labels_5,69,pec,0.0022398571645557,1.0,1.0,5
labels_5,70,mv,0.0028311666666666,1.0,1.0,5
labels_5,70,ds,0.0015554999999999,1.0,1.0,5
labels_5,70,pec,0.0028487429430498,1.0,1.0,5
labels_5,71,mv,0.002959,1.0,1.0,5
labels_5,71,ds,0.0022723333333333,1.0,1.0,5
labels_5,71,pec,0.0031243276005869,1.0,1.0,5
labels_5,72,mv,0.002404,1.0,1.0,5
labels_5,72,ds,0.0014646666666666,1.0,1.0,5
labels_5,72,pec,0.0017992700923854,1.0,1.0,5
labels_5,73,mv,0.0021751666666666,1.0,1.0,5
labels_5,73,ds,0.0016056666666666,1.0,1.0,5
labels_5,73,pec,0.0023267012826853,1.0,1.0,5
labels_5,74,mv,0.0023033333333333,1.0,1.0,5
labels_5,74,ds,0.0010806666666666,1.0,1.0,5
labels_5,74,pec,0.0018902583705119,1.0,1.0,5
labels_5,75,mv,0.0029543333333333,1.0,1.0,5
labels_5,75,ds,0.0021356666666666,1.0,1.0,5
labels_5,75,pec,0.0029683064423949,1.0,1.0,5
labels_5,76,mv,0.0026091666666666,1.0,1.0,5
labels_5,76,ds,0.001548,1.0,1.0,5
labels_5,76,pec,0.0020764396338757,1.0,1.0,5
labels_5,77,mv,0.0031681666666666,1.0,1.0,5
labels_5,77,ds,0.0010983333333333,1.0,1.0,5
labels_5,77,pec,0.0023223634511796,1.0,1.0,5
labels_5,78,mv,0.0019383333333333,1.0,1.0,5
labels_5,78,ds,0.001878,1.0,1.0,5
labels_5,78,pec,0.0027467053570141,1.0,1.0,5
labels_5,79,mv,0.0031029999999999,1.0,1.0,5
labels_5,79,ds,0.0015459999999999,1.0,1.0,5
labels_5,79,pec,0.0022688504956853,1.0,1.0,5
labels_5,80,mv,0.0023448333333333,1.0,1.0,5
labels_5,80,ds,0.0011406666666666,1.0,1.0,5
labels_5,80,pec,0.00174933058,1.0,1.0,5
labels_5,81,mv,0.0030433333333333,1.0,1.0,5
labels_5,81,ds,0.0016986666666666,1.0,1.0,5
labels_5,81,pec,0.0023145896507851,1.0,1.0,5
labels_5,82,mv,0.0026049999999999,1.0,1.0,5
labels_5,82,ds,0.0013576666666666,1.0,1.0,5
labels_5,82,pec,0.0022069238298482,1.0,1.0,5
labels_5,83,mv,0.0022715,1.0,1.0,5
labels_5,83,ds,0.0011058333333333,1.0,1.0,5
labels_5,83,pec,0.0016489436930412,1.0,1.0,5
labels_5,84,mv,0.0028706666666666,1.0,1.0,5
labels_5,84,ds,0.0018781666666666,1.0,1.0,5
labels_5,84,pec,0.0026712322187751,1.0,1.0,5
labels_5,85,mv,0.0027065,1.0,1.0,5
labels_5,85,ds,0.0015041666666666,1.0,1.0,5
labels_5,85,pec,0.0024675819311153,1.0,1.0,5
labels_5,86,mv,0.0031173333333333,1.0,1.0,5
labels_5,86,ds,0.0019364999999999,0.8666666666666666,0.9333333333333332,5
labels_5,86,pec,0.0023355336153736,0.8666666666666666,0.9333333333333332,5
labels_5,87,mv,0.0024743333333333,1.0,1.0,5
labels_5,87,ds,0.0011864999999999,1.0,1.0,5
labels_5,87,pec,0.0018899413202429,1.0,1.0,5
labels_5,88,mv,0.0025203333333333,1.0,1.0,5
labels_5,88,ds,0.0011048333333333,1.0,1.0,5
labels_5,88,pec,0.0017805600904565,1.0,1.0,5
labels_5,89,mv,0.0025578333333333,1.0,1.0,5
labels_5,89,ds,0.0022531666666666,1.0,1.0,5
labels_5,89,pec,0.0025402542955897,1.0,1.0,5
labels_5,90,mv,0.0024661666666666,1.0,1.0,5
labels_5,90,ds,0.0012996666666666,1.0,1.0,5
labels_5,90,pec,0.0022338494084941,1.0,1.0,5
labels_5,91,mv,0.0023511666666666,1.0,1.0,5
labels_5,91,ds,0.0018249999999999,1.0,1.0,5
labels_5,91,pec,0.0026417607669599,1.0,1.0,5
labels_5,92,mv,0.0024491666666666,1.0,1.0,5
labels_5,92,ds,0.0016496666666666,1.0,1.0,5
labels_5,92,pec,0.0024281386988089,1.0,1.0,5
labels_5,93,mv,0.0031008333333333,1.0,1.0,5
labels_5,93,ds,0.0017095,1.0,1.0,5
labels_5,93,pec,0.0025947209957792,1.0,1.0,5
labels_5,94,mv,0.0026238333333333,1.0,1.0,5
labels_5,94,ds,0.0012521666666666,1.0,1.0,5
labels_5,94,pec,0.0021236946439662,1.0,1.0,5
labels_5,95,mv,0.002397,1.0,1.0,5
labels_5,95,ds,0.0012178333333333,1.0,1.0,5
labels_5,95,pec,0.0019320260471371,1.0,1.0,5
labels_5,96,mv,0.0035916666666666,0.8666666666666666,0.9333333333333332,5
labels_5,96,ds,0.0019881666666666,1.0,1.0,5
labels_5,96,pec,0.0027540135014843,1.0,1.0,5
labels_5,97,mv,0.0030589999999999,1.0,1.0,5
labels_5,97,ds,0.0022456666666666,1.0,1.0,5
labels_5,97,pec,0.0030892842722578,1.0,1.0,5
labels_5,98,mv,0.0033096666666666,1.0,1.0,5
labels_5,98,ds,0.001781,1.0,1.0,5
labels_5,98,pec,0.0025444871467981,1.0,1.0,5
labels_5,99,mv,0.0033306666666666,1.0,1.0,5
labels_5,99,ds,0.0021346666666666,1.0,1.0,5
labels_5,99,pec,0.0029171992734414,1.0,1.0,5
labels_7,0,mv,0.0014901666666666,1.0,1.0,7
labels_7,0,ds,0.0006803333333333,1.0,1.0,7
labels_7,0,pec,0.0011319642612792,1.0,1.0,7
labels_7,1,mv,0.0016498333333333,1.0,1.0,7
labels_7,1,ds,0.0008836666666666,1.0,1.0,7
labels_7,1,pec,0.0012230606613148,1.0,1.0,7
labels_7,2,mv,0.0021023333333333,1.0,1.0,7
labels_7,2,ds,0.0010646666666666,1.0,1.0,7
labels_7,2,pec,0.0013499960091292,1.0,1.0,7
labels_7,3,mv,0.0016703333333333,1.0,1.0,7
labels_7,3,ds,0.0011188333333333,1.0,1.0,7
labels_7,3,pec,0.0016230115235768,1.0,1.0,7
labels_7,4,mv,0.0023086666666666,1.0,1.0,7
labels_7,4,ds,0.0012706666666666,1.0,1.0,7
labels_7,4,pec,0.001878206631113,1.0,1.0,7
labels_7,5,mv,0.0018676666666666,1.0,1.0,7
labels_7,5,ds,0.0014383333333333,1.0,1.0,7
labels_7,5,pec,0.0016565945140721,1.0,1.0,7
labels_7,6,mv,0.0023165,1.0,1.0,7
labels_7,6,ds,0.0013535,1.0,1.0,7
labels_7,6,pec,0.0018837476866099,1.0,1.0,7
labels_7,7,mv,0.0011575,1.0,1.0,7
labels_7,7,ds,0.000537,1.0,1.0,7
labels_7,7,pec,0.0007935645311808,1.0,1.0,7
labels_7,8,mv,0.0022786666666666,1.0,1.0,7
labels_7,8,ds,0.0012536666666666,1.0,1.0,7
labels_7,8,pec,0.0017434037431436,1.0,1.0,7
labels_7,9,mv,0.0017456666666666,1.0,1.0,7
labels_7,9,ds,0.001032,1.0,1.0,7
labels_7,9,pec,0.0015409560286313,1.0,1.0,7
labels_7,10,mv,0.0017514999999999,1.0,1.0,7
labels_7,10,ds,0.0007409999999999,1.0,1.0,7
labels_7,10,pec,0.001300769083246,1.0,1.0,7
labels_7,11,mv,0.0017101666666666,1.0,1.0,7
labels_7,11,ds,0.0011841666666666,1.0,1.0,7
labels_7,11,pec,0.0015973465832427,1.0,1.0,7
labels_7,12,mv,0.001659,1.0,1.0,7
labels_7,12,ds,0.001257,1.0,1.0,7
labels_7,12,pec,0.0015757374942882,1.0,1.0,7
labels_7,13,mv,0.0021438333333333,1.0,1.0,7
labels_7,13,ds,0.001342,1.0,1.0,7
labels_7,13,pec,0.0019247579019562,1.0,1.0,7
labels_7,14,mv,0.0016873333333333,1.0,1.0,7
labels_7,14,ds,0.0007753333333333,1.0,1.0,7
labels_7,14,pec,0.001177928908038,1.0,1.0,7
labels_7,15,mv,0.0018653333333333,1.0,1.0,7
labels_7,15,ds,0.0010216666666666,1.0,1.0,7
labels_7,15,pec,0.0017340504666487,1.0,1.0,7
labels_7,16,mv,0.0022478333333333,1.0,1.0,7
labels_7,16,ds,0.0013249999999999,1.0,1.0,7
labels_7,16,pec,0.0014112429692254,1.0,1.0,7
labels_7,17,mv,0.001673,1.0,1.0,7
labels_7,17,ds,0.0006918333333333,1.0,1.0,7
labels_7,17,pec,0.0011881242795335,1.0,1.0,7
labels_7,18,mv,0.0015964999999999,1.0,1.0,7
labels_7,18,ds,0.0011641666666666,1.0,1.0,7
labels_7,18,pec,0.0016007856400735,1.0,1.0,7
labels_7,19,mv,0.0016623333333333,1.0,1.0,7
labels_7,19,ds,0.0012285,1.0,1.0,7
labels_7,19,pec,0.0017451930766589,1.0,1.0,7
labels_7,20,mv,0.0013716666666666,1.0,1.0,7
labels_7,20,ds,0.0007158333333333,1.0,1.0,7
labels_7,20,pec,0.0010959965216808,1.0,1.0,7
labels_7,21,mv,0.0013286666666666,1.0,1.0,7
labels_7,21,ds,0.000803,0.8666666666666666,0.9333333333333332,7
labels_7,21,pec,0.0012018828226403,0.8666666666666666,0.9333333333333332,7
labels_7,22,mv,0.0025113333333333,1.0,1.0,7
labels_7,22,ds,0.0014451666666666,1.0,1.0,7
labels_7,22,pec,0.0018161960799103,1.0,1.0,7
labels_7,23,mv,0.0016745,1.0,1.0,7
labels_7,23,ds,0.0008456666666666,1.0,1.0,7
labels_7,23,pec,0.0014973572670395,1.0,1.0,7
labels_7,24,mv,0.0012823333333333,1.0,1.0,7
labels_7,24,ds,0.0007965,1.0,1.0,7
labels_7,24,pec,0.0013142421133108,1.0,1.0,7
labels_7,25,mv,0.0026819999999999,1.0,1.0,7
labels_7,25,ds,0.0016253333333333,1.0,1.0,7
labels_7,25,pec,0.0021610901218139,1.0,1.0,7
labels_7,26,mv,0.0019513333333333,1.0,1.0,7
labels_7,26,ds,0.0013116666666666,1.0,1.0,7
labels_7,26,pec,0.001624770263563,1.0,1.0,7
labels_7,27,mv,0.0013996666666666,1.0,1.0,7
labels_7,27,ds,0.00093,1.0,1.0,7
labels_7,27,pec,0.0011795799909179,1.0,1.0,7
labels_7,28,mv,0.0014644999999999,1.0,1.0,7
labels_7,28,ds,0.0009225,1.0,1.0,7
labels_7,28,pec,0.0012117164607513,1.0,1.0,7
labels_7,29,mv,0.0012145,1.0,1.0,7
labels_7,29,ds,0.0008746666666666,1.0,1.0,7
labels_7,29,pec,0.0012587034723455,1.0,1.0,7
labels_7,30,mv,0.0022286666666666,0.8666666666666666,0.9333333333333332,7
labels_7,30,ds,0.0010971666666666,0.8666666666666666,0.9333333333333332,7
labels_7,30,pec,0.0015473467467224,0.8666666666666666,0.9333333333333332,7
labels_7,31,mv,0.0015183333333333,0.8666666666666666,0.9333333333333332,7
labels_7,31,ds,0.0007633333333333,1.0,1.0,7
labels_7,31,pec,0.0011925362584267,1.0,1.0,7
labels_7,32,mv,0.0015153333333333,1.0,1.0,7
labels_7,32,ds,0.000966,1.0,1.0,7
labels_7,32,pec,0.0014106401065416,1.0,1.0,7
labels_7,33,mv,0.0015966666666666,1.0,1.0,7
labels_7,33,ds,0.0005468333333333,1.0,1.0,7
labels_7,33,pec,0.0010536387065033,1.0,1.0,7
labels_7,34,mv,0.0026978333333333,1.0,1.0,7
labels_7,34,ds,0.0017476666666666,1.0,1.0,7
labels_7,34,pec,0.0020993613962763,1.0,1.0,7
labels_7,35,mv,0.0010578333333333,1.0,1.0,7
labels_7,35,ds,0.000798,1.0,1.0,7
labels_7,35,pec,0.0013543599339184,1.0,1.0,7
labels_7,36,mv,0.0017185,1.0,1.0,7
labels_7,36,ds,0.0008256666666666,1.0,1.0,7
labels_7,36,pec,0.0013459602237025,1.0,1.0,7
labels_7,37,mv,0.0019351666666666,1.0,1.0,7
labels_7,37,ds,0.0008546666666666,1.0,1.0,7
labels_7,37,pec,0.0011073238737195,1.0,1.0,7
labels_7,38,mv,0.0013353333333333,1.0,1.0,7
labels_7,38,ds,0.0005511666666666,1.0,1.0,7
labels_7,38,pec,0.000853803132068,1.0,1.0,7
labels_7,39,mv,0.0016198333333333,1.0,1.0,7
labels_7,39,ds,0.0010284999999999,1.0,1.0,7
labels_7,39,pec,0.0015298154251262,1.0,1.0,7
labels_7,40,mv,0.0014845,1.0,1.0,7
labels_7,40,ds,0.0004985,1.0,1.0,7
labels_7,40,pec,0.0007964612744538,1.0,1.0,7
labels_7,41,mv,0.0020325,1.0,1.0,7
labels_7,41,ds,0.001111,1.0,1.0,7
labels_7,41,pec,0.0015480489666897,1.0,1.0,7
labels_7,42,mv,0.0018611666666666,1.0,1.0,7
labels_7,42,ds,0.001364,1.0,1.0,7
labels_7,42,pec,0.0016711109904845,1.0,1.0,7
labels_7,43,mv,0.0021694999999999,1.0,1.0,7
labels_7,43,ds,0.0019,1.0,1.0,7
labels_7,43,pec,0.0024496030717712,1.0,1.0,7
labels_7,44,mv,0.0016673333333333,1.0,1.0,7
labels_7,44,ds,0.0011406666666666,1.0,1.0,7
labels_7,44,pec,0.0014022660833672,1.0,1.0,7
labels_7,45,mv,0.001305,1.0,1.0,7
labels_7,45,ds,0.0008996666666666,1.0,1.0,7
labels_7,45,pec,0.0012404222139616,1.0,1.0,7
labels_7,46,mv,0.0015753333333333,1.0,1.0,7
labels_7,46,ds,0.0007795,1.0,1.0,7
labels_7,46,pec,0.0012520401831814,1.0,1.0,7
labels_7,47,mv,0.0021356666666666,1.0,1.0,7
labels_7,47,ds,0.0013623333333333,1.0,1.0,7
labels_7,47,pec,0.0019005669318787,1.0,1.0,7
labels_7,48,mv,0.0020506666666666,1.0,1.0,7
labels_7,48,ds,0.0013801666666666,1.0,1.0,7
labels_7,48,pec,0.0018100290508286,1.0,1.0,7
labels_7,49,mv,0.0015301666666666,1.0,1.0,7
labels_7,49,ds,0.0008848333333333,1.0,1.0,7
labels_7,49,pec,0.0012044784022774,1.0,1.0,7
labels_7,50,mv,0.0011473333333333,1.0,1.0,7
labels_7,50,ds,0.0004151666666666,1.0,1.0,7
labels_7,50,pec,0.0007208814877105,1.0,1.0,7
labels_7,51,mv,0.0014716666666666,1.0,1.0,7
labels_7,51,ds,0.0007743333333333,1.0,1.0,7
labels_7,51,pec,0.0012853181142023,1.0,1.0,7
labels_7,52,mv,0.0015935,1.0,1.0,7
labels_7,52,ds,0.0009471666666666,1.0,1.0,7
labels_7,52,pec,0.0016036564512539,1.0,1.0,7
labels_7,53,mv,0.0010644999999999,1.0,1.0,7
labels_7,53,ds,0.0007561666666666,1.0,1.0,7
labels_7,53,pec,0.0009475998537372,1.0,1.0,7
labels_7,54,mv,0.0014203333333333,1.0,1.0,7
labels_7,54,ds,0.000982,1.0,1.0,7
labels_7,54,pec,0.0013774642817569,1.0,1.0,7
labels_7,55,mv,0.0015216666666666,1.0,1.0,7
labels_7,55,ds,0.0013023333333333,1.0,1.0,7
labels_7,55,pec,0.0015615888330433,1.0,1.0,7
labels_7,56,mv,0.0013365,1.0,1.0,7
labels_7,56,ds,0.0007261666666666,1.0,1.0,7
labels_7,56,pec,0.0010546688476843,1.0,1.0,7
labels_7,57,mv,0.0013478333333333,1.0,1.0,7
labels_7,57,ds,0.0009091666666666,1.0,1.0,7
labels_7,57,pec,0.0012488141685034,1.0,1.0,7
labels_7,58,mv,0.0021489999999999,0.8666666666666666,0.9333333333333332,7
labels_7,58,ds,0.0013398333333333,0.8666666666666666,0.9333333333333332,7
labels_7,58,pec,0.0018411716062867,0.8666666666666666,0.9333333333333332,7
labels_7,59,mv,0.0023209999999999,1.0,1.0,7
labels_7,59,ds,0.0019774999999999,1.0,1.0,7
labels_7,59,pec,0.0023754043297651,1.0,1.0,7
labels_7,60,mv,0.0014211666666666,1.0,1.0,7
labels_7,60,ds,0.0009626666666666,1.0,1.0,7
labels_7,60,pec,0.0014302408412382,1.0,1.0,7
labels_7,61,mv,0.002576,1.0,1.0,7
labels_7,61,ds,0.0012621666666666,1.0,1.0,7
labels_7,61,pec,0.0016889109376451,1.0,1.0,7
labels_7,62,mv,0.0017741666666666,1.0,1.0,7
labels_7,62,ds,0.0010563333333333,1.0,1.0,7
labels_7,62,pec,0.0013747397709573,1.0,1.0,7
labels_7,63,mv,0.0014478333333333,1.0,1.0,7
labels_7,63,ds,0.0009108333333333,1.0,1.0,7
labels_7,63,pec,0.0011522735505529,1.0,1.0,7
labels_7,64,mv,0.0028798333333333,1.0,1.0,7
labels_7,64,ds,0.0012224999999999,1.0,1.0,7
labels_7,64,pec,0.0015379713477913,1.0,1.0,7
labels_7,65,mv,0.001965,1.0,1.0,7
labels_7,65,ds,0.0010916666666666,1.0,1.0,7
labels_7,65,pec,0.0017210728810908,1.0,1.0,7
labels_7,66,mv,0.0009516666666666,1.0,1.0,7
labels_7,66,ds,0.0004351666666666,1.0,1.0,7
labels_7,66,pec,0.000779816031801,1.0,1.0,7
labels_7,67,mv,0.001392,1.0,1.0,7
labels_7,67,ds,0.0007503333333333,1.0,1.0,7
labels_7,67,pec,0.0010619436580269,1.0,1.0,7
labels_7,68,mv,0.0022028333333333,1.0,1.0,7
labels_7,68,ds,0.0011971666666666,1.0,1.0,7
labels_7,68,pec,0.001903739817332,1.0,1.0,7
labels_7,69,mv,0.001763,1.0,1.0,7
labels_7,69,ds,0.0011406666666666,1.0,1.0,7
labels_7,69,pec,0.0014978724038026,1.0,1.0,7
labels_7,70,mv,0.0019303333333333,1.0,1.0,7
labels_7,70,ds,0.0008738333333333,1.0,1.0,7
labels_7,70,pec,0.0013498051616441,1.0,1.0,7
labels_7,71,mv,0.0016165,1.0,1.0,7
labels_7,71,ds,0.0012281666666666,1.0,1.0,7
labels_7,71,pec,0.001626936420264,1.0,1.0,7
labels_7,72,mv,0.0020131666666666,1.0,1.0,7
labels_7,72,ds,0.0010603333333333,1.0,1.0,7
labels_7,72,pec,0.0013492270715615,1.0,1.0,7
labels_7,73,mv,0.0017383333333333,1.0,1.0,7
labels_7,73,ds,0.0010331666666666,1.0,1.0,7
labels_7,73,pec,0.0016393445467568,1.0,1.0,7
labels_7,74,mv,0.0021111666666666,1.0,1.0,7
labels_7,74,ds,0.001128,1.0,1.0,7
labels_7,74,pec,0.001412853512714,1.0,1.0,7
labels_7,75,mv,0.001472,1.0,1.0,7
labels_7,75,ds,0.0011924999999999,1.0,1.0,7
labels_7,75,pec,0.0016071848543366,1.0,1.0,7
labels_7,76,mv,0.0015911666666666,1.0,1.0,7
labels_7,76,ds,0.0009998333333333,1.0,1.0,7
labels_7,76,pec,0.0014008026403945,1.0,1.0,7
labels_7,77,mv,0.0014126666666666,1.0,1.0,7
labels_7,77,ds,0.0013339999999999,1.0,1.0,7
labels_7,77,pec,0.0018205641701065,1.0,1.0,7
labels_7,78,mv,0.0013359999999999,1.0,1.0,7
labels_7,78,ds,0.0007936666666666,1.0,1.0,7
labels_7,78,pec,0.0012792661509919,1.0,1.0,7
labels_7,79,mv,0.0013363333333333,1.0,1.0,7
labels_7,79,ds,0.0006139999999999,1.0,1.0,7
labels_7,79,pec,0.0010653227115167,1.0,1.0,7
labels_7,80,mv,0.0017181666666666,1.0,1.0,7
labels_7,80,ds,0.0007713333333333,1.0,1.0,7
labels_7,80,pec,0.0012440701503576,1.0,1.0,7
labels_7,81,mv,0.0020083333333333,1.0,1.0,7
labels_7,81,ds,0.0011349999999999,1.0,1.0,7
labels_7,81,pec,0.0015223263850061,1.0,1.0,7
labels_7,82,mv,0.0021611666666666,1.0,1.0,7
labels_7,82,ds,0.0011633333333333,1.0,1.0,7
labels_7,82,pec,0.0016484235614798,1.0,1.0,7
labels_7,83,mv,0.0017965,1.0,1.0,7
labels_7,83,ds,0.0009073333333333,1.0,1.0,7
labels_7,83,pec,0.0012887108181979,1.0,1.0,7
labels_7,84,mv,0.0012141666666666,1.0,1.0,7
labels_7,84,ds,0.0008333333333333,1.0,1.0,7
labels_7,84,pec,0.0013320769014829,1.0,1.0,7
labels_7,85,mv,0.0018238333333333,1.0,1.0,7
labels_7,85,ds,0.0009679999999999,1.0,1.0,7
labels_7,85,pec,0.0013621793920847,1.0,1.0,7
labels_7,86,mv,0.0012531666666666,1.0,1.0,7
labels_7,86,ds,0.0007221666666666,1.0,1.0,7
labels_7,86,pec,0.0010177795412669,1.0,1.0,7
labels_7,87,mv,0.0017374999999999,1.0,1.0,7
labels_7,87,ds,0.0009433333333333,1.0,1.0,7
labels_7,87,pec,0.0013562191851204,1.0,1.0,7
labels_7,88,mv,0.0013476666666666,1.0,1.0,7
labels_7,88,ds,0.0011911666666666,1.0,1.0,7
labels_7,88,pec,0.0014362206582366,1.0,1.0,7
labels_7,89,mv,0.0019439999999999,1.0,1.0,7
labels_7,89,ds,0.0010503333333333,0.8666666666666666,0.9333333333333332,7
labels_7,89,pec,0.0013485231701753,1.0,1.0,7
labels_7,90,mv,0.0016713333333333,1.0,1.0,7
labels_7,90,ds,0.0012813333333333,1.0,1.0,7
labels_7,90,pec,0.0017271700488591,1.0,1.0,7
labels_7,91,mv,0.0013651666666666,1.0,1.0,7
labels_7,91,ds,0.0006951666666666,1.0,1.0,7
labels_7,91,pec,0.0011128904399975,1.0,1.0,7
labels_7,92,mv,0.0012745,1.0,1.0,7
labels_7,92,ds,0.0007853333333333,1.0,1.0,7
labels_7,92,pec,0.0013604241499203,1.0,1.0,7
labels_7,93,mv,0.0022218333333333,1.0,1.0,7
labels_7,93,ds,0.0015161666666666,1.0,1.0,7
labels_7,93,pec,0.0017784653004561,1.0,1.0,7
labels_7,94,mv,0.0015898333333333,1.0,1.0,7
labels_7,94,ds,0.0009208333333333,1.0,1.0,7
labels_7,94,pec,0.0012905758421403,1.0,1.0,7
labels_7,95,mv,0.0013936666666666,1.0,1.0,7
labels_7,95,ds,0.0006356666666666,1.0,1.0,7
labels_7,95,pec,0.0009437243993277,1.0,1.0,7
labels_7,96,mv,0.0014723333333333,1.0,1.0,7
labels_7,96,ds,0.0010565,0.8666666666666666,0.9333333333333332,7
labels_7,96,pec,0.0015701238790309,0.8666666666666666,0.9333333333333332,7
labels_7,97,mv,0.0021888333333333,1.0,1.0,7
labels_7,97,ds,0.0009533333333333,1.0,1.0,7
labels_7,97,pec,0.0017007036819183,1.0,1.0,7
labels_7,98,mv,0.0021234999999999,1.0,1.0,7
labels_7,98,ds,0.0010604999999999,1.0,1.0,7
labels_7,98,pec,0.001378334964785,1.0,1.0,7
labels_7,99,mv,0.0016306666666666,1.0,1.0,7
labels_7,99,ds,0.0010885,1.0,1.0,7
labels_7,99,pec,0.001487180771026,1.0,1.0,7
labels_9,0,mv,0.0012273333333333,1.0,1.0,9
labels_9,0,ds,0.0004745,1.0,1.0,9
labels_9,0,pec,0.0007501996716773,1.0,1.0,9
labels_9,1,mv,0.0011245,1.0,1.0,9
labels_9,1,ds,0.0007458333333333,1.0,1.0,9
labels_9,1,pec,0.0011868437776449,1.0,1.0,9
labels_9,2,mv,0.0012088333333333,1.0,1.0,9
labels_9,2,ds,0.0008521666666666,0.8666666666666666,0.9333333333333332,9
labels_9,2,pec,0.0010791794116162,0.8666666666666666,0.9333333333333332,9
labels_9,3,mv,0.0013729999999999,1.0,1.0,9
labels_9,3,ds,0.0010513333333333,1.0,1.0,9
labels_9,3,pec,0.0013207781616083,1.0,1.0,9
labels_9,4,mv,0.0012146666666666,1.0,1.0,9
labels_9,4,ds,0.0006531666666666,1.0,1.0,9
labels_9,4,pec,0.0009045040556856,1.0,1.0,9
labels_9,5,mv,0.0007321666666666,1.0,1.0,9
labels_9,5,ds,0.0007186666666666,1.0,1.0,9
labels_9,5,pec,0.000883749419706,1.0,1.0,9
labels_9,6,mv,0.0010065,1.0,1.0,9
labels_9,6,ds,0.00073,1.0,1.0,9
labels_9,6,pec,0.0009825770174484,1.0,1.0,9
labels_9,7,mv,0.0009378333333333,1.0,1.0,9
labels_9,7,ds,0.000548,1.0,1.0,9
labels_9,7,pec,0.0005537361338365,1.0,1.0,9
labels_9,8,mv,0.000921,1.0,1.0,9
labels_9,8,ds,0.0005098333333333,1.0,1.0,9
labels_9,8,pec,0.000628534946118,1.0,1.0,9
labels_9,9,mv,0.000984,1.0,1.0,9
labels_9,9,ds,0.0005506666666666,1.0,1.0,9
labels_9,9,pec,0.0006949405886127,1.0,1.0,9
labels_9,10,mv,0.0008646666666666,1.0,1.0,9
labels_9,10,ds,0.0004343333333333,1.0,1.0,9
labels_9,10,pec,0.0007303639527038,1.0,1.0,9
labels_9,11,mv,0.0011654999999999,1.0,1.0,9
labels_9,11,ds,0.0006488333333333,1.0,1.0,9
labels_9,11,pec,0.0009387377172386,1.0,1.0,9
labels_9,12,mv,0.0008858333333333,1.0,1.0,9
labels_9,12,ds,0.0006583333333333,1.0,1.0,9
labels_9,12,pec,0.000968090094631,1.0,1.0,9
labels_9,13,mv,0.0013401666666666,1.0,1.0,9
labels_9,13,ds,0.0008743333333333,1.0,1.0,9
labels_9,13,pec,0.0011664209026108,1.0,1.0,9
labels_9,14,mv,0.0011138333333333,1.0,1.0,9
labels_9,14,ds,0.0005593333333333,1.0,1.0,9
labels_9,14,pec,0.0008524949894142,1.0,1.0,9
labels_9,15,mv,0.0011021666666666,1.0,1.0,9
labels_9,15,ds,0.0007953333333333,1.0,1.0,9
labels_9,15,pec,0.0010538027688439,1.0,1.0,9
labels_9,16,mv,0.0008171666666666,1.0,1.0,9
labels_9,16,ds,0.0005931666666666,1.0,1.0,9
labels_9,16,pec,0.0009374634809766,1.0,1.0,9
labels_9,17,mv,0.001151,1.0,1.0,9
labels_9,17,ds,0.0006603333333333,1.0,1.0,9
labels_9,17,pec,0.0008985736063084,1.0,1.0,9
labels_9,18,mv,0.0010166666666666,1.0,1.0,9
labels_9,18,ds,0.0005078333333333,1.0,1.0,9
labels_9,18,pec,0.0007883731934044,1.0,1.0,9
labels_9,19,mv,0.0012489999999999,1.0,1.0,9
labels_9,19,ds,0.0008879999999999,1.0,1.0,9
labels_9,19,pec,0.001315883544454,1.0,1.0,9
labels_9,20,mv,0.0009101666666666,1.0,1.0,9
labels_9,20,ds,0.0003073333333333,1.0,1.0,9
labels_9,20,pec,0.0005269314661966,1.0,1.0,9
labels_9,21,mv,0.0008515,1.0,1.0,9
labels_9,21,ds,0.0005978333333333,1.0,1.0,9
labels_9,21,pec,0.0007992807558381,1.0,1.0,9
labels_9,22,mv,0.0011771666666666,1.0,1.0,9
labels_9,22,ds,0.0006364999999999,1.0,1.0,9
labels_9,22,pec,0.0009190616072433,1.0,1.0,9
labels_9,23,mv,0.001601,1.0,1.0,9
labels_9,23,ds,0.0011611666666666,1.0,1.0,9
labels_9,23,pec,0.001452669096256,1.0,1.0,9
labels_9,24,mv,0.0011149999999999,1.0,1.0,9
labels_9,24,ds,0.0007636666666666,1.0,1.0,9
labels_9,24,pec,0.0009909101810515,1.0,1.0,9
labels_9,25,mv,0.0009351666666666,1.0,1.0,9
labels_9,25,ds,0.000586,1.0,1.0,9
labels_9,25,pec,0.0008777271684116,1.0,1.0,9
labels_9,26,mv,0.0011016666666666,1.0,1.0,9
labels_9,26,ds,0.0009219999999999,1.0,1.0,9
labels_9,26,pec,0.0011029417063871,1.0,1.0,9
labels_9,27,mv,0.0013111666666666,1.0,1.0,9
labels_9,27,ds,0.0005936666666666,1.0,1.0,9
labels_9,27,pec,0.0008341297019271,1.0,1.0,9
labels_9,28,mv,0.0008314999999999,1.0,1.0,9
labels_9,28,ds,0.0004718333333333,1.0,1.0,9
labels_9,28,pec,0.0007033924454751,1.0,1.0,9
labels_9,29,mv,0.0010065,1.0,1.0,9
labels_9,29,ds,0.0004636666666666,1.0,1.0,9
labels_9,29,pec,0.0007394177346076,1.0,1.0,9
labels_9,30,mv,0.0021471666666666,1.0,1.0,9
labels_9,30,ds,0.0010993333333333,1.0,1.0,9
labels_9,30,pec,0.0014800171226326,1.0,1.0,9
labels_9,31,mv,0.0010613333333333,1.0,1.0,9
labels_9,31,ds,0.0010626666666666,1.0,1.0,9
labels_9,31,pec,0.0014033355445574,1.0,1.0,9
labels_9,32,mv,0.0011374999999999,1.0,1.0,9
labels_9,32,ds,0.0010623333333333,1.0,1.0,9
labels_9,32,pec,0.0013264373231425,1.0,1.0,9
labels_9,33,mv,0.0008953333333333,1.0,1.0,9
labels_9,33,ds,0.0007124999999999,1.0,1.0,9
labels_9,33,pec,0.0008309100669097,1.0,1.0,9
labels_9,34,mv,0.0015143333333333,1.0,1.0,9
labels_9,34,ds,0.0010056666666666,1.0,1.0,9
labels_9,34,pec,0.0012613245296903,1.0,1.0,9
labels_9,35,mv,0.0009825,1.0,1.0,9
labels_9,35,ds,0.0006821666666666,1.0,1.0,9
labels_9,35,pec,0.0007997536228062,1.0,1.0,9
labels_9,36,mv,0.0011133333333333,1.0,1.0,9
labels_9,36,ds,0.0006021666666666,1.0,1.0,9
labels_9,36,pec,0.0009692099504622,1.0,1.0,9
labels_9,37,mv,0.0006868333333333,1.0,1.0,9
labels_9,37,ds,0.0005626666666666,1.0,1.0,9
labels_9,37,pec,0.0007602792153396,1.0,1.0,9
labels_9,38,mv,0.0011414999999999,1.0,1.0,9
labels_9,38,ds,0.0006656666666666,1.0,1.0,9
labels_9,38,pec,0.0008150254945284,1.0,1.0,9
labels_9,39,mv,0.0010356666666666,1.0,1.0,9
labels_9,39,ds,0.0007951666666666,1.0,1.0,9
labels_9,39,pec,0.0010469623086367,1.0,1.0,9
labels_9,40,mv,0.0007848333333333,1.0,1.0,9
labels_9,40,ds,0.000625,1.0,1.0,9
labels_9,40,pec,0.0009037714740112,1.0,1.0,9
labels_9,41,mv,0.0009258333333333,1.0,1.0,9
labels_9,41,ds,0.0006226666666666,1.0,1.0,9
labels_9,41,pec,0.0008626754637315,1.0,1.0,9
labels_9,42,mv,0.0010451666666666,1.0,1.0,9
labels_9,42,ds,0.0008804999999999,1.0,1.0,9
labels_9,42,pec,0.0010409165611273,1.0,1.0,9
labels_9,43,mv,0.0010034999999999,1.0,1.0,9
labels_9,43,ds,0.0008764999999999,1.0,1.0,9
labels_9,43,pec,0.0011280962566441,1.0,1.0,9
labels_9,44,mv,0.0010885,1.0,1.0,9
labels_9,44,ds,0.0005306666666666,1.0,1.0,9
labels_9,44,pec,0.0007637682678692,1.0,1.0,9
labels_9,45,mv,0.0009725,1.0,1.0,9
labels_9,45,ds,0.000412,1.0,1.0,9
labels_9,45,pec,0.0006798217322756,1.0,1.0,9
labels_9,46,mv,0.0006165,1.0,1.0,9
labels_9,46,ds,0.0004123333333333,1.0,1.0,9
labels_9,46,pec,0.0006548819301959,1.0,1.0,9
labels_9,47,mv,0.001653,1.0,1.0,9
labels_9,47,ds,0.0009996666666666,1.0,1.0,9
labels_9,47,pec,0.0013548931317733,1.0,1.0,9
labels_9,48,mv,0.0014643333333333,1.0,1.0,9
labels_9,48,ds,0.0009306666666666,1.0,1.0,9
labels_9,48,pec,0.0011057156873651,1.0,1.0,9
labels_9,49,mv,0.0007705,1.0,1.0,9
labels_9,49,ds,0.0005405,1.0,1.0,9
labels_9,49,pec,0.0007754796952127,1.0,1.0,9
labels_9,50,mv,0.0009898333333333,1.0,1.0,9
labels_9,50,ds,0.0007971666666666,1.0,1.0,9
labels_9,50,pec,0.001005210775249,1.0,1.0,9
labels_9,51,mv,0.0008408333333333,1.0,1.0,9
labels_9,51,ds,0.0006824999999999,1.0,1.0,9
labels_9,51,pec,0.0009972148944242,1.0,1.0,9
labels_9,52,mv,0.0009955,1.0,1.0,9
labels_9,52,ds,0.0007491666666666,1.0,1.0,9
labels_9,52,pec,0.000916630777789,1.0,1.0,9
labels_9,53,mv,0.0010601666666666,1.0,1.0,9
labels_9,53,ds,0.0006303333333333,1.0,1.0,9
labels_9,53,pec,0.0008003583296859,1.0,1.0,9
labels_9,54,mv,0.0013431666666666,1.0,1.0,9
labels_9,54,ds,0.0008139999999999,1.0,1.0,9
labels_9,54,pec,0.0009995582879302,1.0,1.0,9
labels_9,55,mv,0.0008376666666666,1.0,1.0,9
labels_9,55,ds,0.0007301666666666,1.0,1.0,9
labels_9,55,pec,0.0009997027475829,1.0,1.0,9
labels_9,56,mv,0.0013878333333333,1.0,1.0,9
labels_9,56,ds,0.0004935,1.0,1.0,9
labels_9,56,pec,0.0007825574045765,1.0,1.0,9
labels_9,57,mv,0.0009918333333333,1.0,1.0,9
labels_9,57,ds,0.0004341666666666,1.0,1.0,9
labels_9,57,pec,0.0006605905478459,1.0,1.0,9
labels_9,58,mv,0.0010833333333333,1.0,1.0,9
labels_9,58,ds,0.0008798333333333,0.8666666666666666,0.9333333333333332,9
labels_9,58,pec,0.0011420215687603,0.8666666666666666,0.9333333333333332,9
labels_9,59,mv,0.0010523333333333,1.0,1.0,9
labels_9,59,ds,0.0009319999999999,1.0,1.0,9
labels_9,59,pec,0.0010996420125395,1.0,1.0,9
labels_9,60,mv,0.000884,1.0,1.0,9
labels_9,60,ds,0.0006636666666666,1.0,1.0,9
labels_9,60,pec,0.0008788875247897,1.0,1.0,9
labels_9,61,mv,0.0012985,1.0,1.0,9
labels_9,61,ds,0.0010293333333333,1.0,1.0,9
labels_9,61,pec,0.0013597207636451,1.0,1.0,9
labels_9,62,mv,0.0012331666666666,1.0,1.0,9
labels_9,62,ds,0.0006558333333333,1.0,1.0,9
labels_9,62,pec,0.0010302672611732,1.0,1.0,9
labels_9,63,mv,0.0011083333333333,1.0,1.0,9
labels_9,63,ds,0.000658,1.0,1.0,9
labels_9,63,pec,0.0008816817058354,1.0,1.0,9
labels_9,64,mv,0.0014535,1.0,1.0,9
labels_9,64,ds,0.0008563333333333,1.0,1.0,9
labels_9,64,pec,0.0011735930324212,1.0,1.0,9
labels_9,65,mv,0.0019166666666666,1.0,1.0,9
labels_9,65,ds,0.0012798333333333,1.0,1.0,9
labels_9,65,pec,0.0014442610768236,1.0,1.0,9
labels_9,66,mv,0.0005511666666666,1.0,1.0,9
labels_9,66,ds,0.0001851666666666,1.0,1.0,9
labels_9,66,pec,0.0003548592287086,1.0,1.0,9
labels_9,67,mv,0.0006695,1.0,1.0,9
labels_9,67,ds,0.000424,1.0,1.0,9
labels_9,67,pec,0.000652036775614,1.0,1.0,9
labels_9,68,mv,0.0013273333333333,1.0,1.0,9
labels_9,68,ds,0.0008213333333333,1.0,1.0,9
labels_9,68,pec,0.0010461571204008,1.0,1.0,9
labels_9,69,mv,0.0006828333333333,1.0,1.0,9
labels_9,69,ds,0.0004904999999999,1.0,1.0,9
labels_9,69,pec,0.0006976076361811,1.0,1.0,9
labels_9,70,mv,0.0018165,1.0,1.0,9
labels_9,70,ds,0.0009341666666666,1.0,1.0,9
labels_9,70,pec,0.0012397394967649,1.0,1.0,9
labels_9,71,mv,0.0014233333333333,1.0,1.0,9
labels_9,71,ds,0.0008028333333333,1.0,1.0,9
labels_9,71,pec,0.0010833801069727,1.0,1.0,9
labels_9,72,mv,0.0009854999999999,1.0,1.0,9
labels_9,72,ds,0.0004494999999999,1.0,1.0,9
labels_9,72,pec,0.0007363925963164,1.0,1.0,9
labels_9,73,mv,0.0010223333333333,1.0,1.0,9
labels_9,73,ds,0.0007921666666666,1.0,1.0,9
labels_9,73,pec,0.0010302754882016,1.0,1.0,9
labels_9,74,mv,0.0011393333333333,1.0,1.0,9
labels_9,74,ds,0.0006271666666666,1.0,1.0,9
labels_9,74,pec,0.0009918092545471,1.0,1.0,9
labels_9,75,mv,0.0010753333333333,1.0,1.0,9
labels_9,75,ds,0.0005836666666666,1.0,1.0,9
labels_9,75,pec,0.000843725678433,1.0,1.0,9
labels_9,76,mv,0.0006146666666666,1.0,1.0,9
labels_9,76,ds,0.0006085,1.0,1.0,9
labels_9,76,pec,0.0007667285193824,1.0,1.0,9
labels_9,77,mv,0.0013464999999999,1.0,1.0,9
labels_9,77,ds,0.0009713333333333,1.0,1.0,9
labels_9,77,pec,0.001363231767766,1.0,1.0,9
labels_9,78,mv,0.0012998333333333,1.0,1.0,9
labels_9,78,ds,0.0007308333333333,1.0,1.0,9
labels_9,78,pec,0.0010477636079708,1.0,1.0,9
labels_9,79,mv,0.0007654999999999,1.0,1.0,9
labels_9,79,ds,0.0006245,1.0,1.0,9
labels_9,79,pec,0.0008426426430858,1.0,1.0,9
labels_9,80,mv,0.0011783333333333,1.0,1.0,9
labels_9,80,ds,0.000857,1.0,1.0,9
labels_9,80,pec,0.0010304422476685,1.0,1.0,9
labels_9,81,mv,0.0014509999999999,1.0,1.0,9
labels_9,81,ds,0.0008204999999999,1.0,1.0,9
labels_9,81,pec,0.0011748166310553,1.0,1.0,9
labels_9,82,mv,0.0011659999999999,1.0,1.0,9
labels_9,82,ds,0.000828,1.0,1.0,9
labels_9,82,pec,0.0010365575104494,1.0,1.0,9
labels_9,83,mv,0.000841,1.0,1.0,9
labels_9,83,ds,0.0004745,1.0,1.0,9
labels_9,83,pec,0.0007988116855912,1.0,1.0,9
labels_9,84,mv,0.0012116666666666,1.0,1.0,9
labels_9,84,ds,0.000924,1.0,1.0,9
labels_9,84,pec,0.00129450480574,1.0,1.0,9
labels_9,85,mv,0.0010268333333333,1.0,1.0,9
labels_9,85,ds,0.0006793333333333,1.0,1.0,9
labels_9,85,pec,0.0010403520459731,1.0,1.0,9
labels_9,86,mv,0.0007411666666666,1.0,1.0,9
labels_9,86,ds,0.0005581666666666,1.0,1.0,9
labels_9,86,pec,0.0009024544810611,1.0,1.0,9
labels_9,87,mv,0.0011584999999999,1.0,1.0,9
labels_9,87,ds,0.0007206666666666,1.0,1.0,9
labels_9,87,pec,0.0009466398590607,1.0,1.0,9
labels_9,88,mv,0.000697,1.0,1.0,9
labels_9,88,ds,0.0006769999999999,1.0,1.0,9
labels_9,88,pec,0.0009314007642379,1.0,1.0,9
labels_9,89,mv,0.0010871666666666,1.0,1.0,9
labels_9,89,ds,0.0006734999999999,1.0,1.0,9
labels_9,89,pec,0.0008937267633579,1.0,1.0,9
labels_9,90,mv,0.0014913333333333,1.0,1.0,9
labels_9,90,ds,0.0007886666666666,1.0,1.0,9
labels_9,90,pec,0.0010368927156223,1.0,1.0,9
labels_9,91,mv,0.0006529999999999,1.0,1.0,9
labels_9,91,ds,0.0003613333333333,1.0,1.0,9
labels_9,91,pec,0.0005484035592273,1.0,1.0,9
labels_9,92,mv,0.0009248333333333,1.0,1.0,9
labels_9,92,ds,0.0005735,1.0,1.0,9
labels_9,92,pec,0.0008606552128436,1.0,1.0,9
labels_9,93,mv,0.0014944999999999,1.0,1.0,9
labels_9,93,ds,0.0007823333333333,1.0,1.0,9
labels_9,93,pec,0.0010774166658586,1.0,1.0,9
labels_9,94,mv,0.0014054999999999,1.0,1.0,9
labels_9,94,ds,0.0009744999999999,1.0,1.0,9
labels_9,94,pec,0.0012349413277977,1.0,1.0,9
labels_9,95,mv,0.0007311666666666,1.0,1.0,9
labels_9,95,ds,0.0003664999999999,1.0,1.0,9
labels_9,95,pec,0.0005431077360701,1.0,1.0,9
labels_9,96,mv,0.0009183333333333,1.0,1.0,9
labels_9,96,ds,0.0006058333333333,0.966091783079296,0.9666666666666668,9
labels_9,96,pec,0.0008326872698323,1.0,1.0,9
labels_9,97,mv,0.0012828333333333,1.0,1.0,9
labels_9,97,ds,0.0006676666666666,1.0,1.0,9
labels_9,97,pec,0.0009115145098964,1.0,1.0,9
labels_9,98,mv,0.0012104999999999,1.0,1.0,9
labels_9,98,ds,0.0005358333333333,1.0,1.0,9
labels_9,98,pec,0.0007797608877036,1.0,1.0,9
labels_9,99,mv,0.0010811666666666,1.0,1.0,9
labels_9,99,ds,0.0009916666666666,1.0,1.0,9
labels_9,99,pec,0.0012539221920114,1.0,1.0,9
