config,repetition,method,mse,kendall_tau,ranking_accuracy,lenient_fraction
lenient_00,0,mv,0.002035000000000001,0.9999999999999999,1.0,0.0
lenient_00,0,ds,0.001348833333333333,0.9999999999999999,1.0,0.0
lenient_00,0,pec,0.0019059178039487418,0.9999999999999999,1.0,0.0
lenient_00,1,mv,0.0032431666666666646,0.9999999999999999,1.0,0.0
lenient_00,1,ds,0.0018646666666666688,0.9999999999999999,1.0,0.0
lenient_00,1,pec,0.002409304233136777,0.9999999999999999,1.0,0.0
lenient_00,2,mv,0.0017866666666666664,0.9999999999999999,1.0,0.0
lenient_00,2,ds,0.0013383333333333346,0.9999999999999999,1.0,0.0
lenient_00,2,pec,0.0017469573226980993,0.9999999999999999,1.0,0.0
lenient_00,3,mv,0.0019971666666666666,0.9999999999999999,1.0,0.0
lenient_00,3,ds,0.0016028333333333328,0.9999999999999999,1.0,0.0
lenient_00,3,pec,0.0017432984205795526,0.9999999999999999,1.0,0.0
lenient_00,4,mv,0.002286000000000001,0.9999999999999999,1.0,0.0
lenient_00,4,ds,0.0013803333333333335,0.9999999999999999,1.0,0.0
lenient_00,4,pec,0.0024233730186074996,0.9999999999999999,1.0,0.0
lenient_00,5,mv,0.0017613333333333346,0.9999999999999999,1.0,0.0
lenient_00,5,ds,0.0010311666666666666,0.9999999999999999,1.0,0.0
lenient_00,5,pec,0.0014784484016603812,0.9999999999999999,1.0,0.0
lenient_00,6,mv,0.001614333333333334,0.9999999999999999,1.0,0.0
lenient_00,6,ds,0.0011581666666666667,0.9999999999999999,1.0,0.0
lenient_00,6,pec,0.0016922988567130033,0.9999999999999999,1.0,0.0
lenient_00,7,mv,0.0012418333333333337,0.9999999999999999,1.0,0.0
lenient_00,7,ds,0.0005589999999999999,0.9999999999999999,1.0,0.0
lenient_00,7,pec,0.0010198013492208535,0.9999999999999999,1.0,0.0
lenient_00,8,mv,0.001654000000000001,0.9999999999999999,1.0,0.0
lenient_00,8,ds,0.0010926666666666671,0.9999999999999999,1.0,0.0
lenient_00,8,pec,0.0018269215101498527,0.9999999999999999,1.0,0.0
lenient_00,9,mv,0.0016045,0.8666666666666666,0.9333333333333333,0.0
lenient_00,9,ds,0.0009505000000000013,0.9999999999999999,1.0,0.0
lenient_00,9,pec,0.0015529567318256436,0.9999999999999999,1.0,0.0
lenient_00,10,mv,0.0017986666666666665,0.9999999999999999,1.0,0.0
lenient_00,10,ds,0.001380333333333333,0.9999999999999999,1.0,0.0
lenient_00,10,pec,0.002096420705363986,0.9999999999999999,1.0,0.0
lenient_00,11,mv,0.0018314999999999974,0.9999999999999999,1.0,0.0
lenient_00,11,ds,0.0014051666666666642,0.9999999999999999,1.0,0.0
lenient_00,11,pec,0.0018012304714289014,0.9999999999999999,1.0,0.0
lenient_00,12,mv,0.0016311666666666668,0.9999999999999999,1.0,0.0
lenient_00,12,ds,0.0008525000000000007,0.9999999999999999,1.0,0.0
lenient_00,12,pec,0.0013222280983509747,0.9999999999999999,1.0,0.0
lenient_00,13,mv,0.0020028333333333335,0.9999999999999999,1.0,0.0
lenient_00,13,ds,0.0011510000000000008,0.9999999999999999,1.0,0.0
lenient_00,13,pec,0.001983849812589422,0.9999999999999999,1.0,0.0
lenient_00,14,mv,0.0017298333333333315,0.9999999999999999,1.0,0.0
lenient_00,14,ds,0.0014004999999999996,0.9999999999999999,1.0,0.0
lenient_00,14,pec,0.0019248676574204068,0.9999999999999999,1.0,0.0
lenient_00,15,mv,0.0016213333333333349,0.9999999999999999,1.0,0.0
lenient_00,15,ds,0.0011928333333333348,0.9999999999999999,1.0,0.0
lenient_00,15,pec,0.0016874697319927932,0.9999999999999999,1.0,0.0
lenient_00,16,mv,0.0017399999999999991,0.9999999999999999,1.0,0.0
lenient_00,16,ds,0.001994333333333332,0.9999999999999999,1.0,0.0
lenient_00,16,pec,0.0026854478859056024,0.9999999999999999,1.0,0.0
lenient_00,17,mv,0.0020391666666666674,0.9999999999999999,1.0,0.0
lenient_00,17,ds,0.0010773333333333331,0.9999999999999999,1.0,0.0
lenient_00,17,pec,0.001559712477137195,0.9999999999999999,1.0,0.0
lenient_00,18,mv,0.0016165000000000005,0.9999999999999999,1.0,0.0
lenient_00,18,ds,0.0013253333333333335,0.9999999999999999,1.0,0.0
lenient_00,18,pec,0.0017091982181101813,0.9999999999999999,1.0,0.0
lenient_00,19,mv,0.0022951666666666632,0.9999999999999999,1.0,0.0
lenient_00,19,ds,0.001722166666666666,0.8666666666666666,0.9333333333333333,0.0
lenient_00,19,pec,0.0022118015003994465,0.9999999999999999,1.0,0.0
lenient_00,20,mv,0.0014781666666666665,0.9999999999999999,1.0,0.0
lenient_00,20,ds,0.0009896666666666663,0.9999999999999999,1.0,0.0
lenient_00,20,pec,0.0012026069269080529,0.9999999999999999,1.0,0.0
lenient_00,21,mv,0.0011513333333333339,0.9999999999999999,1.0,0.0
lenient_00,21,ds,0.0007475000000000011,0.9999999999999999,1.0,0.0
lenient_00,21,pec,0.0011510252034992886,0.9999999999999999,1.0,0.0
lenient_00,22,mv,0.0017331666666666656,0.9999999999999999,1.0,0.0
lenient_00,22,ds,0.0010478333333333336,0.9999999999999999,1.0,0.0
lenient_00,22,pec,0.0014328614560062995,0.9999999999999999,1.0,0.0
lenient_00,23,mv,0.0017671666666666678,0.9999999999999999,1.0,0.0
lenient_00,23,ds,0.0010060000000000004,0.9999999999999999,1.0,0.0
lenient_00,23,pec,0.0014739813775952538,0.9999999999999999,1.0,0.0
lenient_00,24,mv,0.0016853333333333332,0.9999999999999999,1.0,0.0
lenient_00,24,ds,0.0012634999999999996,0.9999999999999999,1.0,0.0
lenient_00,24,pec,0.0016706625329113948,0.9999999999999999,1.0,0.0
lenient_00,25,mv,0.0022143333333333316,0.9999999999999999,1.0,0.0
lenient_00,25,ds,0.0012185000000000013,0.9999999999999999,1.0,0.0
lenient_00,25,pec,0.0017254880155671655,0.9999999999999999,1.0,0.0
lenient_00,26,mv,0.0016071666666666673,0.9999999999999999,1.0,0.0
lenient_00,26,ds,0.0012305000000000003,0.9999999999999999,1.0,0.0
lenient_00,26,pec,0.0017025870005877306,0.9999999999999999,1.0,0.0
lenient_00,27,mv,0.0018985000000000026,0.9999999999999999,1.0,0.0
lenient_00,27,ds,0.0017325000000000025,0.9999999999999999,1.0,0.0
lenient_00,27,pec,0.0024192783562550393,0.9999999999999999,1.0,0.0
lenient_00,28,mv,0.0023411666666666646,0.9999999999999999,1.0,0.0
lenient_00,28,ds,0.0014860000000000006,0.9999999999999999,1.0,0.0
lenient_00,28,pec,0.0018189077229740353,0.9999999999999999,1.0,0.0
lenient_00,29,mv,0.0010993333333333348,0.9999999999999999,1.0,0.0
lenient_00,29,ds,0.0007575000000000004,0.9999999999999999,1.0,0.0
lenient_00,29,pec,0.001260832998420259,0.9999999999999999,1.0,0.0
lenient_00,30,mv,0.002115333333333337,0.8666666666666666,0.9333333333333333,0.0
lenient_00,30,ds,0.0014045000000000023,0.8666666666666666,0.9333333333333333,0.0
lenient_00,30,pec,0.002082562193377585,0.8666666666666666,0.9333333333333333,0.0
lenient_00,31,mv,0.0021591666666666673,0.9999999999999999,1.0,0.0
lenient_00,31,ds,0.0014853333333333333,0.9999999999999999,1.0,0.0
lenient_00,31,pec,0.0019433384593518347,0.9999999999999999,1.0,0.0
lenient_00,32,mv,0.0014593333333333327,0.9999999999999999,1.0,0.0
lenient_00,32,ds,0.0017174999999999992,0.9999999999999999,1.0,0.0
lenient_00,32,pec,0.002013720157017992,0.9999999999999999,1.0,0.0
lenient_00,33,mv,0.0022911666666666644,0.9999999999999999,1.0,0.0
lenient_00,33,ds,0.0017579999999999998,0.9999999999999999,1.0,0.0
lenient_00,33,pec,0.002298853393901854,0.9999999999999999,1.0,0.0
lenient_00,34,mv,0.002050833333333333,0.9999999999999999,1.0,0.0
lenient_00,34,ds,0.0013994999999999997,0.9999999999999999,1.0,0.0
lenient_00,34,pec,0.0022236414693535215,0.9999999999999999,1.0,0.0
lenient_00,35,mv,0.0018248333333333317,0.9999999999999999,1.0,0.0
lenient_00,35,ds,0.0010356666666666678,0.9999999999999999,1.0,0.0
lenient_00,35,pec,0.001413027812519431,0.9999999999999999,1.0,0.0
lenient_00,36,mv,0.0018911666666666666,0.9999999999999999,1.0,0.0
lenient_00,36,ds,0.0011133333333333344,0.9999999999999999,1.0,0.0
lenient_00,36,pec,0.0018905037804822413,0.9999999999999999,1.0,0.0
lenient_00,37,mv,0.0015571666666666679,0.9999999999999999,1.0,0.0
lenient_00,37,ds,0.0012385000000000015,0.9999999999999999,1.0,0.0
lenient_00,37,pec,0.0018070472900578569,0.9999999999999999,1.0,0.0
lenient_00,38,mv,0.0018775000000000005,0.9999999999999999,1.0,0.0
lenient_00,38,ds,0.001164499999999999,0.9999999999999999,1.0,0.0
lenient_00,38,pec,0.001504782395856165,0.9999999999999999,1.0,0.0
lenient_00,39,mv,0.0013079999999999995,0.9999999999999999,1.0,0.0
lenient_00,39,ds,0.0007538333333333324,0.9999999999999999,1.0,0.0
lenient_00,39,pec,0.0013001306246505108,0.9999999999999999,1.0,0.0
lenient_00,40,mv,0.0012266666666666682,0.9999999999999999,1.0,0.0
lenient_00,40,ds,0.0008715000000000007,0.9999999999999999,1.0,0.0
lenient_00,40,pec,0.0012306660019451258,0.9999999999999999,1.0,0.0
lenient_00,41,mv,0.0025318333333333326,0.9999999999999999,1.0,0.0
lenient_00,41,ds,0.002012833333333334,0.9999999999999999,1.0,0.0
lenient_00,41,pec,0.002969841375004201,0.9999999999999999,1.0,0.0
lenient_00,42,mv,0.0018490000000000008,0.9999999999999999,1.0,0.0
lenient_00,42,ds,0.0018238333333333336,0.9999999999999999,1.0,0.0
lenient_00,42,pec,0.0023765072748078955,0.9999999999999999,1.0,0.0
lenient_00,43,mv,0.001823333333333331,0.9999999999999999,1.0,0.0
lenient_00,43,ds,0.001223666666666666,0.9999999999999999,1.0,0.0
lenient_00,43,pec,0.0018745421986054265,0.9999999999999999,1.0,0.0
lenient_00,44,mv,0.0014268333333333353,0.9999999999999999,1.0,0.0
lenient_00,44,ds,0.0008366666666666675,0.9999999999999999,1.0,0.0
lenient_00,44,pec,0.0014482223997282636,0.9999999999999999,1.0,0.0
lenient_00,45,mv,0.0016405000000000022,0.9999999999999999,1.0,0.0
lenient_00,45,ds,0.0008456666666666673,0.9999999999999999,1.0,0.0
lenient_00,45,pec,0.0011697745906996536,0.9999999999999999,1.0,0.0
lenient_00,46,mv,0.0013338333333333334,0.9999999999999999,1.0,0.0
lenient_00,46,ds,0.0007586666666666671,0.9999999999999999,1.0,0.0
lenient_00,46,pec,0.0013862392132262587,0.9999999999999999,1.0,0.0
lenient_00,47,mv,0.0027404999999999977,0.9999999999999999,1.0,0.0
lenient_00,47,ds,0.001963666666666664,0.9999999999999999,1.0,0.0
lenient_00,47,pec,0.002636930819588676,0.9999999999999999,1.0,0.0
lenient_00,48,mv,0.0011303333333333332,0.9999999999999999,1.0,0.0
lenient_00,48,ds,0.0009286666666666674,0.9999999999999999,1.0,0.0
lenient_00,48,pec,0.0014066053219058833,0.9999999999999999,1.0,0.0
lenient_00,49,mv,0.001340666666666668,0.9999999999999999,1.0,0.0
lenient_00,49,ds,0.0007121666666666668,0.9999999999999999,1.0,0.0
lenient_00,49,pec,0.0012495777569455047,0.9999999999999999,1.0,0.0
lenient_00,50,mv,0.0010968333333333331,0.9999999999999999,1.0,0.0
lenient_00,50,ds,0.0009095000000000003,0.9999999999999999,1.0,0.0
lenient_00,50,pec,0.0015724525601341448,0.9999999999999999,1.0,0.0
lenient_00,51,mv,0.0014378333333333326,0.9999999999999999,1.0,0.0
lenient_00,51,ds,0.0008676666666666668,0.9999999999999999,1.0,0.0
lenient_00,51,pec,0.001485394230857383,0.9999999999999999,1.0,0.0
lenient_00,52,mv,0.001556000000000002,0.9999999999999999,1.0,0.0
lenient_00,52,ds,0.0010760000000000012,0.9999999999999999,1.0,0.0
lenient_00,52,pec,0.0016185445853375583,0.9999999999999999,1.0,0.0
lenient_00,53,mv,0.0019121666666666644,0.9999999999999999,1.0,0.0
lenient_00,53,ds,0.0011513333333333326,0.9999999999999999,1.0,0.0
lenient_00,53,pec,0.001369343140284112,0.9999999999999999,1.0,0.0
lenient_00,54,mv,0.0014518333333333338,0.9999999999999999,1.0,0.0
lenient_00,54,ds,0.0008383333333333336,0.9999999999999999,1.0,0.0
lenient_00,54,pec,0.0013876952581629144,0.9999999999999999,1.0,0.0
lenient_00,55,mv,0.0018291666666666667,0.9999999999999999,1.0,0.0
lenient_00,55,ds,0.0011214999999999995,0.9999999999999999,1.0,0.0
lenient_00,55,pec,0.001802352057548768,0.9999999999999999,1.0,0.0
lenient_00,56,mv,0.0016406666666666677,0.9999999999999999,1.0,0.0
lenient_00,56,ds,0.0008743333333333342,0.9999999999999999,1.0,0.0
lenient_00,56,pec,0.00140659194666677,0.9999999999999999,1.0,0.0
lenient_00,57,mv,0.0014978333333333347,0.9999999999999999,1.0,0.0
lenient_00,57,ds,0.001074333333333334,0.9999999999999999,1.0,0.0
lenient_00,57,pec,0.001444430932119451,0.9999999999999999,1.0,0.0
lenient_00,58,mv,0.0024918333333333324,0.9999999999999999,1.0,0.0
lenient_00,58,ds,0.0012716666666666681,0.9999999999999999,1.0,0.0
lenient_00,58,pec,0.0020438819849190304,0.9999999999999999,1.0,0.0
lenient_00,59,mv,0.0018064999999999984,0.9999999999999999,1.0,0.0
lenient_00,59,ds,0.0016171666666666676,0.9999999999999999,1.0,0.0
lenient_00,59,pec,0.0018655992548680326,0.9999999999999999,1.0,0.0
lenient_00,60,mv,0.0014583333333333308,0.9999999999999999,1.0,0.0
lenient_00,60,ds,0.0007938333333333338,0.9999999999999999,1.0,0.0
lenient_00,60,pec,0.0011610510347957181,0.9999999999999999,1.0,0.0
lenient_00,61,mv,0.0018521666666666662,0.9999999999999999,1.0,0.0
lenient_00,61,ds,0.0011966666666666673,0.9999999999999999,1.0,0.0
lenient_00,61,pec,0.0019259634090562589,0.9999999999999999,1.0,0.0
lenient_00,62,mv,0.0018430000000000028,0.9999999999999999,1.0,0.0
lenient_00,62,ds,0.0013225000000000025,0.9999999999999999,1.0,0.0
lenient_00,62,pec,0.0021307323270021708,0.9999999999999999,1.0,0.0
lenient_00,63,mv,0.0017576666666666654,0.9999999999999999,1.0,0.0
lenient_00,63,ds,0.000968833333333334,0.9999999999999999,1.0,0.0
lenient_00,63,pec,0.0013987360765240668,0.9999999999999999,1.0,0.0
lenient_00,64,mv,0.0019053333333333316,0.9999999999999999,1.0,0.0
lenient_00,64,ds,0.0012994999999999981,0.9999999999999999,1.0,0.0
lenient_00,64,pec,0.00205504398364098,0.9999999999999999,1.0,0.0
lenient_00,65,mv,0.0023056666666666646,0.9999999999999999,1.0,0.0
lenient_00,65,ds,0.0017401666666666648,0.9999999999999999,1.0,0.0
lenient_00,65,pec,0.0025624513613298045,0.9999999999999999,1.0,0.0
lenient_00,66,mv,0.000843666666666667,0.9999999999999999,1.0,0.0
lenient_00,66,ds,0.0005473333333333332,0.9999999999999999,1.0,0.0
lenient_00,66,pec,0.0008765723130212278,0.9999999999999999,1.0,0.0
lenient_00,67,mv,0.001886833333333335,0.9999999999999999,1.0,0.0
lenient_00,67,ds,0.0012025000000000007,0.9999999999999999,1.0,0.0
lenient_00,67,pec,0.0018776875934194152,0.9999999999999999,1.0,0.0
lenient_00,68,mv,0.0021278333333333323,0.9999999999999999,1.0,0.0
lenient_00,68,ds,0.0017975000000000007,0.9999999999999999,1.0,0.0
lenient_00,68,pec,0.002353143456278861,0.9999999999999999,1.0,0.0
lenient_00,69,mv,0.0016871666666666665,0.9999999999999999,1.0,0.0
lenient_00,69,ds,0.001212833333333333,0.9999999999999999,1.0,0.0
lenient_00,69,pec,0.0016284054561690553,0.9999999999999999,1.0,0.0
lenient_00,70,mv,0.0019569999999999982,0.9999999999999999,1.0,0.0
lenient_00,70,ds,0.0016068333333333332,0.9999999999999999,1.0,0.0
lenient_00,70,pec,0.0021287965651142927,0.9999999999999999,1.0,0.0
lenient_00,71,mv,0.001881,0.9999999999999999,1.0,0.0
lenient_00,71,ds,0.0016791666666666665,0.9999999999999999,1.0,0.0
lenient_00,71,pec,0.002448631281439714,0.9999999999999999,1.0,0.0
lenient_00,72,mv,0.001685666666666668,0.9999999999999999,1.0,0.0
lenient_00,72,ds,0.001100500000000001,0.9999999999999999,1.0,0.0
lenient_00,72,pec,0.0014743554984607407,0.9999999999999999,1.0,0.0
lenient_00,73,mv,0.0015176666666666672,0.9999999999999999,1.0,0.0
lenient_00,73,ds,0.000778333333333333,0.9999999999999999,1.0,0.0
lenient_00,73,pec,0.0014333239662461103,0.9999999999999999,1.0,0.0
lenient_00,74,mv,0.0017001666666666656,0.9999999999999999,1.0,0.0
lenient_00,74,ds,0.0010381666666666653,0.9999999999999999,1.0,0.0
lenient_00,74,pec,0.001568006205679993,0.9999999999999999,1.0,0.0
lenient_00,75,mv,0.002088333333333334,0.9999999999999999,1.0,0.0
lenient_00,75,ds,0.0016498333333333332,0.9999999999999999,1.0,0.0
lenient_00,75,pec,0.0020595094951190262,0.9999999999999999,1.0,0.0
lenient_00,76,mv,0.001743666666666667,0.9999999999999999,1.0,0.0
lenient_00,76,ds,0.0013461666666666663,0.9999999999999999,1.0,0.0
lenient_00,76,pec,0.001749461727276521,0.9999999999999999,1.0,0.0
lenient_00,77,mv,0.0018899999999999993,0.9999999999999999,1.0,0.0
lenient_00,77,ds,0.0013451666666666657,0.9999999999999999,1.0,0.0
lenient_00,77,pec,0.00203609411041146,0.9999999999999999,1.0,0.0
lenient_00,78,mv,0.0013458333333333332,0.9999999999999999,1.0,0.0
lenient_00,78,ds,0.0012578333333333328,0.9999999999999999,1.0,0.0
lenient_00,78,pec,0.0018233382651586447,0.9999999999999999,1.0,0.0
lenient_00,79,mv,0.0016954999999999997,0.9999999999999999,1.0,0.0
lenient_00,79,ds,0.0011768333333333327,0.9999999999999999,1.0,0.0
lenient_00,79,pec,0.0014657423221058298,0.9999999999999999,1.0,0.0
lenient_00,80,mv,0.0013558333333333339,0.9999999999999999,1.0,0.0
lenient_00,80,ds,0.0009570000000000004,0.9999999999999999,1.0,0.0
lenient_00,80,pec,0.0013581850228366898,0.9999999999999999,1.0,0.0
lenient_00,81,mv,0.0019985,0.9999999999999999,1.0,0.0
lenient_00,81,ds,0.001906166666666666,0.9999999999999999,1.0,0.0
lenient_00,81,pec,0.0021537531147646925,0.9999999999999999,1.0,0.0
lenient_00,82,mv,0.0017316666666666643,0.9999999999999999,1.0,0.0
lenient_00,82,ds,0.0009411666666666661,0.9999999999999999,1.0,0.0
lenient_00,82,pec,0.0015972414979155906,0.9999999999999999,1.0,0.0
lenient_00,83,mv,0.0013500000000000007,0.9999999999999999,1.0,0.0
lenient_00,83,ds,0.0006500000000000002,0.9999999999999999,1.0,0.0
lenient_00,83,pec,0.0011140372341426636,0.9999999999999999,1.0,0.0
lenient_00,84,mv,0.0019005,0.9999999999999999,1.0,0.0
lenient_00,84,ds,0.0015238333333333343,0.9999999999999999,1.0,0.0
lenient_00,84,pec,0.0022350102343813793,0.9999999999999999,1.0,0.0
lenient_00,85,mv,0.0016086666666666662,0.9999999999999999,1.0,0.0
lenient_00,85,ds,0.0011296666666666658,0.9999999999999999,1.0,0.0
lenient_00,85,pec,0.0016384561234754885,0.9999999999999999,1.0,0.0
lenient_00,86,mv,0.001432666666666666,0.8666666666666666,0.9333333333333333,0.0
lenient_00,86,ds,0.0011545000000000008,0.8666666666666666,0.9333333333333333,0.0
lenient_00,86,pec,0.001768475817011773,0.8666666666666666,0.9333333333333333,0.0
lenient_00,87,mv,0.0015716666666666657,0.9999999999999999,1.0,0.0
lenient_00,87,ds,0.000994999999999999,0.9999999999999999,1.0,0.0
lenient_00,87,pec,0.0016938181532066658,0.9999999999999999,1.0,0.0
lenient_00,88,mv,0.001125833333333333,0.9999999999999999,1.0,0.0
lenient_00,88,ds,0.0006648333333333327,0.9999999999999999,1.0,0.0
lenient_00,88,pec,0.0012604486818628248,0.9999999999999999,1.0,0.0
lenient_00,89,mv,0.0018931666666666645,0.9999999999999999,1.0,0.0
lenient_00,89,ds,0.0013204999999999994,0.9999999999999999,1.0,0.0
lenient_00,89,pec,0.0018200597758559513,0.9999999999999999,1.0,0.0
lenient_00,90,mv,0.002012666666666666,0.9999999999999999,1.0,0.0
lenient_00,90,ds,0.0013186666666666683,0.9999999999999999,1.0,0.0
lenient_00,90,pec,0.0016503332546845596,0.9999999999999999,1.0,0.0
lenient_00,91,mv,0.0014678333333333323,0.9999999999999999,1.0,0.0
lenient_00,91,ds,0.0012668333333333323,0.9999999999999999,1.0,0.0
lenient_00,91,pec,0.0019070822193011851,0.9999999999999999,1.0,0.0
lenient_00,92,mv,0.0014541666666666672,0.9999999999999999,1.0,0.0
lenient_00,92,ds,0.0011045000000000002,0.9999999999999999,1.0,0.0
lenient_00,92,pec,0.0017213260485579747,0.9999999999999999,1.0,0.0
lenient_00,93,mv,0.002005666666666667,0.9999999999999999,1.0,0.0
lenient_00,93,ds,0.0012426666666666673,0.9999999999999999,1.0,0.0
lenient_00,93,pec,0.0017637774436226649,0.9999999999999999,1.0,0.0
lenient_00,94,mv,0.0020745000000000004,0.9999999999999999,1.0,0.0
lenient_00,94,ds,0.0013318333333333333,0.9999999999999999,1.0,0.0
lenient_00,94,pec,0.0018900661647520897,0.9999999999999999,1.0,0.0
lenient_00,95,mv,0.0016958333333333337,0.9999999999999999,1.0,0.0
lenient_00,95,ds,0.0009720000000000006,0.9999999999999999,1.0,0.0
lenient_00,95,pec,0.0013747039789119106,0.9999999999999999,1.0,0.0
lenient_00,96,mv,0.0019258333333333315,0.9999999999999999,1.0,0.0
lenient_00,96,ds,0.001259500000000001,0.9999999999999999,1.0,0.0
lenient_00,96,pec,0.0019187252097610432,0.9999999999999999,1.0,0.0
lenient_00,97,mv,0.0021905000000000006,0.9999999999999999,1.0,0.0
lenient_00,97,ds,0.0019605,0.9999999999999999,1.0,0.0
lenient_00,97,pec,0.0026184841193098007,0.9999999999999999,1.0,0.0
lenient_00,98,mv,0.0021081666666666657,0.9999999999999999,1.0,0.0
lenient_00,98,ds,0.001584833333333334,0.9999999999999999,1.0,0.0
lenient_00,98,pec,0.0022381077175611976,0.9999999999999999,1.0,0.0
lenient_00,99,mv,0.0019260000000000021,0.9999999999999999,1.0,0.0
lenient_00,99,ds,0.0012725000000000008,0.9999999999999999,1.0,0.0
lenient_00,99,pec,0.001935363988164333,0.9999999999999999,1.0,0.0
lenient_10,0,mv,0.0023858333333333336,0.9999999999999999,1.0,0.1
lenient_10,0,ds,0.0015203333333333334,0.9999999999999999,1.0,0.1
lenient_10,0,pec,0.0021106558180451285,0.9999999999999999,1.0,0.1
lenient_10,1,mv,0.003178,0.9999999999999999,1.0,0.1
lenient_10,1,ds,0.0020913333333333335,0.9999999999999999,1.0,0.1
lenient_10,1,pec,0.0028541941584917384,0.9999999999999999,1.0,0.1
lenient_10,2,mv,0.002126833333333333,0.9999999999999999,1.0,0.1
lenient_10,2,ds,0.0012326666666666668,0.9999999999999999,1.0,0.1
lenient_10,2,pec,0.0018604536800421532,0.9999999999999999,1.0,0.1
lenient_10,3,mv,0.00203,0.9999999999999999,1.0,0.1
lenient_10,3,ds,0.0013949999999999993,0.9999999999999999,1.0,0.1
lenient_10,3,pec,0.0018872205061914588,0.9999999999999999,1.0,0.1
lenient_10,4,mv,0.0030068333333333357,0.9999999999999999,1.0,0.1
lenient_10,4,ds,0.001627333333333334,0.9999999999999999,1.0,0.1
lenient_10,4,pec,0.002848342612722049,0.9999999999999999,1.0,0.1
lenient_10,5,mv,0.001469500000000001,0.9999999999999999,1.0,0.1
lenient_10,5,ds,0.0013336666666666668,0.9999999999999999,1.0,0.1
lenient_10,5,pec,0.0018532578914522882,0.9999999999999999,1.0,0.1
lenient_10,6,mv,0.0018905,0.9999999999999999,1.0,0.1
lenient_10,6,ds,0.001259833333333334,0.9999999999999999,1.0,0.1
lenient_10,6,pec,0.0020195823348501778,0.9999999999999999,1.0,0.1
lenient_10,7,mv,0.001119333333333334,0.9999999999999999,1.0,0.1
lenient_10,7,ds,0.0005651666666666666,0.9999999999999999,1.0,0.1
lenient_10,7,pec,0.0009637478490429553,0.9999999999999999,1.0,0.1
lenient_10,8,mv,0.0015858333333333334,0.9999999999999999,1.0,0.1
lenient_10,8,ds,0.001649833333333334,0.9999999999999999,1.0,0.1
lenient_10,8,pec,0.0025005218617510498,0.9999999999999999,1.0,0.1
lenient_10,9,mv,0.0018916666666666667,0.9999999999999999,1.0,0.1
lenient_10,9,ds,0.0014275000000000006,0.9999999999999999,1.0,0.1
lenient_10,9,pec,0.0021690452600836474,0.9999999999999999,1.0,0.1
lenient_10,10,mv,0.0020824999999999997,0.9999999999999999,1.0,0.1
lenient_10,10,ds,0.0017990000000000003,0.9999999999999999,1.0,0.1
lenient_10,10,pec,0.002636753780941987,0.9999999999999999,1.0,0.1
lenient_10,11,mv,0.0020588333333333296,0.9999999999999999,1.0,0.1
lenient_10,11,ds,0.0013254999999999975,0.9999999999999999,1.0,0.1
lenient_10,11,pec,0.0019368651855608413,0.9999999999999999,1.0,0.1
lenient_10,12,mv,0.002260499999999998,0.9999999999999999,1.0,0.1
lenient_10,12,ds,0.0011161666666666679,0.9999999999999999,1.0,0.1
lenient_10,12,pec,0.0017479967013665023,0.9999999999999999,1.0,0.1
lenient_10,13,mv,0.002087666666666667,0.9999999999999999,1.0,0.1
lenient_10,13,ds,0.0013266666666666676,0.9999999999999999,1.0,0.1
lenient_10,13,pec,0.002082376169974217,0.9999999999999999,1.0,0.1
lenient_10,14,mv,0.0017131666666666643,0.9999999999999999,1.0,0.1
lenient_10,14,ds,0.001283,0.9999999999999999,1.0,0.1
lenient_10,14,pec,0.002018346156682029,0.9999999999999999,1.0,0.1
lenient_10,15,mv,0.0021920000000000012,0.9999999999999999,1.0,0.1
lenient_10,15,ds,0.0012291666666666681,0.9999999999999999,1.0,0.1
lenient_10,15,pec,0.0018637428753686587,0.9999999999999999,1.0,0.1
lenient_10,16,mv,0.0017431666666666672,0.9999999999999999,1.0,0.1
lenient_10,16,ds,0.0013453333333333318,0.9999999999999999,1.0,0.1
lenient_10,16,pec,0.002092497495962795,0.9999999999999999,1.0,0.1
lenient_10,17,mv,0.001996333333333334,0.9999999999999999,1.0,0.1
lenient_10,17,ds,0.0008113333333333339,0.9999999999999999,1.0,0.1
lenient_10,17,pec,0.001156481995992147,0.9999999999999999,1.0,0.1
lenient_10,18,mv,0.0018201666666666676,0.9999999999999999,1.0,0.1
lenient_10,18,ds,0.0012483333333333335,0.9999999999999999,1.0,0.1
lenient_10,18,pec,0.0017662174010036312,0.9999999999999999,1.0,0.1
lenient_10,19,mv,0.0021454999999999994,0.9999999999999999,1.0,0.1
lenient_10,19,ds,0.001619166666666668,0.9999999999999999,1.0,0.1
lenient_10,19,pec,0.0020797398085612754,0.9999999999999999,1.0,0.1
lenient_10,20,mv,0.0018643333333333333,0.9999999999999999,1.0,0.1
lenient_10,20,ds,0.0008088333333333324,0.9999999999999999,1.0,0.1
lenient_10,20,pec,0.001173903878132062,0.9999999999999999,1.0,0.1
lenient_10,21,mv,0.0012245000000000016,0.9999999999999999,1.0,0.1
lenient_10,21,ds,0.0007376666666666677,0.9999999999999999,1.0,0.1
lenient_10,21,pec,0.0012608108749358738,0.9999999999999999,1.0,0.1
lenient_10,22,mv,0.0016018333333333336,0.9999999999999999,1.0,0.1
lenient_10,22,ds,0.0007713333333333334,0.9999999999999999,1.0,0.1
lenient_10,22,pec,0.0012612866838966385,0.9999999999999999,1.0,0.1
lenient_10,23,mv,0.0017536666666666673,0.9999999999999999,1.0,0.1
lenient_10,23,ds,0.0011883333333333338,0.9999999999999999,1.0,0.1
lenient_10,23,pec,0.0018358851753297236,0.9999999999999999,1.0,0.1
lenient_10,24,mv,0.001817166666666666,0.9999999999999999,1.0,0.1
lenient_10,24,ds,0.0011948333333333331,0.9999999999999999,1.0,0.1
lenient_10,24,pec,0.001854989574974139,0.9999999999999999,1.0,0.1
lenient_10,25,mv,0.0022958333333333307,0.9999999999999999,1.0,0.1
lenient_10,25,ds,0.0017153333333333326,0.8666666666666666,0.9333333333333333,0.1
lenient_10,25,pec,0.002330888737122687,0.9999999999999999,1.0,0.1
lenient_10,26,mv,0.001715166666666667,0.9999999999999999,1.0,0.1
lenient_10,26,ds,0.002018499999999999,0.9999999999999999,1.0,0.1
lenient_10,26,pec,0.002377370929286137,0.9999999999999999,1.0,0.1
lenient_10,27,mv,0.0021245000000000027,0.9999999999999999,1.0,0.1
lenient_10,27,ds,0.002029833333333334,0.9999999999999999,1.0,0.1
lenient_10,27,pec,0.002765266675683858,0.9999999999999999,1.0,0.1
lenient_10,28,mv,0.002234666666666665,0.9999999999999999,1.0,0.1
lenient_10,28,ds,0.0016866666666666662,0.9999999999999999,1.0,0.1
lenient_10,28,pec,0.0020622308998242355,0.9999999999999999,1.0,0.1
lenient_10,29,mv,0.0011958333333333346,0.9999999999999999,1.0,0.1
lenient_10,29,ds,0.0008783333333333343,0.9999999999999999,1.0,0.1
lenient_10,29,pec,0.0014691209014929566,0.9999999999999999,1.0,0.1
lenient_10,30,mv,0.002609833333333334,0.8666666666666666,0.9333333333333333,0.1
lenient_10,30,ds,0.0015765000000000026,0.8666666666666666,0.9333333333333333,0.1
lenient_10,30,pec,0.002329356606432078,0.8666666666666666,0.9333333333333333,0.1
lenient_10,31,mv,0.002193000000000001,0.9999999999999999,1.0,0.1
lenient_10,31,ds,0.0015096666666666668,0.9999999999999999,1.0,0.1
lenient_10,31,pec,0.001958789035654711,0.9999999999999999,1.0,0.1
lenient_10,32,mv,0.0017289999999999981,0.9999999999999999,1.0,0.1
lenient_10,32,ds,0.0017378333333333323,0.9999999999999999,1.0,0.1
lenient_10,32,pec,0.0019904620213464573,0.9999999999999999,1.0,0.1
lenient_10,33,mv,0.001956999999999998,0.9999999999999999,1.0,0.1
lenient_10,33,ds,0.0016353333333333309,0.9999999999999999,1.0,0.1
lenient_10,33,pec,0.0024754558049953986,0.9999999999999999,1.0,0.1
lenient_10,34,mv,0.0020776666666666665,0.9999999999999999,1.0,0.1
lenient_10,34,ds,0.0014890000000000014,0.9999999999999999,1.0,0.1
lenient_10,34,pec,0.0023421861929488427,0.9999999999999999,1.0,0.1
lenient_10,35,mv,0.0016005000000000006,0.9999999999999999,1.0,0.1
lenient_10,35,ds,0.001097166666666667,0.9999999999999999,1.0,0.1
lenient_10,35,pec,0.0015977567577160924,0.9999999999999999,1.0,0.1
lenient_10,36,mv,0.0023704999999999998,0.9999999999999999,1.0,0.1
lenient_10,36,ds,0.0015799999999999998,0.9999999999999999,1.0,0.1
lenient_10,36,pec,0.002308124420312374,0.9999999999999999,1.0,0.1
lenient_10,37,mv,0.0016031666666666668,0.9999999999999999,1.0,0.1
lenient_10,37,ds,0.0010366666666666684,0.9999999999999999,1.0,0.1
lenient_10,37,pec,0.001858318773789323,0.9999999999999999,1.0,0.1
lenient_10,38,mv,0.0018406666666666667,0.9999999999999999,1.0,0.1
lenient_10,38,ds,0.001341166666666666,0.9999999999999999,1.0,0.1
lenient_10,38,pec,0.0018197084042480196,0.9999999999999999,1.0,0.1
lenient_10,39,mv,0.001450666666666666,0.9999999999999999,1.0,0.1
lenient_10,39,ds,0.0014363333333333335,0.9999999999999999,1.0,0.1
lenient_10,39,pec,0.001945435229920024,0.9999999999999999,1.0,0.1
lenient_10,40,mv,0.0014001666666666685,0.9999999999999999,1.0,0.1
lenient_10,40,ds,0.0011340000000000015,0.9999999999999999,1.0,0.1
lenient_10,40,pec,0.0014312195791625108,0.9999999999999999,1.0,0.1
lenient_10,41,mv,0.0025025000000000013,0.9999999999999999,1.0,0.1
lenient_10,41,ds,0.0019601666666666673,0.9999999999999999,1.0,0.1
lenient_10,41,pec,0.0032134190287519244,0.9999999999999999,1.0,0.1
lenient_10,42,mv,0.002039666666666666,0.9999999999999999,1.0,0.1
lenient_10,42,ds,0.0017935000000000006,0.9999999999999999,1.0,0.1
lenient_10,42,pec,0.0025773888111477335,0.9999999999999999,1.0,0.1
lenient_10,43,mv,0.001962333333333333,0.9999999999999999,1.0,0.1
lenient_10,43,ds,0.0016199999999999993,0.9999999999999999,1.0,0.1
lenient_10,43,pec,0.0020623316372110853,0.9999999999999999,1.0,0.1
lenient_10,44,mv,0.001648666666666669,0.9999999999999999,1.0,0.1
lenient_10,44,ds,0.0011235000000000015,0.9999999999999999,1.0,0.1
lenient_10,44,pec,0.0018047283101483103,0.9999999999999999,1.0,0.1
lenient_10,45,mv,0.0015231666666666685,0.9999999999999999,1.0,0.1
lenient_10,45,ds,0.000853333333333334,0.9999999999999999,1.0,0.1
lenient_10,45,pec,0.0012276717435306716,0.9999999999999999,1.0,0.1
lenient_10,46,mv,0.0014876666666666673,0.9999999999999999,1.0,0.1
lenient_10,46,ds,0.0009598333333333339,0.9999999999999999,1.0,0.1
lenient_10,46,pec,0.0015452689553191138,0.9999999999999999,1.0,0.1
lenient_10,47,mv,0.002687999999999998,0.9999999999999999,1.0,0.1
lenient_10,47,ds,0.002107333333333331,0.9999999999999999,1.0,0.1
lenient_10,47,pec,0.002752048446625429,0.9999999999999999,1.0,0.1
lenient_10,48,mv,0.0014475000000000002,0.9999999999999999,1.0,0.1
lenient_10,48,ds,0.0011231666666666677,0.9999999999999999,1.0,0.1
lenient_10,48,pec,0.0017439717640833994,0.9999999999999999,1.0,0.1
lenient_10,49,mv,0.001685166666666668,0.9999999999999999,1.0,0.1
lenient_10,49,ds,0.0009108333333333342,0.9999999999999999,1.0,0.1
lenient_10,49,pec,0.0014814589325347126,0.9999999999999999,1.0,0.1
lenient_10,50,mv,0.001082333333333333,0.9999999999999999,1.0,0.1
lenient_10,50,ds,0.001063666666666667,0.9999999999999999,1.0,0.1
lenient_10,50,pec,0.0017152791040729455,0.9999999999999999,1.0,0.1
lenient_10,51,mv,0.0015948333333333342,0.9999999999999999,1.0,0.1
lenient_10,51,ds,0.0014653333333333332,0.9999999999999999,1.0,0.1
lenient_10,51,pec,0.002012050165022974,0.9999999999999999,1.0,0.1
lenient_10,52,mv,0.0015336666666666678,0.9999999999999999,1.0,0.1
lenient_10,52,ds,0.0010455000000000015,0.9999999999999999,1.0,0.1
lenient_10,52,pec,0.0017047597862609456,0.9999999999999999,1.0,0.1
lenient_10,53,mv,0.0017058333333333326,0.9999999999999999,1.0,0.1
lenient_10,53,ds,0.0011628333333333323,0.9999999999999999,1.0,0.1
lenient_10,53,pec,0.00150751909177288,0.9999999999999999,1.0,0.1
lenient_10,54,mv,0.0014053333333333342,0.9999999999999999,1.0,0.1
lenient_10,54,ds,0.0011495000000000006,0.9999999999999999,1.0,0.1
lenient_10,54,pec,0.0018888555541240453,0.9999999999999999,1.0,0.1
lenient_10,55,mv,0.0020951666666666666,0.9999999999999999,1.0,0.1
lenient_10,55,ds,0.0012499999999999994,0.9999999999999999,1.0,0.1
lenient_10,55,pec,0.001938233907463825,0.9999999999999999,1.0,0.1
lenient_10,56,mv,0.0016980000000000005,0.9999999999999999,1.0,0.1
lenient_10,56,ds,0.0008825000000000009,0.9999999999999999,1.0,0.1
lenient_10,56,pec,0.0016419903663313733,0.9999999999999999,1.0,0.1
lenient_10,57,mv,0.0019566666666666673,0.9999999999999999,1.0,0.1
lenient_10,57,ds,0.0012453333333333355,0.9999999999999999,1.0,0.1
lenient_10,57,pec,0.0017960625673798629,0.9999999999999999,1.0,0.1
lenient_10,58,mv,0.002413999999999999,0.9999999999999999,1.0,0.1
lenient_10,58,ds,0.001516500000000002,0.9999999999999999,1.0,0.1
lenient_10,58,pec,0.0024050798820513075,0.9999999999999999,1.0,0.1
lenient_10,59,mv,0.0017898333333333336,0.9999999999999999,1.0,0.1
lenient_10,59,ds,0.0016871666666666673,0.9999999999999999,1.0,0.1
lenient_10,59,pec,0.0022017784522590507,0.9999999999999999,1.0,0.1
lenient_10,60,mv,0.0014420000000000014,0.9999999999999999,1.0,0.1
lenient_10,60,ds,0.0008343333333333336,0.9999999999999999,1.0,0.1
lenient_10,60,pec,0.001371607745168026,0.9999999999999999,1.0,0.1
lenient_10,61,mv,0.0021225,0.9999999999999999,1.0,0.1
lenient_10,61,ds,0.0014533333333333343,0.9999999999999999,1.0,0.1
lenient_10,61,pec,0.002230662785454813,0.9999999999999999,1.0,0.1
lenient_10,62,mv,0.0018898333333333356,0.9999999999999999,1.0,0.1
lenient_10,62,ds,0.0016591666666666697,0.9999999999999999,1.0,0.1
lenient_10,62,pec,0.002397515473607351,0.9999999999999999,1.0,0.1
lenient_10,63,mv,0.0017199999999999978,0.9999999999999999,1.0,0.1
lenient_10,63,ds,0.0011911666666666674,0.9999999999999999,1.0,0.1
lenient_10,63,pec,0.0017244077726818205,0.9999999999999999,1.0,0.1
lenient_10,64,mv,0.0016703333333333307,0.9999999999999999,1.0,0.1
lenient_10,64,ds,0.0014723333333333318,0.9999999999999999,1.0,0.1
lenient_10,64,pec,0.0022137445309929767,0.9999999999999999,1.0,0.1
lenient_10,65,mv,0.002457333333333331,0.9999999999999999,1.0,0.1
lenient_10,65,ds,0.0022021666666666648,0.9999999999999999,1.0,0.1
lenient_10,65,pec,0.002971090246194364,0.9999999999999999,1.0,0.1
lenient_10,66,mv,0.0009485000000000001,0.9999999999999999,1.0,0.1
lenient_10,66,ds,0.0005545000000000002,0.9999999999999999,1.0,0.1
lenient_10,66,pec,0.0010127423202545502,0.9999999999999999,1.0,0.1
lenient_10,67,mv,0.001843500000000002,0.9999999999999999,1.0,0.1
lenient_10,67,ds,0.0014426666666666676,0.9999999999999999,1.0,0.1
lenient_10,67,pec,0.0022012408430860256,0.9999999999999999,1.0,0.1
lenient_10,68,mv,0.0022636666666666643,0.9999999999999999,1.0,0.1
lenient_10,68,ds,0.002085166666666668,0.9999999999999999,1.0,0.1
lenient_10,68,pec,0.0026555204623671344,0.9999999999999999,1.0,0.1
lenient_10,69,mv,0.0017825,0.9999999999999999,1.0,0.1
lenient_10,69,ds,0.0011433333333333328,0.9999999999999999,1.0,0.1
lenient_10,69,pec,0.0017108097748154423,0.9999999999999999,1.0,0.1
lenient_10,70,mv,0.0020276666666666655,0.9999999999999999,1.0,0.1
lenient_10,70,ds,0.001738,0.9999999999999999,1.0,0.1
lenient_10,70,pec,0.002652968263229745,0.9999999999999999,1.0,0.1
lenient_10,71,mv,0.0023441666666666676,0.9999999999999999,1.0,0.1
lenient_10,71,ds,0.0017803333333333332,0.9999999999999999,1.0,0.1
lenient_10,71,pec,0.0024650923466081327,0.9999999999999999,1.0,0.1
lenient_10,72,mv,0.0014318333333333347,0.9999999999999999,1.0,0.1
lenient_10,72,ds,0.0008941666666666676,0.9999999999999999,1.0,0.1
lenient_10,72,pec,0.0013313418503346282,0.9999999999999999,1.0,0.1
lenient_10,73,mv,0.0017131666666666673,0.9999999999999999,1.0,0.1
lenient_10,73,ds,0.0009691666666666665,0.9999999999999999,1.0,0.1
lenient_10,73,pec,0.001599509212906751,0.9999999999999999,1.0,0.1
lenient_10,74,mv,0.0013258333333333323,0.9999999999999999,1.0,0.1
lenient_10,74,ds,0.0008466666666666648,0.9999999999999999,1.0,0.1
lenient_10,74,pec,0.0013706179991916487,0.9999999999999999,1.0,0.1
lenient_10,75,mv,0.0019831666666666656,0.9999999999999999,1.0,0.1
lenient_10,75,ds,0.001784833333333332,0.9999999999999999,1.0,0.1
lenient_10,75,pec,0.002151814836707213,0.9999999999999999,1.0,0.1
lenient_10,76,mv,0.002045666666666667,0.9999999999999999,1.0,0.1
lenient_10,76,ds,0.0015069999999999997,0.9999999999999999,1.0,0.1
lenient_10,76,pec,0.0020631719024432884,0.9999999999999999,1.0,0.1
lenient_10,77,mv,0.0022683333333333327,0.9999999999999999,1.0,0.1
lenient_10,77,ds,0.0011998333333333325,0.9999999999999999,1.0,0.1
lenient_10,77,pec,0.002086131858136751,0.9999999999999999,1.0,0.1
lenient_10,78,mv,0.0013154999999999998,0.9999999999999999,1.0,0.1
lenient_10,78,ds,0.0011978333333333327,0.9999999999999999,1.0,0.1
lenient_10,78,pec,0.0021353813974891336,0.9999999999999999,1.0,0.1
lenient_10,79,mv,0.0020743333333333334,0.9999999999999999,1.0,0.1
lenient_10,79,ds,0.0011554999999999994,0.9999999999999999,1.0,0.1
lenient_10,79,pec,0.001664183149628974,0.9999999999999999,1.0,0.1
lenient_10,80,mv,0.0018198333333333337,0.9999999999999999,1.0,0.1
lenient_10,80,ds,0.0008845000000000002,0.9999999999999999,1.0,0.1
lenient_10,80,pec,0.0016638787230217273,0.9999999999999999,1.0,0.1
lenient_10,81,mv,0.0018298333333333326,0.9999999999999999,1.0,0.1
lenient_10,81,ds,0.0018196666666666656,0.9999999999999999,1.0,0.1
lenient_10,81,pec,0.0022285944247883997,0.9999999999999999,1.0,0.1
lenient_10,82,mv,0.001848,0.9999999999999999,1.0,0.1
lenient_10,82,ds,0.0011344999999999994,0.9999999999999999,1.0,0.1
lenient_10,82,pec,0.0018418253604948348,0.9999999999999999,1.0,0.1
lenient_10,83,mv,0.0013650000000000001,0.9999999999999999,1.0,0.1
lenient_10,83,ds,0.0006925000000000001,0.9999999999999999,1.0,0.1
lenient_10,83,pec,0.00123653485786576,0.9999999999999999,1.0,0.1
lenient_10,84,mv,0.0019786666666666663,0.9999999999999999,1.0,0.1
lenient_10,84,ds,0.0013711666666666672,0.9999999999999999,1.0,0.1
lenient_10,84,pec,0.0021261104084325565,0.9999999999999999,1.0,0.1
lenient_10,85,mv,0.002144333333333333,0.9999999999999999,1.0,0.1
lenient_10,85,ds,0.0014451666666666664,0.9999999999999999,1.0,0.1
lenient_10,85,pec,0.0022178098480730457,0.9999999999999999,1.0,0.1
lenient_10,86,mv,0.0014735000000000009,0.8666666666666666,0.9333333333333333,0.1
lenient_10,86,ds,0.0013096666666666658,0.8666666666666666,0.9333333333333333,0.1
lenient_10,86,pec,0.002061278967630436,0.8666666666666666,0.9333333333333333,0.1
lenient_10,87,mv,0.0020609999999999986,0.9999999999999999,1.0,0.1
lenient_10,87,ds,0.0011508333333333327,0.9999999999999999,1.0,0.1
lenient_10,87,pec,0.0017553589473836943,0.9999999999999999,1.0,0.1
lenient_10,88,mv,0.001373833333333333,0.9999999999999999,1.0,0.1
lenient_10,88,ds,0.0005503333333333342,0.9999999999999999,1.0,0.1
lenient_10,88,pec,0.0012970607189428723,0.9999999999999999,1.0,0.1
lenient_10,89,mv,0.002183166666666665,0.9999999999999999,1.0,0.1
lenient_10,89,ds,0.0014124999999999995,0.9999999999999999,1.0,0.1
lenient_10,89,pec,0.0020205957539680577,0.9999999999999999,1.0,0.1
lenient_10,90,mv,0.001642000000000001,0.9999999999999999,1.0,0.1
lenient_10,90,ds,0.0011413333333333347,0.9999999999999999,1.0,0.1
lenient_10,90,pec,0.0016427742726382241,0.9999999999999999,1.0,0.1
lenient_10,91,mv,0.0014009999999999984,0.9999999999999999,1.0,0.1
lenient_10,91,ds,0.0015484999999999989,0.9999999999999999,1.0,0.1
lenient_10,91,pec,0.0023312167675310622,0.9999999999999999,1.0,0.1
lenient_10,92,mv,0.0017716666666666642,0.9999999999999999,1.0,0.1
lenient_10,92,ds,0.0013211666666666665,0.9999999999999999,1.0,0.1
lenient_10,92,pec,0.0019568365360054262,0.9999999999999999,1.0,0.1
lenient_10,93,mv,0.002302666666666667,0.9999999999999999,1.0,0.1
lenient_10,93,ds,0.0013718333333333343,0.9999999999999999,1.0,0.1
lenient_10,93,pec,0.002146397736776986,0.9999999999999999,1.0,0.1
lenient_10,94,mv,0.0025101666666666658,0.9999999999999999,1.0,0.1
lenient_10,94,ds,0.001318333333333333,0.9999999999999999,1.0,0.1
lenient_10,94,pec,0.002007803235045692,0.9999999999999999,1.0,0.1
lenient_10,95,mv,0.0018290000000000008,0.9999999999999999,1.0,0.1
lenient_10,95,ds,0.000823833333333334,0.9999999999999999,1.0,0.1
lenient_10,95,pec,0.0012465678418399006,0.9999999999999999,1.0,0.1
lenient_10,96,mv,0.002308166666666665,0.9999999999999999,1.0,0.1
lenient_10,96,ds,0.0014475000000000015,0.9999999999999999,1.0,0.1
lenient_10,96,pec,0.002205024961184994,0.9999999999999999,1.0,0.1
lenient_10,97,mv,0.0023161666666666665,0.9999999999999999,1.0,0.1
lenient_10,97,ds,0.0016424999999999999,0.9999999999999999,1.0,0.1
lenient_10,97,pec,0.0025281908314809293,0.9999999999999999,1.0,0.1
lenient_10,98,mv,0.0020901666666666673,0.9999999999999999,1.0,0.1
lenient_10,98,ds,0.0015360000000000003,0.9999999999999999,1.0,0.1
lenient_10,98,pec,0.0022858285805583,0.9999999999999999,1.0,0.1
lenient_10,99,mv,0.002346333333333334,0.9999999999999999,1.0,0.1
lenient_10,99,ds,0.001619166666666668,0.9999999999999999,1.0,0.1
lenient_10,99,pec,0.0020960434050713837,0.9999999999999999,1.0,0.1
lenient_20,0,mv,0.0025191666666666656,0.9999999999999999,1.0,0.2
lenient_20,0,ds,0.0016365000000000006,0.9999999999999999,1.0,0.2
lenient_20,0,pec,0.0025370658336080843,0.9999999999999999,1.0,0.2
lenient_20,1,mv,0.004078333333333333,0.9999999999999999,1.0,0.2
lenient_20,1,ds,0.0022711666666666644,0.9999999999999999,1.0,0.2
lenient_20,1,pec,0.003313839361655361,0.9999999999999999,1.0,0.2
lenient_20,2,mv,0.0026130000000000007,0.9999999999999999,1.0,0.2
lenient_20,2,ds,0.0015438333333333337,0.9999999999999999,1.0,0.2
lenient_20,2,pec,0.0022063033413331824,0.9999999999999999,1.0,0.2
lenient_20,3,mv,0.0025288333333333326,0.9999999999999999,1.0,0.2
lenient_20,3,ds,0.0013069999999999998,0.9999999999999999,1.0,0.2
lenient_20,3,pec,0.0017732894512102098,0.9999999999999999,1.0,0.2
lenient_20,4,mv,0.0034498333333333347,0.9999999999999999,1.0,0.2
lenient_20,4,ds,0.0019315000000000011,0.9999999999999999,1.0,0.2
lenient_20,4,pec,0.0031167911178100224,0.9999999999999999,1.0,0.2
lenient_20,5,mv,0.001890333333333334,0.9999999999999999,1.0,0.2
lenient_20,5,ds,0.0013950000000000004,0.9999999999999999,1.0,0.2
lenient_20,5,pec,0.0022579157311386332,0.9999999999999999,1.0,0.2
lenient_20,6,mv,0.0020581666666666678,0.9999999999999999,1.0,0.2
lenient_20,6,ds,0.0016510000000000006,0.9999999999999999,1.0,0.2
lenient_20,6,pec,0.002710108269437309,0.9999999999999999,1.0,0.2
lenient_20,7,mv,0.001415333333333335,0.9999999999999999,1.0,0.2
lenient_20,7,ds,0.0007838333333333334,0.9999999999999999,1.0,0.2
lenient_20,7,pec,0.0012284045571618722,0.9999999999999999,1.0,0.2
lenient_20,8,mv,0.0022471666666666664,0.9999999999999999,1.0,0.2
lenient_20,8,ds,0.0015853333333333338,0.9999999999999999,1.0,0.2
lenient_20,8,pec,0.0024106256122358597,0.9999999999999999,1.0,0.2
lenient_20,9,mv,0.002116666666666668,0.9999999999999999,1.0,0.2
lenient_20,9,ds,0.0012811666666666685,0.9999999999999999,1.0,0.2
lenient_20,9,pec,0.0020713735371546685,0.9999999999999999,1.0,0.2
lenient_20,10,mv,0.0025256666666666656,0.9999999999999999,1.0,0.2
lenient_20,10,ds,0.0022805,0.9999999999999999,1.0,0.2
lenient_20,10,pec,0.002976547723976248,0.9999999999999999,1.0,0.2
lenient_20,11,mv,0.002683833333333332,0.9999999999999999,1.0,0.2
lenient_20,11,ds,0.0017581666666666642,0.9999999999999999,1.0,0.2
lenient_20,11,pec,0.0022987391405168475,0.9999999999999999,1.0,0.2
lenient_20,12,mv,0.0025718333333333335,0.9999999999999999,1.0,0.2
lenient_20,12,ds,0.001100666666666667,0.9999999999999999,1.0,0.2
lenient_20,12,pec,0.00192363381317565,0.9999999999999999,1.0,0.2
lenient_20,13,mv,0.002355666666666667,0.9999999999999999,1.0,0.2
lenient_20,13,ds,0.0014901666666666674,0.9999999999999999,1.0,0.2
lenient_20,13,pec,0.00232844060712642,0.9999999999999999,1.0,0.2
lenient_20,14,mv,0.001702666666666666,0.9999999999999999,1.0,0.2
lenient_20,14,ds,0.0015491666666666672,0.9999999999999999,1.0,0.2
lenient_20,14,pec,0.0023424429456385715,0.9999999999999999,1.0,0.2
lenient_20,15,mv,0.0025130000000000018,0.9999999999999999,1.0,0.2
lenient_20,15,ds,0.0013845000000000014,0.9999999999999999,1.0,0.2
lenient_20,15,pec,0.0021587497706053557,0.9999999999999999,1.0,0.2
lenient_20,16,mv,0.0020920000000000014,0.9999999999999999,1.0,0.2
lenient_20,16,ds,0.0013928333333333316,0.9999999999999999,1.0,0.2
lenient_20,16,pec,0.0023062269226452226,0.9999999999999999,1.0,0.2
lenient_20,17,mv,0.002313666666666668,0.9999999999999999,1.0,0.2
lenient_20,17,ds,0.0008631666666666671,0.9999999999999999,1.0,0.2
lenient_20,17,pec,0.0014028613718984782,0.9999999999999999,1.0,0.2
lenient_20,18,mv,0.0021625,0.9999999999999999,1.0,0.2
lenient_20,18,ds,0.0011069999999999997,0.9999999999999999,1.0,0.2
lenient_20,18,pec,0.0018067205107014043,0.9999999999999999,1.0,0.2
lenient_20,19,mv,0.002735166666666667,0.9999999999999999,1.0,0.2
lenient_20,19,ds,0.0019013333333333302,0.9999999999999999,1.0,0.2
lenient_20,19,pec,0.0028507891286378966,0.9999999999999999,1.0,0.2
lenient_20,20,mv,0.002517333333333333,0.9999999999999999,1.0,0.2
lenient_20,20,ds,0.0009414999999999992,0.9999999999999999,1.0,0.2
lenient_20,20,pec,0.0012294633364046221,0.9999999999999999,1.0,0.2
lenient_20,21,mv,0.001993833333333333,0.9999999999999999,1.0,0.2
lenient_20,21,ds,0.0007478333333333347,0.9999999999999999,1.0,0.2
lenient_20,21,pec,0.0013378644569256488,0.9999999999999999,1.0,0.2
lenient_20,22,mv,0.0019699999999999995,0.9999999999999999,1.0,0.2
lenient_20,22,ds,0.0009341666666666668,0.9999999999999999,1.0,0.2
lenient_20,22,pec,0.0015770214539910417,0.9999999999999999,1.0,0.2
lenient_20,23,mv,0.0019944999999999993,0.9999999999999999,1.0,0.2
lenient_20,23,ds,0.0013756666666666674,0.9999999999999999,1.0,0.2
lenient_20,23,pec,0.0021952258790419042,0.9999999999999999,1.0,0.2
lenient_20,24,mv,0.0024491666666666668,0.9999999999999999,1.0,0.2
lenient_20,24,ds,0.0011688333333333325,0.9999999999999999,1.0,0.2
lenient_20,24,pec,0.001796825908966182,0.9999999999999999,1.0,0.2
lenient_20,25,mv,0.002771166666666667,0.9999999999999999,1.0,0.2
lenient_20,25,ds,0.0017989999999999996,0.9999999999999999,1.0,0.2
lenient_20,25,pec,0.002433142095619362,0.9999999999999999,1.0,0.2
lenient_20,26,mv,0.0018420000000000005,0.9999999999999999,1.0,0.2
lenient_20,26,ds,0.001567333333333334,0.9999999999999999,1.0,0.2
lenient_20,26,pec,0.0021746929077445733,0.9999999999999999,1.0,0.2
lenient_20,27,mv,0.002363166666666668,0.9999999999999999,1.0,0.2
lenient_20,27,ds,0.0022703333333333343,0.9999999999999999,1.0,0.2
lenient_20,27,pec,0.003127715840608582,0.9999999999999999,1.0,0.2
lenient_20,28,mv,0.0025504999999999985,0.9999999999999999,1.0,0.2
lenient_20,28,ds,0.001699666666666666,0.9999999999999999,1.0,0.2
lenient_20,28,pec,0.002168450852336671,0.9999999999999999,1.0,0.2
lenient_20,29,mv,0.0018126666666666673,0.9660917830792959,0.9666666666666667,0.2
lenient_20,29,ds,0.0011678333333333347,0.9999999999999999,1.0,0.2
lenient_20,29,pec,0.0020185059578321425,0.9999999999999999,1.0,0.2
lenient_20,30,mv,0.0027256666666666696,0.8666666666666666,0.9333333333333333,0.2
lenient_20,30,ds,0.00163316666666667,0.8666666666666666,0.9333333333333333,0.2
lenient_20,30,pec,0.002448057884494216,0.8666666666666666,0.9333333333333333,0.2
lenient_20,31,mv,0.002862166666666667,0.9999999999999999,1.0,0.2
lenient_20,31,ds,0.0016130000000000005,0.9999999999999999,1.0,0.2
lenient_20,31,pec,0.002373332051917572,0.9999999999999999,1.0,0.2
lenient_20,32,mv,0.0023246666666666663,0.9999999999999999,1.0,0.2
lenient_20,32,ds,0.0018083333333333326,0.9999999999999999,1.0,0.2
lenient_20,32,pec,0.002216148399851244,0.9999999999999999,1.0,0.2
lenient_20,33,mv,0.0022581666666666657,0.9999999999999999,1.0,0.2
lenient_20,33,ds,0.0018931666666666643,0.9999999999999999,1.0,0.2
lenient_20,33,pec,0.002820097173786887,0.9999999999999999,1.0,0.2
lenient_20,34,mv,0.0026241666666666683,0.9999999999999999,1.0,0.2
lenient_20,34,ds,0.0015504999999999998,0.9999999999999999,1.0,0.2
lenient_20,34,pec,0.002473644881018197,0.9999999999999999,1.0,0.2
lenient_20,35,mv,0.001945500000000001,0.9999999999999999,1.0,0.2
lenient_20,35,ds,0.0014236666666666649,0.9999999999999999,1.0,0.2
lenient_20,35,pec,0.0019661657153648465,0.9999999999999999,1.0,0.2
lenient_20,36,mv,0.0027941666666666675,0.9999999999999999,1.0,0.2
lenient_20,36,ds,0.0017096666666666666,0.9999999999999999,1.0,0.2
lenient_20,36,pec,0.002580443568308439,0.9999999999999999,1.0,0.2
lenient_20,37,mv,0.0020918333333333357,0.8666666666666666,0.9333333333333333,0.2
lenient_20,37,ds,0.001639166666666667,0.9999999999999999,1.0,0.2
lenient_20,37,pec,0.0023964062872131532,0.9999999999999999,1.0,0.2
lenient_20,38,mv,0.0023443333333333337,0.9999999999999999,1.0,0.2
lenient_20,38,ds,0.001621333333333333,0.9999999999999999,1.0,0.2
lenient_20,38,pec,0.002249102627210161,0.9999999999999999,1.0,0.2
lenient_20,39,mv,0.0018508333333333317,0.9999999999999999,1.0,0.2
lenient_20,39,ds,0.0012554999999999999,0.9999999999999999,1.0,0.2
lenient_20,39,pec,0.001987944571387307,0.9999999999999999,1.0,0.2
lenient_20,40,mv,0.0021166666666666677,0.9999999999999999,1.0,0.2
lenient_20,40,ds,0.0009096666666666677,0.9999999999999999,1.0,0.2
lenient_20,40,pec,0.0015329344137162669,0.9999999999999999,1.0,0.2
lenient_20,41,mv,0.0027393333333333354,0.9999999999999999,1.0,0.2
lenient_20,41,ds,0.0022601666666666677,0.9999999999999999,1.0,0.2
lenient_20,41,pec,0.0034638888892012994,0.9999999999999999,1.0,0.2
lenient_20,42,mv,0.002430833333333333,0.9999999999999999,1.0,0.2
lenient_20,42,ds,0.0018316666666666672,0.9999999999999999,1.0,0.2
lenient_20,42,pec,0.002939659125836715,0.9999999999999999,1.0,0.2
lenient_20,43,mv,0.002128333333333333,0.9999999999999999,1.0,0.2
lenient_20,43,ds,0.0015214999999999994,0.9999999999999999,1.0,0.2
lenient_20,43,pec,0.0021644622429277376,0.9999999999999999,1.0,0.2
lenient_20,44,mv,0.0019005000000000011,0.9999999999999999,1.0,0.2
lenient_20,44,ds,0.0010201666666666681,0.9999999999999999,1.0,0.2
lenient_20,44,pec,0.0017369689948738274,0.9999999999999999,1.0,0.2
lenient_20,45,mv,0.0018586666666666688,0.9999999999999999,1.0,0.2
lenient_20,45,ds,0.0008666666666666675,0.9999999999999999,1.0,0.2
lenient_20,45,pec,0.001505775021609545,0.9999999999999999,1.0,0.2
lenient_20,46,mv,0.002097000000000001,0.9999999999999999,1.0,0.2
lenient_20,46,ds,0.0011893333333333341,0.9999999999999999,1.0,0.2
lenient_20,46,pec,0.0017525223450020808,0.9999999999999999,1.0,0.2
lenient_20,47,mv,0.002883166666666667,0.9999999999999999,1.0,0.2
lenient_20,47,ds,0.0025108333333333306,0.9999999999999999,1.0,0.2
lenient_20,47,pec,0.0033428890049255616,0.9999999999999999,1.0,0.2
lenient_20,48,mv,0.001982000000000001,0.9999999999999999,1.0,0.2
lenient_20,48,ds,0.0013440000000000004,0.9999999999999999,1.0,0.2
lenient_20,48,pec,0.0019766231581786254,0.9999999999999999,1.0,0.2
lenient_20,49,mv,0.001976333333333333,0.9999999999999999,1.0,0.2
lenient_20,49,ds,0.001057500000000001,0.9999999999999999,1.0,0.2
lenient_20,49,pec,0.001869987839830504,0.9999999999999999,1.0,0.2
lenient_20,50,mv,0.0016264999999999995,0.9999999999999999,1.0,0.2
lenient_20,50,ds,0.0012791666666666676,0.9999999999999999,1.0,0.2
lenient_20,50,pec,0.0021440524904827413,0.9999999999999999,1.0,0.2
lenient_20,51,mv,0.002400666666666667,0.9999999999999999,1.0,0.2
lenient_20,51,ds,0.0015646666666666665,0.9999999999999999,1.0,0.2
lenient_20,51,pec,0.0021605209885553352,0.9999999999999999,1.0,0.2
lenient_20,52,mv,0.0017858333333333344,0.9999999999999999,1.0,0.2
lenient_20,52,ds,0.0015416666666666651,0.9999999999999999,1.0,0.2
lenient_20,52,pec,0.0022301214173215795,0.9999999999999999,1.0,0.2
lenient_20,53,mv,0.002031499999999999,0.9999999999999999,1.0,0.2
lenient_20,53,ds,0.0014301666666666657,0.9999999999999999,1.0,0.2
lenient_20,53,pec,0.0015317060747848954,0.9999999999999999,1.0,0.2
lenient_20,54,mv,0.0017455000000000005,0.9999999999999999,1.0,0.2
lenient_20,54,ds,0.001526166666666665,0.9999999999999999,1.0,0.2
lenient_20,54,pec,0.002309385172943165,0.9999999999999999,1.0,0.2
lenient_20,55,mv,0.0025898333333333324,0.9999999999999999,1.0,0.2
lenient_20,55,ds,0.0014156666666666658,0.9999999999999999,1.0,0.2
lenient_20,55,pec,0.0022082970714787033,0.9999999999999999,1.0,0.2
lenient_20,56,mv,0.0017198333333333354,0.9999999999999999,1.0,0.2
lenient_20,56,ds,0.0009140000000000009,0.9999999999999999,1.0,0.2
lenient_20,56,pec,0.001605336202340473,0.9999999999999999,1.0,0.2
lenient_20,57,mv,0.002382166666666669,0.9999999999999999,1.0,0.2
lenient_20,57,ds,0.0012573333333333358,0.9999999999999999,1.0,0.2
lenient_20,57,pec,0.002027687248554696,0.9999999999999999,1.0,0.2
lenient_20,58,mv,0.0029118333333333335,0.9999999999999999,1.0,0.2
lenient_20,58,ds,0.0017643333333333315,0.9999999999999999,1.0,0.2
lenient_20,58,pec,0.002959123554097077,0.9999999999999999,1.0,0.2
lenient_20,59,mv,0.002612833333333333,0.9999999999999999,1.0,0.2
lenient_20,59,ds,0.002110333333333332,0.9999999999999999,1.0,0.2
lenient_20,59,pec,0.002779598935477193,0.9999999999999999,1.0,0.2
lenient_20,60,mv,0.0018543333333333354,0.9999999999999999,1.0,0.2
lenient_20,60,ds,0.0009266666666666671,0.9999999999999999,1.0,0.2
lenient_20,60,pec,0.0015197141445564349,0.9999999999999999,1.0,0.2
lenient_20,61,mv,0.002811666666666667,0.9999999999999999,1.0,0.2
lenient_20,61,ds,0.0018125000000000014,0.9999999999999999,1.0,0.2
lenient_20,61,pec,0.002513209113483533,0.9999999999999999,1.0,0.2
lenient_20,62,mv,0.00278666666666667,0.9999999999999999,1.0,0.2
lenient_20,62,ds,0.0017783333333333364,0.9999999999999999,1.0,0.2
lenient_20,62,pec,0.002619338439425079,0.9999999999999999,1.0,0.2
lenient_20,63,mv,0.0015616666666666671,0.9999999999999999,1.0,0.2
lenient_20,63,ds,0.0014965000000000013,0.9999999999999999,1.0,0.2
lenient_20,63,pec,0.0019277442315781,0.9999999999999999,1.0,0.2
lenient_20,64,mv,0.0018401666666666664,0.9999999999999999,1.0,0.2
lenient_20,64,ds,0.0015104999999999982,0.9999999999999999,1.0,0.2
lenient_20,64,pec,0.0019430892633288228,0.9999999999999999,1.0,0.2
lenient_20,65,mv,0.0024786666666666668,0.9999999999999999,1.0,0.2
lenient_20,65,ds,0.0023603333333333315,0.9999999999999999,1.0,0.2
lenient_20,65,pec,0.0036624073014141605,0.9999999999999999,1.0,0.2
lenient_20,66,mv,0.0013265000000000002,0.9999999999999999,1.0,0.2
lenient_20,66,ds,0.0008164999999999998,0.9999999999999999,1.0,0.2
lenient_20,66,pec,0.0011826151277052573,0.9999999999999999,1.0,0.2
lenient_20,67,mv,0.0021475000000000014,0.9999999999999999,1.0,0.2
lenient_20,67,ds,0.0015366666666666677,0.9999999999999999,1.0,0.2
lenient_20,67,pec,0.00230293893896832,0.9999999999999999,1.0,0.2
lenient_20,68,mv,0.003102333333333332,0.9999999999999999,1.0,0.2
lenient_20,68,ds,0.0025106666666666684,0.9999999999999999,1.0,0.2
lenient_20,68,pec,0.0033745844604717115,0.9999999999999999,1.0,0.2
lenient_20,69,mv,0.0023101666666666657,0.9999999999999999,1.0,0.2
lenient_20,69,ds,0.0012929999999999997,0.9999999999999999,1.0,0.2
lenient_20,69,pec,0.00203222980200489,0.9999999999999999,1.0,0.2
lenient_20,70,mv,0.0026084999999999984,0.9999999999999999,1.0,0.2
lenient_20,70,ds,0.0018390000000000004,0.9999999999999999,1.0,0.2
lenient_20,70,pec,0.0028647848219747582,0.9999999999999999,1.0,0.2
lenient_20,71,mv,0.002727833333333335,0.9999999999999999,1.0,0.2
lenient_20,71,ds,0.0019588333333333337,0.9999999999999999,1.0,0.2
lenient_20,71,pec,0.0029136581217770272,0.9999999999999999,1.0,0.2
lenient_20,72,mv,0.002138166666666668,0.9999999999999999,1.0,0.2
lenient_20,72,ds,0.0011410000000000012,0.9999999999999999,1.0,0.2
lenient_20,72,pec,0.0016390532007914526,0.9999999999999999,1.0,0.2
lenient_20,73,mv,0.0019460000000000013,0.9999999999999999,1.0,0.2
lenient_20,73,ds,0.0015410000000000005,0.9999999999999999,1.0,0.2
lenient_20,73,pec,0.0021498278104689606,0.9999999999999999,1.0,0.2
lenient_20,74,mv,0.001630499999999999,0.9999999999999999,1.0,0.2
lenient_20,74,ds,0.0011218333333333317,0.9999999999999999,1.0,0.2
lenient_20,74,pec,0.0017183992031130615,0.9999999999999999,1.0,0.2
lenient_20,75,mv,0.0023769999999999993,0.9999999999999999,1.0,0.2
lenient_20,75,ds,0.0017743333333333333,0.9999999999999999,1.0,0.2
lenient_20,75,pec,0.0024894677774501563,0.9999999999999999,1.0,0.2
lenient_20,76,mv,0.0025131666666666675,0.9999999999999999,1.0,0.2
lenient_20,76,ds,0.0017188333333333333,0.9999999999999999,1.0,0.2
lenient_20,76,pec,0.002000992216310868,0.9999999999999999,1.0,0.2
lenient_20,77,mv,0.0028111666666666667,0.9999999999999999,1.0,0.2
lenient_20,77,ds,0.0012503333333333331,0.9999999999999999,1.0,0.2
lenient_20,77,pec,0.0023276282274490804,0.9999999999999999,1.0,0.2
lenient_20,78,mv,0.0019063333333333321,0.9999999999999999,1.0,0.2
lenient_20,78,ds,0.001543333333333333,0.9999999999999999,1.0,0.2
lenient_20,78,pec,0.0024090652516063626,0.9999999999999999,1.0,0.2
lenient_20,79,mv,0.0028269999999999992,0.9999999999999999,1.0,0.2
lenient_20,79,ds,0.001375999999999998,0.9999999999999999,1.0,0.2
lenient_20,79,pec,0.0020655505906378374,0.9999999999999999,1.0,0.2
lenient_20,80,mv,0.0020606666666666677,0.9999999999999999,1.0,0.2
lenient_20,80,ds,0.0009458333333333334,0.9999999999999999,1.0,0.2
lenient_20,80,pec,0.0016307840396241908,0.9999999999999999,1.0,0.2
lenient_20,81,mv,0.0026758333333333334,0.9999999999999999,1.0,0.2
lenient_20,81,ds,0.0017956666666666652,0.9999999999999999,1.0,0.2
lenient_20,81,pec,0.0021328574942425025,0.9999999999999999,1.0,0.2
lenient_20,82,mv,0.0021876666666666663,0.9999999999999999,1.0,0.2
lenient_20,82,ds,0.0014375000000000002,0.9999999999999999,1.0,0.2
lenient_20,82,pec,0.0021055226898141744,0.9999999999999999,1.0,0.2
lenient_20,83,mv,0.0019065000000000009,0.9999999999999999,1.0,0.2
lenient_20,83,ds,0.0010340000000000002,0.9999999999999999,1.0,0.2
lenient_20,83,pec,0.0015046360856043293,0.9999999999999999,1.0,0.2
lenient_20,84,mv,0.002426666666666667,0.9999999999999999,1.0,0.2
lenient_20,84,ds,0.0017168333333333334,0.9999999999999999,1.0,0.2
lenient_20,84,pec,0.002330573181606302,0.9999999999999999,1.0,0.2
lenient_20,85,mv,0.0024778333333333336,0.9999999999999999,1.0,0.2
lenient_20,85,ds,0.0015266666666666664,0.9999999999999999,1.0,0.2
lenient_20,85,pec,0.0023835495620271765,0.9999999999999999,1.0,0.2
lenient_20,86,mv,0.0026510000000000006,0.9999999999999999,1.0,0.2
lenient_20,86,ds,0.001419833333333332,0.8666666666666666,0.9333333333333333,0.2
lenient_20,86,pec,0.002109241077672131,0.8666666666666666,0.9333333333333333,0.2
lenient_20,87,mv,0.0024338333333333326,0.9999999999999999,1.0,0.2
lenient_20,87,ds,0.0010686666666666657,0.9999999999999999,1.0,0.2
lenient_20,87,pec,0.0017927935566470273,0.9999999999999999,1.0,0.2
lenient_20,88,mv,0.0023381666666666676,0.9999999999999999,1.0,0.2
lenient_20,88,ds,0.0009651666666666663,0.9999999999999999,1.0,0.2
lenient_20,88,pec,0.001654989901994641,0.9999999999999999,1.0,0.2
lenient_20,89,mv,0.0024008333333333334,0.9999999999999999,1.0,0.2
lenient_20,89,ds,0.0018974999999999999,0.9999999999999999,1.0,0.2
lenient_20,89,pec,0.0022495414164011404,0.9999999999999999,1.0,0.2
lenient_20,90,mv,0.0021638333333333344,0.9999999999999999,1.0,0.2
lenient_20,90,ds,0.0010648333333333347,0.9999999999999999,1.0,0.2
lenient_20,90,pec,0.0019511937085748283,0.9999999999999999,1.0,0.2
lenient_20,91,mv,0.001975666666666667,0.9999999999999999,1.0,0.2
lenient_20,91,ds,0.0020928333333333324,0.9999999999999999,1.0,0.2
lenient_20,91,pec,0.0027988281178448417,0.9999999999999999,1.0,0.2
lenient_20,92,mv,0.002145833333333331,0.9999999999999999,1.0,0.2
lenient_20,92,ds,0.0014789999999999996,0.9999999999999999,1.0,0.2
lenient_20,92,pec,0.002186818394888774,0.9999999999999999,1.0,0.2
lenient_20,93,mv,0.0026548333333333354,0.9999999999999999,1.0,0.2
lenient_20,93,ds,0.0018078333333333338,0.9999999999999999,1.0,0.2
lenient_20,93,pec,0.0025039662345775356,0.9999999999999999,1.0,0.2
lenient_20,94,mv,0.0024378333333333322,0.9999999999999999,1.0,0.2
lenient_20,94,ds,0.001258833333333333,0.9999999999999999,1.0,0.2
lenient_20,94,pec,0.00209807362559504,0.9999999999999999,1.0,0.2
lenient_20,95,mv,0.002115833333333334,0.9999999999999999,1.0,0.2
lenient_20,95,ds,0.0010100000000000003,0.9999999999999999,1.0,0.2
lenient_20,95,pec,0.001684234111315047,0.9999999999999999,1.0,0.2
lenient_20,96,mv,0.0030691666666666645,0.9999999999999999,1.0,0.2
lenient_20,96,ds,0.0017683333333333336,0.9999999999999999,1.0,0.2
lenient_20,96,pec,0.0024838788179671295,0.9999999999999999,1.0,0.2
lenient_20,97,mv,0.0027391666666666654,0.9999999999999999,1.0,0.2
lenient_20,97,ds,0.002062666666666667,0.9999999999999999,1.0,0.2
lenient_20,97,pec,0.003023970610733763,0.9999999999999999,1.0,0.2
lenient_20,98,mv,0.002815333333333335,0.9999999999999999,1.0,0.2
lenient_20,98,ds,0.0015741666666666673,0.9999999999999999,1.0,0.2
lenient_20,98,pec,0.0023478627601509765,0.9999999999999999,1.0,0.2
lenient_20,99,mv,0.003000000000000001,0.9999999999999999,1.0,0.2
lenient_20,99,ds,0.0020094999999999996,0.9999999999999999,1.0,0.2
lenient_20,99,pec,0.002774484971225685,0.9999999999999999,1.0,0.2
lenient_30,0,mv,0.0032114999999999995,0.9999999999999999,1.0,0.3
lenient_30,0,ds,0.0018860000000000007,0.9999999999999999,1.0,0.3
lenient_30,0,pec,0.0028239411841322957,0.9999999999999999,1.0,0.3
lenient_30,1,mv,0.004758666666666667,0.9999999999999999,1.0,0.3
lenient_30,1,ds,0.0024613333333333336,0.9999999999999999,1.0,0.3
lenient_30,1,pec,0.0036601392793300627,0.9999999999999999,1.0,0.3
lenient_30,2,mv,0.003304500000000002,0.9999999999999999,1.0,0.3
lenient_30,2,ds,0.0022096666666666675,0.9999999999999999,1.0,0.3
lenient_30,2,pec,0.003162107014770608,0.9999999999999999,1.0,0.3
lenient_30,3,mv,0.0037801666666666674,0.9999999999999999,1.0,0.3
lenient_30,3,ds,0.001712833333333331,0.9999999999999999,1.0,0.3
lenient_30,3,pec,0.0023180330720993575,0.9999999999999999,1.0,0.3
lenient_30,4,mv,0.004322333333333335,0.9999999999999999,1.0,0.3
lenient_30,4,ds,0.0022063333333333314,0.9999999999999999,1.0,0.3
lenient_30,4,pec,0.003807496386196378,0.9999999999999999,1.0,0.3
lenient_30,5,mv,0.0024005000000000016,0.9999999999999999,1.0,0.3
lenient_30,5,ds,0.0016813333333333342,0.9999999999999999,1.0,0.3
lenient_30,5,pec,0.002712108574938052,0.9999999999999999,1.0,0.3
lenient_30,6,mv,0.002631000000000002,0.9999999999999999,1.0,0.3
lenient_30,6,ds,0.0015765000000000009,0.9999999999999999,1.0,0.3
lenient_30,6,pec,0.002611269311347465,0.9999999999999999,1.0,0.3
lenient_30,7,mv,0.002069833333333335,0.9999999999999999,1.0,0.3
lenient_30,7,ds,0.0008461666666666665,0.9999999999999999,1.0,0.3
lenient_30,7,pec,0.0013639515550976664,0.9999999999999999,1.0,0.3
lenient_30,8,mv,0.0029603333333333335,0.9999999999999999,1.0,0.3
lenient_30,8,ds,0.0017173333333333344,0.9999999999999999,1.0,0.3
lenient_30,8,pec,0.002709692848142925,0.9999999999999999,1.0,0.3
lenient_30,9,mv,0.0023333333333333353,0.9999999999999999,1.0,0.3
lenient_30,9,ds,0.0011836666666666686,0.9999999999999999,1.0,0.3
lenient_30,9,pec,0.0019592453822477366,0.9999999999999999,1.0,0.3
lenient_30,10,mv,0.0032983333333333324,0.9999999999999999,1.0,0.3
lenient_30,10,ds,0.0025305,0.9999999999999999,1.0,0.3
lenient_30,10,pec,0.0034077370336944714,0.9999999999999999,1.0,0.3
lenient_30,11,mv,0.003565833333333331,0.9999999999999999,1.0,0.3
lenient_30,11,ds,0.001901166666666664,0.9999999999999999,1.0,0.3
lenient_30,11,pec,0.002762706630784479,0.9999999999999999,1.0,0.3
lenient_30,12,mv,0.0038806666666666664,0.9999999999999999,1.0,0.3
lenient_30,12,ds,0.0011435000000000002,0.9999999999999999,1.0,0.3
lenient_30,12,pec,0.001758564929433187,0.9999999999999999,1.0,0.3
lenient_30,13,mv,0.0033743333333333347,0.9999999999999999,1.0,0.3
lenient_30,13,ds,0.0017609999999999985,0.9999999999999999,1.0,0.3
lenient_30,13,pec,0.002646394836346186,0.9999999999999999,1.0,0.3
lenient_30,14,mv,0.002340666666666665,0.9999999999999999,1.0,0.3
lenient_30,14,ds,0.0015498333333333336,0.9999999999999999,1.0,0.3
lenient_30,14,pec,0.0025165169964147323,0.9999999999999999,1.0,0.3
lenient_30,15,mv,0.0031938333333333354,0.9999999999999999,1.0,0.3
lenient_30,15,ds,0.0017380000000000015,0.9999999999999999,1.0,0.3
lenient_30,15,pec,0.002652238786766582,0.9999999999999999,1.0,0.3
lenient_30,16,mv,0.002636333333333334,0.9999999999999999,1.0,0.3
lenient_30,16,ds,0.0014516666666666647,0.9999999999999999,1.0,0.3
lenient_30,16,pec,0.0024439605591906927,0.9999999999999999,1.0,0.3
lenient_30,17,mv,0.003402000000000001,0.9999999999999999,1.0,0.3
lenient_30,17,ds,0.0010695,0.9999999999999999,1.0,0.3
lenient_30,17,pec,0.001779450019966335,0.9999999999999999,1.0,0.3
lenient_30,18,mv,0.0028173333333333336,0.9999999999999999,1.0,0.3
lenient_30,18,ds,0.0014113333333333337,0.9999999999999999,1.0,0.3
lenient_30,18,pec,0.002202374879276727,0.9999999999999999,1.0,0.3
lenient_30,19,mv,0.0035348333333333343,0.9999999999999999,1.0,0.3
lenient_30,19,ds,0.0022978333333333297,0.9999999999999999,1.0,0.3
lenient_30,19,pec,0.0035357700714562824,0.9999999999999999,1.0,0.3
lenient_30,20,mv,0.0033323333333333334,0.9999999999999999,1.0,0.3
lenient_30,20,ds,0.0008643333333333327,0.9999999999999999,1.0,0.3
lenient_30,20,pec,0.001405812751826875,0.9999999999999999,1.0,0.3
lenient_30,21,mv,0.002682000000000002,0.9999999999999999,1.0,0.3
lenient_30,21,ds,0.0007846666666666682,0.9999999999999999,1.0,0.3
lenient_30,21,pec,0.001637430977463293,0.9999999999999999,1.0,0.3
lenient_30,22,mv,0.002731000000000001,0.9999999999999999,1.0,0.3
lenient_30,22,ds,0.0009623333333333332,0.9999999999999999,1.0,0.3
lenient_30,22,pec,0.0018839163693512267,0.9999999999999999,1.0,0.3
lenient_30,23,mv,0.0028595000000000005,0.9999999999999999,1.0,0.3
lenient_30,23,ds,0.001372333333333334,0.9999999999999999,1.0,0.3
lenient_30,23,pec,0.002100983128036735,0.9999999999999999,1.0,0.3
lenient_30,24,mv,0.003400166666666668,0.9999999999999999,1.0,0.3
lenient_30,24,ds,0.0019911666666666667,0.9999999999999999,1.0,0.3
lenient_30,24,pec,0.0026284304378745905,0.9999999999999999,1.0,0.3
lenient_30,25,mv,0.0035100000000000005,0.9999999999999999,1.0,0.3
lenient_30,25,ds,0.001977333333333331,0.8666666666666666,0.9333333333333333,0.3
lenient_30,25,pec,0.0028608582902855295,0.8666666666666666,0.9333333333333333,0.3
lenient_30,26,mv,0.0029620000000000007,0.9999999999999999,1.0,0.3
lenient_30,26,ds,0.0016113333333333335,0.9999999999999999,1.0,0.3
lenient_30,26,pec,0.002291443332211722,0.9999999999999999,1.0,0.3
lenient_30,27,mv,0.003169500000000002,0.9999999999999999,1.0,0.3
lenient_30,27,ds,0.0021310000000000005,0.9999999999999999,1.0,0.3
lenient_30,27,pec,0.0033353112971697316,0.9999999999999999,1.0,0.3
lenient_30,28,mv,0.0034748333333333332,0.9999999999999999,1.0,0.3
lenient_30,28,ds,0.0019306666666666645,0.9999999999999999,1.0,0.3
lenient_30,28,pec,0.002275351015415313,0.9999999999999999,1.0,0.3
lenient_30,29,mv,0.0027118333333333348,0.9999999999999999,1.0,0.3
lenient_30,29,ds,0.001216666666666668,0.9999999999999999,1.0,0.3
lenient_30,29,pec,0.001894885049588556,0.9999999999999999,1.0,0.3
lenient_30,30,mv,0.0036615000000000046,0.9999999999999999,1.0,0.3
lenient_30,30,ds,0.0015838333333333364,0.9999999999999999,1.0,0.3
lenient_30,30,pec,0.002650531528420968,0.8666666666666666,0.9333333333333333,0.3
lenient_30,31,mv,0.004368166666666669,0.9999999999999999,1.0,0.3
lenient_30,31,ds,0.0017898333333333316,0.9999999999999999,1.0,0.3
lenient_30,31,pec,0.0029926229243247837,0.9999999999999999,1.0,0.3
lenient_30,32,mv,0.0033670000000000006,0.9999999999999999,1.0,0.3
lenient_30,32,ds,0.001489333333333332,0.9999999999999999,1.0,0.3
lenient_30,32,pec,0.002301454735250378,0.9999999999999999,1.0,0.3
lenient_30,33,mv,0.002912833333333333,0.9999999999999999,1.0,0.3
lenient_30,33,ds,0.002065999999999998,0.9999999999999999,1.0,0.3
lenient_30,33,pec,0.002963550586013882,0.9999999999999999,1.0,0.3
lenient_30,34,mv,0.0031346666666666675,0.9999999999999999,1.0,0.3
lenient_30,34,ds,0.0016285,0.9999999999999999,1.0,0.3
lenient_30,34,pec,0.0024834174724043976,0.9999999999999999,1.0,0.3
lenient_30,35,mv,0.0030458333333333366,0.9999999999999999,1.0,0.3
lenient_30,35,ds,0.0010886666666666677,0.9999999999999999,1.0,0.3
lenient_30,35,pec,0.002038435060235739,0.9999999999999999,1.0,0.3
lenient_30,36,mv,0.0033180000000000015,0.9999999999999999,1.0,0.3
lenient_30,36,ds,0.0018818333333333334,0.9999999999999999,1.0,0.3
lenient_30,36,pec,0.0029333968747704306,0.9999999999999999,1.0,0.3
lenient_30,37,mv,0.0027666666666666673,0.8666666666666666,0.9333333333333333,0.3
lenient_30,37,ds,0.002280333333333332,0.9999999999999999,1.0,0.3
lenient_30,37,pec,0.0032037195626714,0.9999999999999999,1.0,0.3
lenient_30,38,mv,0.003325000000000001,0.9999999999999999,1.0,0.3
lenient_30,38,ds,0.0017638333333333314,0.9999999999999999,1.0,0.3
lenient_30,38,pec,0.002629344501310544,0.9999999999999999,1.0,0.3
lenient_30,39,mv,0.0031053333333333328,0.9999999999999999,1.0,0.3
lenient_30,39,ds,0.0013754999999999998,0.9999999999999999,1.0,0.3
lenient_30,39,pec,0.00213480640895415,0.9999999999999999,1.0,0.3
lenient_30,40,mv,0.0034768333333333357,0.9999999999999999,1.0,0.3
lenient_30,40,ds,0.0012303333333333357,0.9999999999999999,1.0,0.3
lenient_30,40,pec,0.0019937236968685687,0.9999999999999999,1.0,0.3
lenient_30,41,mv,0.003183166666666669,0.9999999999999999,1.0,0.3
lenient_30,41,ds,0.002564666666666668,0.9999999999999999,1.0,0.3
lenient_30,41,pec,0.004013862007639674,0.9999999999999999,1.0,0.3
lenient_30,42,mv,0.003289166666666668,0.9999999999999999,1.0,0.3
lenient_30,42,ds,0.0019474999999999987,0.9999999999999999,1.0,0.3
lenient_30,42,pec,0.0029030780285586315,0.9999999999999999,1.0,0.3
lenient_30,43,mv,0.002313833333333333,0.9999999999999999,1.0,0.3
lenient_30,43,ds,0.0015083333333333329,0.9999999999999999,1.0,0.3
lenient_30,43,pec,0.002257652405335439,0.9999999999999999,1.0,0.3
lenient_30,44,mv,0.0021956666666666674,0.9999999999999999,1.0,0.3
lenient_30,44,ds,0.0009553333333333345,0.9999999999999999,1.0,0.3
lenient_30,44,pec,0.0018887628679194297,0.9999999999999999,1.0,0.3
lenient_30,45,mv,0.0020658333333333345,0.9999999999999999,1.0,0.3
lenient_30,45,ds,0.001009000000000001,0.9999999999999999,1.0,0.3
lenient_30,45,pec,0.001544728441817323,0.9999999999999999,1.0,0.3
lenient_30,46,mv,0.0031086666666666706,0.9999999999999999,1.0,0.3
lenient_30,46,ds,0.0011671666666666675,0.9999999999999999,1.0,0.3
lenient_30,46,pec,0.0018219316788100426,0.9999999999999999,1.0,0.3
lenient_30,47,mv,0.0035493333333333327,0.9999999999999999,1.0,0.3
lenient_30,47,ds,0.0028413333333333324,0.9999999999999999,1.0,0.3
lenient_30,47,pec,0.0035767848441673362,0.9999999999999999,1.0,0.3
lenient_30,48,mv,0.0032138333333333324,0.8666666666666666,0.9333333333333333,0.3
lenient_30,48,ds,0.0011508333333333334,0.9999999999999999,1.0,0.3
lenient_30,48,pec,0.0020829011767939712,0.9999999999999999,1.0,0.3
lenient_30,49,mv,0.003032166666666667,0.9999999999999999,1.0,0.3
lenient_30,49,ds,0.0014566666666666686,0.9999999999999999,1.0,0.3
lenient_30,49,pec,0.002523662681504035,0.9999999999999999,1.0,0.3
lenient_30,50,mv,0.002342333333333334,0.9999999999999999,1.0,0.3
lenient_30,50,ds,0.0014425000000000004,0.9999999999999999,1.0,0.3
lenient_30,50,pec,0.0022913115086384294,0.9999999999999999,1.0,0.3
lenient_30,51,mv,0.0035018333333333347,0.9999999999999999,1.0,0.3
lenient_30,51,ds,0.0019078333333333334,0.9999999999999999,1.0,0.3
lenient_30,51,pec,0.002774440869191347,0.9999999999999999,1.0,0.3
lenient_30,52,mv,0.002348500000000001,0.9999999999999999,1.0,0.3
lenient_30,52,ds,0.0013201666666666672,0.9999999999999999,1.0,0.3
lenient_30,52,pec,0.002067442152133408,0.9999999999999999,1.0,0.3
lenient_30,53,mv,0.0031761666666666657,0.9999999999999999,1.0,0.3
lenient_30,53,ds,0.0013494999999999991,0.9999999999999999,1.0,0.3
lenient_30,53,pec,0.0017963287459469522,0.9999999999999999,1.0,0.3
lenient_30,54,mv,0.0022880000000000014,0.9999999999999999,1.0,0.3
lenient_30,54,ds,0.0013768333333333339,0.9999999999999999,1.0,0.3
lenient_30,54,pec,0.002424980743352178,0.9999999999999999,1.0,0.3
lenient_30,55,mv,0.003317,0.9999999999999999,1.0,0.3
lenient_30,55,ds,0.0022558333333333315,0.9999999999999999,1.0,0.3
lenient_30,55,pec,0.0034172864261746484,0.9999999999999999,1.0,0.3
lenient_30,56,mv,0.0020140000000000023,0.9999999999999999,1.0,0.3
lenient_30,56,ds,0.0010265000000000012,0.9999999999999999,1.0,0.3
lenient_30,56,pec,0.0018092583677347211,0.9999999999999999,1.0,0.3
lenient_30,57,mv,0.0030598333333333367,0.9999999999999999,1.0,0.3
lenient_30,57,ds,0.0018326666666666673,0.9999999999999999,1.0,0.3
lenient_30,57,pec,0.0027826306600929316,0.9999999999999999,1.0,0.3
lenient_30,58,mv,0.003682500000000002,0.9999999999999999,1.0,0.3
lenient_30,58,ds,0.001994833333333333,0.9999999999999999,1.0,0.3
lenient_30,58,pec,0.002978528141788317,0.9999999999999999,1.0,0.3
lenient_30,59,mv,0.0029511666666666666,0.9999999999999999,1.0,0.3
lenient_30,59,ds,0.0020593333333333345,0.9999999999999999,1.0,0.3
lenient_30,59,pec,0.003014991992798298,0.9999999999999999,1.0,0.3
lenient_30,60,mv,0.0021065000000000025,0.9999999999999999,1.0,0.3
lenient_30,60,ds,0.0012368333333333313,0.9999999999999999,1.0,0.3
lenient_30,60,pec,0.0016797266206771057,0.9999999999999999,1.0,0.3
lenient_30,61,mv,0.0035836666666666673,0.9999999999999999,1.0,0.3
lenient_30,61,ds,0.0016151666666666677,0.9999999999999999,1.0,0.3
lenient_30,61,pec,0.0023618573665961803,0.9999999999999999,1.0,0.3
lenient_30,62,mv,0.003379666666666671,0.9999999999999999,1.0,0.3
lenient_30,62,ds,0.0018833333333333367,0.9999999999999999,1.0,0.3
lenient_30,62,pec,0.0027075900532570266,0.9999999999999999,1.0,0.3
lenient_30,63,mv,0.0022515000000000013,0.9999999999999999,1.0,0.3
lenient_30,63,ds,0.001908333333333332,0.9999999999999999,1.0,0.3
lenient_30,63,pec,0.002319279044109517,0.9999999999999999,1.0,0.3
lenient_30,64,mv,0.002862166666666668,0.9999999999999999,1.0,0.3
lenient_30,64,ds,0.001587499999999998,0.9999999999999999,1.0,0.3
lenient_30,64,pec,0.00216668429157306,0.9999999999999999,1.0,0.3
lenient_30,65,mv,0.0031935000000000006,0.9999999999999999,1.0,0.3
lenient_30,65,ds,0.0021504999999999983,0.9999999999999999,1.0,0.3
lenient_30,65,pec,0.003266336669452452,0.9999999999999999,1.0,0.3
lenient_30,66,mv,0.002558333333333333,0.9999999999999999,1.0,0.3
lenient_30,66,ds,0.0006303333333333331,0.9999999999999999,1.0,0.3
lenient_30,66,pec,0.0011582252528737015,0.9999999999999999,1.0,0.3
lenient_30,67,mv,0.0028615000000000025,0.9999999999999999,1.0,0.3
lenient_30,67,ds,0.001537666666666668,0.9999999999999999,1.0,0.3
lenient_30,67,pec,0.0022888948120852355,0.9999999999999999,1.0,0.3
lenient_30,68,mv,0.0035076666666666693,0.9999999999999999,1.0,0.3
lenient_30,68,ds,0.0021793333333333313,0.8666666666666666,0.9333333333333333,0.3
lenient_30,68,pec,0.003129482141937433,0.8666666666666666,0.9333333333333333,0.3
lenient_30,69,mv,0.003867333333333334,0.9999999999999999,1.0,0.3
lenient_30,69,ds,0.001614,0.9999999999999999,1.0,0.3
lenient_30,69,pec,0.002395713422849786,0.9999999999999999,1.0,0.3
lenient_30,70,mv,0.003340500000000001,0.9999999999999999,1.0,0.3
lenient_30,70,ds,0.0021618333333333337,0.9999999999999999,1.0,0.3
lenient_30,70,pec,0.0031802226858336884,0.9999999999999999,1.0,0.3
lenient_30,71,mv,0.003929333333333334,0.9999999999999999,1.0,0.3
lenient_30,71,ds,0.002402166666666668,0.9999999999999999,1.0,0.3
lenient_30,71,pec,0.003637180367178775,0.9999999999999999,1.0,0.3
lenient_30,72,mv,0.0032019999999999996,0.9999999999999999,1.0,0.3
lenient_30,72,ds,0.0011200000000000012,0.9999999999999999,1.0,0.3
lenient_30,72,pec,0.0017419293684701692,0.9999999999999999,1.0,0.3
lenient_30,73,mv,0.002402666666666669,0.9999999999999999,1.0,0.3
lenient_30,73,ds,0.0014240000000000006,0.9999999999999999,1.0,0.3
lenient_30,73,pec,0.002363115938819655,0.9999999999999999,1.0,0.3
lenient_30,74,mv,0.0018670000000000006,0.9999999999999999,1.0,0.3
lenient_30,74,ds,0.001493166666666665,0.9999999999999999,1.0,0.3
lenient_30,74,pec,0.0022424053934829596,0.9999999999999999,1.0,0.3
lenient_30,75,mv,0.0029726666666666664,0.9999999999999999,1.0,0.3
lenient_30,75,ds,0.0017485,0.9999999999999999,1.0,0.3
lenient_30,75,pec,0.0026768504510978515,0.9999999999999999,1.0,0.3
lenient_30,76,mv,0.0037426666666666697,0.9999999999999999,1.0,0.3
lenient_30,76,ds,0.0015356666666666672,0.9999999999999999,1.0,0.3
lenient_30,76,pec,0.0020982495303239544,0.9999999999999999,1.0,0.3
lenient_30,77,mv,0.004055166666666668,0.9999999999999999,1.0,0.3
lenient_30,77,ds,0.001862499999999999,0.9999999999999999,1.0,0.3
lenient_30,77,pec,0.003368958847585741,0.9999999999999999,1.0,0.3
lenient_30,78,mv,0.0029435000000000004,0.9999999999999999,1.0,0.3
lenient_30,78,ds,0.002211333333333334,0.9999999999999999,1.0,0.3
lenient_30,78,pec,0.003132217129042733,0.9999999999999999,1.0,0.3
lenient_30,79,mv,0.003697499999999998,0.9999999999999999,1.0,0.3
lenient_30,79,ds,0.0012999999999999982,0.9999999999999999,1.0,0.3
lenient_30,79,pec,0.002314333044983762,0.9999999999999999,1.0,0.3
lenient_30,80,mv,0.0024990000000000017,0.9999999999999999,1.0,0.3
lenient_30,80,ds,0.0009823333333333333,0.9999999999999999,1.0,0.3
lenient_30,80,pec,0.0019027916768365029,0.9999999999999999,1.0,0.3
lenient_30,81,mv,0.003676333333333335,0.9999999999999999,1.0,0.3
lenient_30,81,ds,0.0018053333333333335,0.9999999999999999,1.0,0.3
lenient_30,81,pec,0.0026216221892095084,0.9999999999999999,1.0,0.3
lenient_30,82,mv,0.0027818333333333354,0.9999999999999999,1.0,0.3
lenient_30,82,ds,0.0014396666666666664,0.9999999999999999,1.0,0.3
lenient_30,82,pec,0.0025534388489262694,0.9999999999999999,1.0,0.3
lenient_30,83,mv,0.0027123333333333353,0.9999999999999999,1.0,0.3
lenient_30,83,ds,0.0011101666666666669,0.9999999999999999,1.0,0.3
lenient_30,83,pec,0.0015930276710967497,0.9999999999999999,1.0,0.3
lenient_30,84,mv,0.0034240000000000013,0.9999999999999999,1.0,0.3
lenient_30,84,ds,0.002074833333333333,0.9999999999999999,1.0,0.3
lenient_30,84,pec,0.0028178967407942435,0.9999999999999999,1.0,0.3
lenient_30,85,mv,0.003215833333333333,0.9999999999999999,1.0,0.3
lenient_30,85,ds,0.0011713333333333326,0.9999999999999999,1.0,0.3
lenient_30,85,pec,0.0020013000646640165,0.9999999999999999,1.0,0.3
lenient_30,86,mv,0.004015833333333334,0.9999999999999999,1.0,0.3
lenient_30,86,ds,0.0018766666666666662,0.8666666666666666,0.9333333333333333,0.3
lenient_30,86,pec,0.0024997777917940044,0.8666666666666666,0.9333333333333333,0.3
lenient_30,87,mv,0.0033914999999999987,0.9999999999999999,1.0,0.3
lenient_30,87,ds,0.0015796666666666648,0.9999999999999999,1.0,0.3
lenient_30,87,pec,0.002214488731106913,0.9999999999999999,1.0,0.3
lenient_30,88,mv,0.0034345000000000005,0.9999999999999999,1.0,0.3
lenient_30,88,ds,0.0010604999999999996,0.9999999999999999,1.0,0.3
lenient_30,88,pec,0.002021234368584489,0.9999999999999999,1.0,0.3
lenient_30,89,mv,0.003255833333333333,0.9999999999999999,1.0,0.3
lenient_30,89,ds,0.0018426666666666663,0.9999999999999999,1.0,0.3
lenient_30,89,pec,0.0025691433046461207,0.9999999999999999,1.0,0.3
lenient_30,90,mv,0.0034161666666666693,0.9999999999999999,1.0,0.3
lenient_30,90,ds,0.0016610000000000012,0.9999999999999999,1.0,0.3
lenient_30,90,pec,0.0024769276636632657,0.9999999999999999,1.0,0.3
lenient_30,91,mv,0.002342333333333332,0.9999999999999999,1.0,0.3
lenient_30,91,ds,0.0017663333333333324,0.9999999999999999,1.0,0.3
lenient_30,91,pec,0.0025631361884722145,0.9999999999999999,1.0,0.3
lenient_30,92,mv,0.0032323333333333353,0.9999999999999999,1.0,0.3
lenient_30,92,ds,0.0016649999999999983,0.9999999999999999,1.0,0.3
lenient_30,92,pec,0.002608036702724343,0.9999999999999999,1.0,0.3
lenient_30,93,mv,0.0033310000000000006,0.9999999999999999,1.0,0.3
lenient_30,93,ds,0.0016325000000000011,0.9999999999999999,1.0,0.3
lenient_30,93,pec,0.0025206616100913407,0.9999999999999999,1.0,0.3
lenient_30,94,mv,0.0033073333333333336,0.9999999999999999,1.0,0.3
lenient_30,94,ds,0.0015446666666666666,0.9999999999999999,1.0,0.3
lenient_30,94,pec,0.0023160524785532438,0.9999999999999999,1.0,0.3
lenient_30,95,mv,0.002667833333333336,0.9999999999999999,1.0,0.3
lenient_30,95,ds,0.0011953333333333336,0.9999999999999999,1.0,0.3
lenient_30,95,pec,0.0019519779291377872,0.9999999999999999,1.0,0.3
lenient_30,96,mv,0.004168000000000001,0.8666666666666666,0.9333333333333333,0.3
lenient_30,96,ds,0.0016985000000000004,0.9999999999999999,1.0,0.3
lenient_30,96,pec,0.002554856915408497,0.9999999999999999,1.0,0.3
lenient_30,97,mv,0.0036548333333333346,0.8666666666666666,0.9333333333333333,0.3
lenient_30,97,ds,0.0026246666666666653,0.9999999999999999,1.0,0.3
lenient_30,97,pec,0.003735864400510769,0.9999999999999999,1.0,0.3
lenient_30,98,mv,0.003894000000000001,0.8666666666666666,0.9333333333333333,0.3
lenient_30,98,ds,0.002026166666666668,0.9999999999999999,1.0,0.3
lenient_30,98,pec,0.0031178277792468026,0.9999999999999999,1.0,0.3
lenient_30,99,mv,0.003846000000000001,0.9999999999999999,1.0,0.3
lenient_30,99,ds,0.0020198333333333357,0.9999999999999999,1.0,0.3
lenient_30,99,pec,0.0030001992528694856,0.9999999999999999,1.0,0.3
lenient_40,0,mv,0.004512333333333336,0.9999999999999999,1.0,0.4
lenient_40,0,ds,0.001993833333333334,0.9999999999999999,1.0,0.4
lenient_40,0,pec,0.0030258309358475624,0.9999999999999999,1.0,0.4
lenient_40,1,mv,0.006262833333333335,0.9999999999999999,1.0,0.4
lenient_40,1,ds,0.0028038333333333314,0.9999999999999999,1.0,0.4
lenient_40,1,pec,0.00401403330600593,0.9999999999999999,1.0,0.4
lenient_40,2,mv,0.004861333333333332,0.9999999999999999,1.0,0.4
lenient_40,2,ds,0.0025974999999999987,0.9999999999999999,1.0,0.4
lenient_40,2,pec,0.003442164815232724,0.9999999999999999,1.0,0.4
lenient_40,3,mv,0.004714333333333335,0.9999999999999999,1.0,0.4
lenient_40,3,ds,0.002281666666666665,0.9999999999999999,1.0,0.4
lenient_40,3,pec,0.0032617773985320446,0.9999999999999999,1.0,0.4
lenient_40,4,mv,0.005168500000000003,0.9999999999999999,1.0,0.4
lenient_40,4,ds,0.002677166666666665,0.9999999999999999,1.0,0.4
lenient_40,4,pec,0.004108585298957633,0.9999999999999999,1.0,0.4
lenient_40,5,mv,0.0035688333333333366,0.9999999999999999,1.0,0.4
lenient_40,5,ds,0.0021453333333333303,0.9999999999999999,1.0,0.4
lenient_40,5,pec,0.0033327931651326984,0.9999999999999999,1.0,0.4
lenient_40,6,mv,0.0030948333333333353,0.9999999999999999,1.0,0.4
lenient_40,6,ds,0.001810000000000001,0.9999999999999999,1.0,0.4
lenient_40,6,pec,0.0029959008295497233,0.9999999999999999,1.0,0.4
lenient_40,7,mv,0.0034091666666666675,0.9999999999999999,1.0,0.4
lenient_40,7,ds,0.0009818333333333333,0.9999999999999999,1.0,0.4
lenient_40,7,pec,0.0016096602667510132,0.9999999999999999,1.0,0.4
lenient_40,8,mv,0.004115166666666667,0.9999999999999999,1.0,0.4
lenient_40,8,ds,0.0017591666666666682,0.9999999999999999,1.0,0.4
lenient_40,8,pec,0.0028894558300271533,0.9999999999999999,1.0,0.4
lenient_40,9,mv,0.003786500000000003,0.9999999999999999,1.0,0.4
lenient_40,9,ds,0.0012998333333333353,0.9999999999999999,1.0,0.4
lenient_40,9,pec,0.0020696144491917858,0.9999999999999999,1.0,0.4
lenient_40,10,mv,0.004587166666666667,0.9999999999999999,1.0,0.4
lenient_40,10,ds,0.002686666666666665,0.9999999999999999,1.0,0.4
lenient_40,10,pec,0.0036917767380880936,0.9999999999999999,1.0,0.4
lenient_40,11,mv,0.004827166666666667,0.8666666666666666,0.9333333333333333,0.4
lenient_40,11,ds,0.002457833333333332,0.9999999999999999,1.0,0.4
lenient_40,11,pec,0.003461708047957292,0.9999999999999999,1.0,0.4
lenient_40,12,mv,0.005037666666666668,0.9999999999999999,1.0,0.4
lenient_40,12,ds,0.0012566666666666679,0.9999999999999999,1.0,0.4
lenient_40,12,pec,0.0021272187107199705,0.9999999999999999,1.0,0.4
lenient_40,13,mv,0.005091000000000002,0.9999999999999999,1.0,0.4
lenient_40,13,ds,0.0019483333333333323,0.9999999999999999,1.0,0.4
lenient_40,13,pec,0.0028304046921556517,0.9999999999999999,1.0,0.4
lenient_40,14,mv,0.003945,0.9999999999999999,1.0,0.4
lenient_40,14,ds,0.0015931666666666672,0.9999999999999999,1.0,0.4
lenient_40,14,pec,0.0030613206218000205,0.9999999999999999,1.0,0.4
lenient_40,15,mv,0.004197166666666668,0.9999999999999999,1.0,0.4
lenient_40,15,ds,0.0019018333333333352,0.9999999999999999,1.0,0.4
lenient_40,15,pec,0.00306710484330102,0.9999999999999999,1.0,0.4
lenient_40,16,mv,0.003776666666666668,0.9999999999999999,1.0,0.4
lenient_40,16,ds,0.0017828333333333316,0.9999999999999999,1.0,0.4
lenient_40,16,pec,0.0027131446140929937,0.9999999999999999,1.0,0.4
lenient_40,17,mv,0.004526333333333336,0.9999999999999999,1.0,0.4
lenient_40,17,ds,0.0014976666666666671,0.9999999999999999,1.0,0.4
lenient_40,17,pec,0.0025358018527848656,0.9999999999999999,1.0,0.4
lenient_40,18,mv,0.0042541666666666665,0.9999999999999999,1.0,0.4
lenient_40,18,ds,0.0013918333333333335,0.9999999999999999,1.0,0.4
lenient_40,18,pec,0.0022834055417175945,0.9999999999999999,1.0,0.4
lenient_40,19,mv,0.004699666666666665,0.8666666666666666,0.9333333333333333,0.4
lenient_40,19,ds,0.002253499999999997,0.9999999999999999,1.0,0.4
lenient_40,19,pec,0.003428306633868467,0.9999999999999999,1.0,0.4
lenient_40,20,mv,0.004502166666666666,0.9999999999999999,1.0,0.4
lenient_40,20,ds,0.0007176666666666659,0.9999999999999999,1.0,0.4
lenient_40,20,pec,0.001410917037339412,0.9999999999999999,1.0,0.4
lenient_40,21,mv,0.004043833333333337,0.9999999999999999,1.0,0.4
lenient_40,21,ds,0.001017500000000002,0.9999999999999999,1.0,0.4
lenient_40,21,pec,0.0020031977962154967,0.9999999999999999,1.0,0.4
lenient_40,22,mv,0.0042179999999999995,0.9999999999999999,1.0,0.4
lenient_40,22,ds,0.0013931666666666652,0.9999999999999999,1.0,0.4
lenient_40,22,pec,0.002109515503926141,0.9999999999999999,1.0,0.4
lenient_40,23,mv,0.003782833333333334,0.9999999999999999,1.0,0.4
lenient_40,23,ds,0.0017833333333333347,0.9999999999999999,1.0,0.4
lenient_40,23,pec,0.0024826410698251936,0.9999999999999999,1.0,0.4
lenient_40,24,mv,0.004993666666666668,0.9999999999999999,1.0,0.4
lenient_40,24,ds,0.002833500000000001,0.9999999999999999,1.0,0.4
lenient_40,24,pec,0.00388967353679725,0.9999999999999999,1.0,0.4
lenient_40,25,mv,0.0051100000000000026,0.9999999999999999,1.0,0.4
lenient_40,25,ds,0.002063166666666664,0.8666666666666666,0.9333333333333333,0.4
lenient_40,25,pec,0.0029590524731544624,0.8666666666666666,0.9333333333333333,0.4
lenient_40,26,mv,0.0038625000000000026,0.9999999999999999,1.0,0.4
lenient_40,26,ds,0.001593,0.9999999999999999,1.0,0.4
lenient_40,26,pec,0.002584010755142737,0.9999999999999999,1.0,0.4
lenient_40,27,mv,0.0048275000000000045,0.9999999999999999,1.0,0.4
lenient_40,27,ds,0.00223516666666667,0.9999999999999999,1.0,0.4
lenient_40,27,pec,0.003163229644392389,0.9999999999999999,1.0,0.4
lenient_40,28,mv,0.004437833333333335,0.9999999999999999,1.0,0.4
lenient_40,28,ds,0.0016036666666666645,0.9999999999999999,1.0,0.4
lenient_40,28,pec,0.002472389062559691,0.9999999999999999,1.0,0.4
lenient_40,29,mv,0.003732499999999998,0.9999999999999999,1.0,0.4
lenient_40,29,ds,0.0016998333333333338,0.9999999999999999,1.0,0.4
lenient_40,29,pec,0.0026231044440881116,0.9999999999999999,1.0,0.4
lenient_40,30,mv,0.0051675000000000046,0.8666666666666666,0.9333333333333333,0.4
lenient_40,30,ds,0.002001333333333336,0.8666666666666666,0.9333333333333333,0.4
lenient_40,30,pec,0.0031134857391216225,0.8666666666666666,0.9333333333333333,0.4
lenient_40,31,mv,0.006189333333333338,0.9999999999999999,1.0,0.4
lenient_40,31,ds,0.0019544999999999983,0.9999999999999999,1.0,0.4
lenient_40,31,pec,0.003322783847459794,0.9999999999999999,1.0,0.4
lenient_40,32,mv,0.004738000000000002,0.9999999999999999,1.0,0.4
lenient_40,32,ds,0.0019839999999999992,0.9999999999999999,1.0,0.4
lenient_40,32,pec,0.0027246534293800494,0.9999999999999999,1.0,0.4
lenient_40,33,mv,0.004144333333333334,0.9999999999999999,1.0,0.4
lenient_40,33,ds,0.0024441666666666652,0.9999999999999999,1.0,0.4
lenient_40,33,pec,0.0032465700845312646,0.9999999999999999,1.0,0.4
lenient_40,34,mv,0.0043365,0.9999999999999999,1.0,0.4
lenient_40,34,ds,0.001837,0.9999999999999999,1.0,0.4
lenient_40,34,pec,0.0027578640846600707,0.9999999999999999,1.0,0.4
lenient_40,35,mv,0.0044303333333333365,0.9999999999999999,1.0,0.4
lenient_40,35,ds,0.001805833333333334,0.9999999999999999,1.0,0.4
lenient_40,35,pec,0.002606959763473212,0.9999999999999999,1.0,0.4
lenient_40,36,mv,0.004135166666666668,0.8666666666666666,0.9333333333333333,0.4
lenient_40,36,ds,0.003092166666666663,0.9999999999999999,1.0,0.4
lenient_40,36,pec,0.004535784784481574,0.9999999999999999,1.0,0.4
lenient_40,37,mv,0.003413000000000004,0.8666666666666666,0.9333333333333333,0.4
lenient_40,37,ds,0.002364833333333332,0.9999999999999999,1.0,0.4
lenient_40,37,pec,0.0038508293727451803,0.9999999999999999,1.0,0.4
lenient_40,38,mv,0.004279000000000001,0.9999999999999999,1.0,0.4
lenient_40,38,ds,0.001664333333333332,0.9999999999999999,1.0,0.4
lenient_40,38,pec,0.002531800267331556,0.9999999999999999,1.0,0.4
lenient_40,39,mv,0.004676666666666665,0.9999999999999999,1.0,0.4
lenient_40,39,ds,0.0012346666666666662,0.9999999999999999,1.0,0.4
lenient_40,39,pec,0.00217657671623149,0.9999999999999999,1.0,0.4
lenient_40,40,mv,0.005009833333333336,0.9999999999999999,1.0,0.4
lenient_40,40,ds,0.0012088333333333354,0.9999999999999999,1.0,0.4
lenient_40,40,pec,0.0018577925344564338,0.9999999999999999,1.0,0.4
lenient_40,41,mv,0.004706333333333332,0.9999999999999999,1.0,0.4
lenient_40,41,ds,0.003569666666666666,0.9999999999999999,1.0,0.4
lenient_40,41,pec,0.005024866316411659,0.9999999999999999,1.0,0.4
lenient_40,42,mv,0.004696666666666669,0.9999999999999999,1.0,0.4
lenient_40,42,ds,0.0015293333333333337,0.9999999999999999,1.0,0.4
lenient_40,42,pec,0.0027008600860426585,0.9999999999999999,1.0,0.4
lenient_40,43,mv,0.0031474999999999997,0.9999999999999999,1.0,0.4
lenient_40,43,ds,0.0013093333333333327,0.9999999999999999,1.0,0.4
lenient_40,43,pec,0.0021206063132877587,0.9999999999999999,1.0,0.4
lenient_40,44,mv,0.003626333333333334,0.9999999999999999,1.0,0.4
lenient_40,44,ds,0.001069166666666668,0.9999999999999999,1.0,0.4
lenient_40,44,pec,0.0018906594218938806,0.9999999999999999,1.0,0.4
lenient_40,45,mv,0.0031963333333333336,0.9999999999999999,1.0,0.4
lenient_40,45,ds,0.0012010000000000013,0.9999999999999999,1.0,0.4
lenient_40,45,pec,0.0017586014337186487,0.9999999999999999,1.0,0.4
lenient_40,46,mv,0.004855666666666667,0.9999999999999999,1.0,0.4
lenient_40,46,ds,0.0018649999999999993,0.9999999999999999,1.0,0.4
lenient_40,46,pec,0.0027817961051140104,0.9999999999999999,1.0,0.4
lenient_40,47,mv,0.004887166666666669,0.9999999999999999,1.0,0.4
lenient_40,47,ds,0.0030711666666666648,0.8666666666666666,0.9333333333333333,0.4
lenient_40,47,pec,0.004074052225582456,0.9999999999999999,1.0,0.4
lenient_40,48,mv,0.004988999999999998,0.9999999999999999,1.0,0.4
lenient_40,48,ds,0.001619666666666667,0.9999999999999999,1.0,0.4
lenient_40,48,pec,0.002561097981972593,0.9999999999999999,1.0,0.4
lenient_40,49,mv,0.004920333333333336,0.9999999999999999,1.0,0.4
lenient_40,49,ds,0.001982666666666667,0.9999999999999999,1.0,0.4
lenient_40,49,pec,0.0032377803011905512,0.9999999999999999,1.0,0.4
lenient_40,50,mv,0.004400166666666668,0.9999999999999999,1.0,0.4
lenient_40,50,ds,0.0011686666666666672,0.9999999999999999,1.0,0.4
lenient_40,50,pec,0.0020766700544270532,0.9999999999999999,1.0,0.4
lenient_40,51,mv,0.0050316666666666695,0.9999999999999999,1.0,0.4
lenient_40,51,ds,0.0019701666666666665,0.9999999999999999,1.0,0.4
lenient_40,51,pec,0.0028788127538071882,0.9999999999999999,1.0,0.4
lenient_40,52,mv,0.0041133333333333326,0.9999999999999999,1.0,0.4
lenient_40,52,ds,0.0014193333333333356,0.9999999999999999,1.0,0.4
lenient_40,52,pec,0.0022121212009754672,0.9999999999999999,1.0,0.4
lenient_40,53,mv,0.003966333333333333,0.9999999999999999,1.0,0.4
lenient_40,53,ds,0.0011731666666666659,0.9999999999999999,1.0,0.4
lenient_40,53,pec,0.0016977761135635334,0.9999999999999999,1.0,0.4
lenient_40,54,mv,0.00323416666666667,0.9999999999999999,1.0,0.4
lenient_40,54,ds,0.0015638333333333314,0.9999999999999999,1.0,0.4
lenient_40,54,pec,0.00243718953482113,0.9999999999999999,1.0,0.4
lenient_40,55,mv,0.004831833333333331,0.9999999999999999,1.0,0.4
lenient_40,55,ds,0.001838666666666667,0.9999999999999999,1.0,0.4
lenient_40,55,pec,0.003040623842500934,0.9999999999999999,1.0,0.4
lenient_40,56,mv,0.002974000000000001,0.9999999999999999,1.0,0.4
lenient_40,56,ds,0.0017166666666666676,0.9999999999999999,1.0,0.4
lenient_40,56,pec,0.002910123930110401,0.9999999999999999,1.0,0.4
lenient_40,57,mv,0.004101833333333336,0.9999999999999999,1.0,0.4
lenient_40,57,ds,0.0021801666666666675,0.9999999999999999,1.0,0.4
lenient_40,57,pec,0.0032235577490000162,0.9999999999999999,1.0,0.4
lenient_40,58,mv,0.005313166666666668,0.9999999999999999,1.0,0.4
lenient_40,58,ds,0.0023606666666666667,0.9999999999999999,1.0,0.4
lenient_40,58,pec,0.003676532549431271,0.9999999999999999,1.0,0.4
lenient_40,59,mv,0.0038448333333333325,0.9999999999999999,1.0,0.4
lenient_40,59,ds,0.002346166666666666,0.9999999999999999,1.0,0.4
lenient_40,59,pec,0.003136549920301469,0.9999999999999999,1.0,0.4
lenient_40,60,mv,0.003653333333333335,0.9999999999999999,1.0,0.4
lenient_40,60,ds,0.0011776666666666648,0.9999999999999999,1.0,0.4
lenient_40,60,pec,0.002076991596885969,0.9999999999999999,1.0,0.4
lenient_40,61,mv,0.004417500000000001,0.9999999999999999,1.0,0.4
lenient_40,61,ds,0.001747166666666668,0.9999999999999999,1.0,0.4
lenient_40,61,pec,0.0028429137844893783,0.9999999999999999,1.0,0.4
lenient_40,62,mv,0.004161666666666672,0.9999999999999999,1.0,0.4
lenient_40,62,ds,0.0015540000000000026,0.9999999999999999,1.0,0.4
lenient_40,62,pec,0.002765011473213966,0.9999999999999999,1.0,0.4
lenient_40,63,mv,0.0034123333333333367,0.9999999999999999,1.0,0.4
lenient_40,63,ds,0.002634999999999997,0.9999999999999999,1.0,0.4
lenient_40,63,pec,0.0030146687071956595,0.9999999999999999,1.0,0.4
lenient_40,64,mv,0.003919500000000003,0.9999999999999999,1.0,0.4
lenient_40,64,ds,0.0021966666666666653,0.9999999999999999,1.0,0.4
lenient_40,64,pec,0.0028208257634358383,0.9999999999999999,1.0,0.4
lenient_40,65,mv,0.004372333333333337,0.9999999999999999,1.0,0.4
lenient_40,65,ds,0.0026583333333333316,0.9999999999999999,1.0,0.4
lenient_40,65,pec,0.0037665002385389537,0.9999999999999999,1.0,0.4
lenient_40,66,mv,0.0036456666666666664,0.9999999999999999,1.0,0.4
lenient_40,66,ds,0.0008143333333333333,0.9999999999999999,1.0,0.4
lenient_40,66,pec,0.0015012260570229005,0.9999999999999999,1.0,0.4
lenient_40,67,mv,0.004453833333333335,0.9999999999999999,1.0,0.4
lenient_40,67,ds,0.001790333333333335,0.9999999999999999,1.0,0.4
lenient_40,67,pec,0.002668829411403468,0.9999999999999999,1.0,0.4
lenient_40,68,mv,0.004961166666666672,0.9999999999999999,1.0,0.4
lenient_40,68,ds,0.002439999999999998,0.9999999999999999,1.0,0.4
lenient_40,68,pec,0.00303570542244457,0.8666666666666666,0.9333333333333333,0.4
lenient_40,69,mv,0.005931166666666667,0.9999999999999999,1.0,0.4
lenient_40,69,ds,0.0020900000000000003,0.9999999999999999,1.0,0.4
lenient_40,69,pec,0.003141091277023009,0.9999999999999999,1.0,0.4
lenient_40,70,mv,0.0047539999999999995,0.9999999999999999,1.0,0.4
lenient_40,70,ds,0.0022198333333333315,0.9999999999999999,1.0,0.4
lenient_40,70,pec,0.0036174380194927453,0.9999999999999999,1.0,0.4
lenient_40,71,mv,0.005880166666666666,0.9999999999999999,1.0,0.4
lenient_40,71,ds,0.002289166666666667,0.9999999999999999,1.0,0.4
lenient_40,71,pec,0.003683606575704859,0.9999999999999999,1.0,0.4
lenient_40,72,mv,0.0047035,0.9999999999999999,1.0,0.4
lenient_40,72,ds,0.001311500000000001,0.9999999999999999,1.0,0.4
lenient_40,72,pec,0.002166482926608993,0.9999999999999999,1.0,0.4
lenient_40,73,mv,0.003253166666666668,0.9999999999999999,1.0,0.4
lenient_40,73,ds,0.001378666666666667,0.9999999999999999,1.0,0.4
lenient_40,73,pec,0.0024432517336215524,0.9999999999999999,1.0,0.4
lenient_40,74,mv,0.0028510000000000007,0.9999999999999999,1.0,0.4
lenient_40,74,ds,0.0015668333333333318,0.9999999999999999,1.0,0.4
lenient_40,74,pec,0.0024314369191185425,0.9999999999999999,1.0,0.4
lenient_40,75,mv,0.004376833333333332,0.9999999999999999,1.0,0.4
lenient_40,75,ds,0.0020975,0.9999999999999999,1.0,0.4
lenient_40,75,pec,0.0031472533454175995,0.9999999999999999,1.0,0.4
lenient_40,76,mv,0.005403166666666665,0.9999999999999999,1.0,0.4
lenient_40,76,ds,0.0018973333333333342,0.9999999999999999,1.0,0.4
lenient_40,76,pec,0.0027355683473611093,0.9999999999999999,1.0,0.4
lenient_40,77,mv,0.005632666666666665,0.9999999999999999,1.0,0.4
lenient_40,77,ds,0.002492333333333332,0.9999999999999999,1.0,0.4
lenient_40,77,pec,0.003888417813658933,0.9999999999999999,1.0,0.4
lenient_40,78,mv,0.0040623333333333345,0.9999999999999999,1.0,0.4
lenient_40,78,ds,0.002090666666666667,0.9999999999999999,1.0,0.4
lenient_40,78,pec,0.003412365062990379,0.9999999999999999,1.0,0.4
lenient_40,79,mv,0.005114,0.9999999999999999,1.0,0.4
lenient_40,79,ds,0.0014428333333333313,0.9999999999999999,1.0,0.4
lenient_40,79,pec,0.002451201326955156,0.9999999999999999,1.0,0.4
lenient_40,80,mv,0.004139833333333335,0.9999999999999999,1.0,0.4
lenient_40,80,ds,0.0013778333333333336,0.9999999999999999,1.0,0.4
lenient_40,80,pec,0.002496766389546942,0.9999999999999999,1.0,0.4
lenient_40,81,mv,0.004975333333333333,0.9999999999999999,1.0,0.4
lenient_40,81,ds,0.0019858333333333325,0.9999999999999999,1.0,0.4
lenient_40,81,pec,0.0028730130607043866,0.9999999999999999,1.0,0.4
lenient_40,82,mv,0.003705333333333335,0.9999999999999999,1.0,0.4
lenient_40,82,ds,0.0018774999999999983,0.9999999999999999,1.0,0.4
lenient_40,82,pec,0.002845467305992761,0.9999999999999999,1.0,0.4
lenient_40,83,mv,0.0036740000000000015,0.9999999999999999,1.0,0.4
lenient_40,83,ds,0.001237666666666667,0.9999999999999999,1.0,0.4
lenient_40,83,pec,0.001858973751639323,0.9999999999999999,1.0,0.4
lenient_40,84,mv,0.004604333333333334,0.9999999999999999,1.0,0.4
lenient_40,84,ds,0.001541000000000001,0.9999999999999999,1.0,0.4
lenient_40,84,pec,0.002920739028115333,0.9999999999999999,1.0,0.4
lenient_40,85,mv,0.0041886666666666635,0.9999999999999999,1.0,0.4
lenient_40,85,ds,0.0015571666666666661,0.9999999999999999,1.0,0.4
lenient_40,85,pec,0.002363441312604247,0.9999999999999999,1.0,0.4
lenient_40,86,mv,0.005219333333333333,0.8666666666666666,0.9333333333333333,0.4
lenient_40,86,ds,0.0018371666666666658,0.8666666666666666,0.9333333333333333,0.4
lenient_40,86,pec,0.002621112951469138,0.8666666666666666,0.9333333333333333,0.4
lenient_40,87,mv,0.0046103333333333335,0.9999999999999999,1.0,0.4
lenient_40,87,ds,0.0018109999999999984,0.9999999999999999,1.0,0.4
lenient_40,87,pec,0.0026035364204077,0.9999999999999999,1.0,0.4
lenient_40,88,mv,0.004710166666666669,0.9999999999999999,1.0,0.4
lenient_40,88,ds,0.0010491666666666666,0.9999999999999999,1.0,0.4
lenient_40,88,pec,0.0021523900178890844,0.9999999999999999,1.0,0.4
lenient_40,89,mv,0.005365000000000002,0.9999999999999999,1.0,0.4
lenient_40,89,ds,0.001967833333333333,0.9999999999999999,1.0,0.4
lenient_40,89,pec,0.002811518450750811,0.9999999999999999,1.0,0.4
lenient_40,90,mv,0.0043850000000000035,0.9999999999999999,1.0,0.4
lenient_40,90,ds,0.0017778333333333342,0.9999999999999999,1.0,0.4
lenient_40,90,pec,0.0028779621020601884,0.9999999999999999,1.0,0.4
lenient_40,91,mv,0.0032523333333333328,0.9999999999999999,1.0,0.4
lenient_40,91,ds,0.0014825000000000012,0.9999999999999999,1.0,0.4
lenient_40,91,pec,0.0021336459138838223,0.9999999999999999,1.0,0.4
lenient_40,92,mv,0.004284333333333337,0.9999999999999999,1.0,0.4
lenient_40,92,ds,0.001733166666666665,0.9999999999999999,1.0,0.4
lenient_40,92,pec,0.002699969157699919,0.9999999999999999,1.0,0.4
lenient_40,93,mv,0.004194500000000001,0.9999999999999999,1.0,0.4
lenient_40,93,ds,0.0017971666666666665,0.9999999999999999,1.0,0.4
lenient_40,93,pec,0.0026892427651744604,0.9999999999999999,1.0,0.4
lenient_40,94,mv,0.004983999999999996,0.9999999999999999,1.0,0.4
lenient_40,94,ds,0.002040333333333332,0.9999999999999999,1.0,0.4
lenient_40,94,pec,0.0030176388886671724,0.9999999999999999,1.0,0.4
lenient_40,95,mv,0.004400166666666666,0.9999999999999999,1.0,0.4
lenient_40,95,ds,0.0014160000000000006,0.9999999999999999,1.0,0.4
lenient_40,95,pec,0.002429505429584483,0.9999999999999999,1.0,0.4
lenient_40,96,mv,0.0060006666666666715,0.9999999999999999,1.0,0.4
lenient_40,96,ds,0.0019278333333333335,0.9999999999999999,1.0,0.4
lenient_40,96,pec,0.002898778999810473,0.9999999999999999,1.0,0.4
lenient_40,97,mv,0.004945666666666667,0.9999999999999999,1.0,0.4
lenient_40,97,ds,0.0032691666666666654,0.9999999999999999,1.0,0.4
lenient_40,97,pec,0.004650042933422785,0.9999999999999999,1.0,0.4
lenient_40,98,mv,0.005182666666666669,0.9999999999999999,1.0,0.4
lenient_40,98,ds,0.0029473333333333344,0.9999999999999999,1.0,0.4
lenient_40,98,pec,0.003816116903783837,0.9999999999999999,1.0,0.4
lenient_40,99,mv,0.0053260000000000035,0.8666666666666666,0.9333333333333333,0.4
lenient_40,99,ds,0.0018026666666666686,0.9999999999999999,1.0,0.4
lenient_40,99,pec,0.0033588107065038986,0.9999999999999999,1.0,0.4
