config,repetition,method,mse,kendall_tau,ranking_accuracy,hard_item_prob
hard_00,0,mv,0.0011466666666666658,0.9999999999999999,1.0,0.0
hard_00,0,ds,0.0002956666666666669,0.9999999999999999,1.0,0.0
hard_00,0,pec,0.0005686820630191738,0.9999999999999999,1.0,0.0
hard_00,1,mv,0.0011015000000000011,0.9999999999999999,1.0,0.0
hard_00,1,ds,0.0007821666666666672,0.9999999999999999,1.0,0.0
hard_00,1,pec,0.0007993712760250549,0.9999999999999999,1.0,0.0
hard_00,2,mv,0.0013158333333333355,0.9999999999999999,1.0,0.0
hard_00,2,ds,0.00046616666666666746,0.9999999999999999,1.0,0.0
hard_00,2,pec,0.000776934549701311,0.9999999999999999,1.0,0.0
hard_00,3,mv,0.0004231666666666657,0.9999999999999999,1.0,0.0
hard_00,3,ds,1.666666666666669e-05,0.9999999999999999,1.0,0.0
hard_00,3,pec,0.0001039965797942581,0.9999999999999999,1.0,0.0
hard_00,4,mv,0.0010421666666666667,0.9999999999999999,1.0,0.0
hard_00,4,ds,0.0003601666666666662,0.9999999999999999,1.0,0.0
hard_00,4,pec,0.000624318344375235,0.9999999999999999,1.0,0.0
hard_00,5,mv,0.0007243333333333334,0.9999999999999999,1.0,0.0
hard_00,5,ds,0.0003221666666666664,0.9999999999999999,1.0,0.0
hard_00,5,pec,0.0006105418542668554,0.9999999999999999,1.0,0.0
hard_00,6,mv,0.000863333333333334,0.9999999999999999,1.0,0.0
hard_00,6,ds,0.0006606666666666669,0.9999999999999999,1.0,0.0
hard_00,6,pec,0.0008353359174810433,0.9999999999999999,1.0,0.0
hard_00,7,mv,0.0006113333333333341,0.9999999999999999,1.0,0.0
hard_00,7,ds,0.00020366666666666631,0.9999999999999999,1.0,0.0
hard_00,7,pec,0.0003472163874255891,0.9999999999999999,1.0,0.0
hard_00,8,mv,0.0009468333333333342,0.9999999999999999,1.0,0.0
hard_00,8,ds,0.00033783333333333284,0.9999999999999999,1.0,0.0
hard_00,8,pec,0.0005789066886727415,0.9999999999999999,1.0,0.0
hard_00,9,mv,0.0015386666666666667,0.9999999999999999,1.0,0.0
hard_00,9,ds,0.0007405000000000008,0.9999999999999999,1.0,0.0
hard_00,9,pec,0.001102216974066179,0.9999999999999999,1.0,0.0
hard_00,10,mv,0.001062166666666666,0.9999999999999999,1.0,0.0
hard_00,10,ds,0.00040383333333333314,0.9999999999999999,1.0,0.0
hard_00,10,pec,0.0007743767919345445,0.9999999999999999,1.0,0.0
hard_00,11,mv,0.0009963333333333324,0.9999999999999999,1.0,0.0
hard_00,11,ds,0.0001769999999999995,0.9999999999999999,1.0,0.0
hard_00,11,pec,0.000467155912248018,0.9999999999999999,1.0,0.0
hard_00,12,mv,0.0011070000000000001,0.9999999999999999,1.0,0.0
hard_00,12,ds,0.0004286666666666669,0.9999999999999999,1.0,0.0
hard_00,12,pec,0.0006890062393989776,0.9999999999999999,1.0,0.0
hard_00,13,mv,0.0011763333333333333,0.9999999999999999,1.0,0.0
hard_00,13,ds,0.00029283333333333304,0.9999999999999999,1.0,0.0
hard_00,13,pec,0.0005121835859705115,0.9999999999999999,1.0,0.0
hard_00,14,mv,0.0010058333333333328,0.9999999999999999,1.0,0.0
hard_00,14,ds,0.00038449999999999986,0.9999999999999999,1.0,0.0
hard_00,14,pec,0.0006082268842616538,0.9999999999999999,1.0,0.0
hard_00,15,mv,0.0010098333333333342,0.9999999999999999,1.0,0.0
hard_00,15,ds,0.00042166666666666676,0.9999999999999999,1.0,0.0
hard_00,15,pec,0.0006076589213010732,0.9999999999999999,1.0,0.0
hard_00,16,mv,0.0009123333333333327,0.9999999999999999,1.0,0.0
hard_00,16,ds,0.00041933333333333276,0.9999999999999999,1.0,0.0
hard_00,16,pec,0.0007540061508909688,0.9999999999999999,1.0,0.0
hard_00,17,mv,0.0011271666666666659,0.9999999999999999,1.0,0.0
hard_00,17,ds,0.0002414999999999993,0.9999999999999999,1.0,0.0
hard_00,17,pec,0.0004771031085378826,0.9999999999999999,1.0,0.0
hard_00,18,mv,0.0011586666666666666,0.9999999999999999,1.0,0.0
hard_00,18,ds,0.00045599999999999943,0.9999999999999999,1.0,0.0
hard_00,18,pec,0.0007763093363640786,0.9999999999999999,1.0,0.0
hard_00,19,mv,0.001350999999999999,0.9999999999999999,1.0,0.0
hard_00,19,ds,0.0002910000000000001,0.9999999999999999,1.0,0.0
hard_00,19,pec,0.0005649536119079873,0.9999999999999999,1.0,0.0
hard_00,20,mv,0.0012971666666666659,0.9999999999999999,1.0,0.0
hard_00,20,ds,0.00019533333333333252,0.9999999999999999,1.0,0.0
hard_00,20,pec,0.00036679290173970207,0.9999999999999999,1.0,0.0
hard_00,21,mv,0.0012673333333333343,0.8666666666666666,0.9333333333333333,0.0
hard_00,21,ds,0.00017666666666666699,0.9999999999999999,1.0,0.0
hard_00,21,pec,0.00043760736178813093,0.9999999999999999,1.0,0.0
hard_00,22,mv,0.001339666666666667,0.9999999999999999,1.0,0.0
hard_00,22,ds,0.000306,0.9999999999999999,1.0,0.0
hard_00,22,pec,0.00047161049919865016,0.9999999999999999,1.0,0.0
hard_00,23,mv,0.0013425,0.9999999999999999,1.0,0.0
hard_00,23,ds,0.0004706666666666668,0.9999999999999999,1.0,0.0
hard_00,23,pec,0.0007542857925630404,0.9999999999999999,1.0,0.0
hard_00,24,mv,0.0013478333333333326,0.9999999999999999,1.0,0.0
hard_00,24,ds,0.0005851666666666667,0.9999999999999999,1.0,0.0
hard_00,24,pec,0.000783013374356354,0.9999999999999999,1.0,0.0
hard_00,25,mv,0.001086333333333333,0.9999999999999999,1.0,0.0
hard_00,25,ds,0.00029983333333333386,0.9999999999999999,1.0,0.0
hard_00,25,pec,0.0005621279264461647,0.9999999999999999,1.0,0.0
hard_00,26,mv,0.001177666666666668,0.9999999999999999,1.0,0.0
hard_00,26,ds,0.0005156666666666669,0.9999999999999999,1.0,0.0
hard_00,26,pec,0.0006446374384283774,0.9999999999999999,1.0,0.0
hard_00,27,mv,0.000947500000000001,0.9999999999999999,1.0,0.0
hard_00,27,ds,0.00037450000000000065,0.9999999999999999,1.0,0.0
hard_00,27,pec,0.0006114238281189448,0.9999999999999999,1.0,0.0
hard_00,28,mv,0.0017856666666666665,0.9999999999999999,1.0,0.0
hard_00,28,ds,0.0008246666666666664,0.9999999999999999,1.0,0.0
hard_00,28,pec,0.0010573891844242813,0.9999999999999999,1.0,0.0
hard_00,29,mv,0.0008595000000000006,0.9999999999999999,1.0,0.0
hard_00,29,ds,0.0003016666666666666,0.9999999999999999,1.0,0.0
hard_00,29,pec,0.000540735620255819,0.9999999999999999,1.0,0.0
hard_00,30,mv,0.0009420000000000015,0.9999999999999999,1.0,0.0
hard_00,30,ds,0.0003050000000000006,0.9999999999999999,1.0,0.0
hard_00,30,pec,0.0005587288276022456,0.9999999999999999,1.0,0.0
hard_00,31,mv,0.0015123333333333336,0.9999999999999999,1.0,0.0
hard_00,31,ds,0.0005711666666666676,0.9999999999999999,1.0,0.0
hard_00,31,pec,0.0008069182467473314,0.9999999999999999,1.0,0.0
hard_00,32,mv,0.0008151666666666659,0.9999999999999999,1.0,0.0
hard_00,32,ds,0.0004241666666666667,0.9999999999999999,1.0,0.0
hard_00,32,pec,0.0005620564632420321,0.9999999999999999,1.0,0.0
hard_00,33,mv,0.0012428333333333323,0.9999999999999999,1.0,0.0
hard_00,33,ds,0.0006029999999999986,0.9999999999999999,1.0,0.0
hard_00,33,pec,0.0007352894719650308,0.9999999999999999,1.0,0.0
hard_00,34,mv,0.0011693333333333328,0.9999999999999999,1.0,0.0
hard_00,34,ds,0.00038716666666666674,0.9999999999999999,1.0,0.0
hard_00,34,pec,0.0006864793624373278,0.9999999999999999,1.0,0.0
hard_00,35,mv,0.0007550000000000013,0.9999999999999999,1.0,0.0
hard_00,35,ds,0.0001785000000000003,0.9999999999999999,1.0,0.0
hard_00,35,pec,0.000464068627855783,0.9999999999999999,1.0,0.0
hard_00,36,mv,0.0015410000000000016,0.9999999999999999,1.0,0.0
hard_00,36,ds,0.00022700000000000042,0.9999999999999999,1.0,0.0
hard_00,36,pec,0.0004944197990427091,0.9999999999999999,1.0,0.0
hard_00,37,mv,0.0006993333333333336,0.9999999999999999,1.0,0.0
hard_00,37,ds,0.0001236666666666669,0.9999999999999999,1.0,0.0
hard_00,37,pec,0.0002761054599563237,0.9999999999999999,1.0,0.0
hard_00,38,mv,0.0013616666666666664,0.9999999999999999,1.0,0.0
hard_00,38,ds,0.0003955,0.9999999999999999,1.0,0.0
hard_00,38,pec,0.0007114224539030906,0.9999999999999999,1.0,0.0
hard_00,39,mv,0.0008773333333333324,0.9999999999999999,1.0,0.0
hard_00,39,ds,0.00034116666666666567,0.9999999999999999,1.0,0.0
hard_00,39,pec,0.0005531018216061484,0.9999999999999999,1.0,0.0
hard_00,40,mv,0.0008316666666666677,0.9999999999999999,1.0,0.0
hard_00,40,ds,0.0002495000000000004,0.9999999999999999,1.0,0.0
hard_00,40,pec,0.0003937368701165343,0.9999999999999999,1.0,0.0
hard_00,41,mv,0.0010458333333333344,0.9999999999999999,1.0,0.0
hard_00,41,ds,0.00029400000000000053,0.9999999999999999,1.0,0.0
hard_00,41,pec,0.00045646839720672906,0.9999999999999999,1.0,0.0
hard_00,42,mv,0.001442833333333333,0.9999999999999999,1.0,0.0
hard_00,42,ds,0.00039116666666666743,0.9999999999999999,1.0,0.0
hard_00,42,pec,0.0006498664142330652,0.9999999999999999,1.0,0.0
hard_00,43,mv,0.0010351666666666667,0.9999999999999999,1.0,0.0
hard_00,43,ds,0.00039533333333333407,0.9999999999999999,1.0,0.0
hard_00,43,pec,0.0005867990679053127,0.9999999999999999,1.0,0.0
hard_00,44,mv,0.0006139999999999999,0.9999999999999999,1.0,0.0
hard_00,44,ds,0.0003403333333333335,0.9999999999999999,1.0,0.0
hard_00,44,pec,0.0005752284116713251,0.9999999999999999,1.0,0.0
hard_00,45,mv,0.0009483333333333343,0.9999999999999999,1.0,0.0
hard_00,45,ds,0.0002785000000000005,0.9999999999999999,1.0,0.0
hard_00,45,pec,0.0005632399022293984,0.9999999999999999,1.0,0.0
hard_00,46,mv,0.0011021666666666677,0.9999999999999999,1.0,0.0
hard_00,46,ds,0.0003778333333333334,0.9999999999999999,1.0,0.0
hard_00,46,pec,0.0005982393066460422,0.9999999999999999,1.0,0.0
hard_00,47,mv,0.0012531666666666683,0.9999999999999999,1.0,0.0
hard_00,47,ds,0.00035716666666666704,0.9999999999999999,1.0,0.0
hard_00,47,pec,0.0007269414872863415,0.9999999999999999,1.0,0.0
hard_00,48,mv,0.001275833333333333,0.9999999999999999,1.0,0.0
hard_00,48,ds,0.0004033333333333335,0.9999999999999999,1.0,0.0
hard_00,48,pec,0.0006756475358082645,0.9999999999999999,1.0,0.0
hard_00,49,mv,0.001213833333333334,0.9999999999999999,1.0,0.0
hard_00,49,ds,0.00010116666666666684,0.9999999999999999,1.0,0.0
hard_00,49,pec,0.00042530742377954204,0.9999999999999999,1.0,0.0
hard_00,50,mv,0.0010314999999999992,0.9999999999999999,1.0,0.0
hard_00,50,ds,0.00014749999999999968,0.9999999999999999,1.0,0.0
hard_00,50,pec,0.00042204344302154364,0.9999999999999999,1.0,0.0
hard_00,51,mv,0.0009273333333333335,0.9999999999999999,1.0,0.0
hard_00,51,ds,0.0003111666666666668,0.9999999999999999,1.0,0.0
hard_00,51,pec,0.0006424390392474068,0.9999999999999999,1.0,0.0
hard_00,52,mv,0.001041666666666667,0.9999999999999999,1.0,0.0
hard_00,52,ds,0.0002823333333333338,0.9999999999999999,1.0,0.0
hard_00,52,pec,0.0004446725870960328,0.9999999999999999,1.0,0.0
hard_00,53,mv,0.001029499999999999,0.9999999999999999,1.0,0.0
hard_00,53,ds,0.00033566666666666613,0.9999999999999999,1.0,0.0
hard_00,53,pec,0.0005306860431872982,0.9999999999999999,1.0,0.0
hard_00,54,mv,0.0010346666666666664,0.9999999999999999,1.0,0.0
hard_00,54,ds,0.0003870000000000007,0.9999999999999999,1.0,0.0
hard_00,54,pec,0.0005345550194149263,0.9999999999999999,1.0,0.0
hard_00,55,mv,0.0012446666666666667,0.9999999999999999,1.0,0.0
hard_00,55,ds,0.0003839999999999993,0.9999999999999999,1.0,0.0
hard_00,55,pec,0.0007155079309753013,0.9999999999999999,1.0,0.0
hard_00,56,mv,0.0010233333333333342,0.9999999999999999,1.0,0.0
hard_00,56,ds,0.0005133333333333334,0.9999999999999999,1.0,0.0
hard_00,56,pec,0.0008037865411854211,0.9999999999999999,1.0,0.0
hard_00,57,mv,0.0011308333333333344,0.9999999999999999,1.0,0.0
hard_00,57,ds,0.0004215000000000008,0.9999999999999999,1.0,0.0
hard_00,57,pec,0.0006154822991776913,0.9999999999999999,1.0,0.0
hard_00,58,mv,0.001386166666666665,0.9999999999999999,1.0,0.0
hard_00,58,ds,0.0003161666666666666,0.9999999999999999,1.0,0.0
hard_00,58,pec,0.000656161969829286,0.9999999999999999,1.0,0.0
hard_00,59,mv,0.0012795000000000003,0.9999999999999999,1.0,0.0
hard_00,59,ds,0.00048350000000000015,0.9999999999999999,1.0,0.0
hard_00,59,pec,0.0007532924284527849,0.9999999999999999,1.0,0.0
hard_00,60,mv,0.0011378333333333334,0.9999999999999999,1.0,0.0
hard_00,60,ds,0.0006231666666666678,0.9999999999999999,1.0,0.0
hard_00,60,pec,0.000829413791522425,0.9999999999999999,1.0,0.0
hard_00,61,mv,0.0012276666666666673,0.9999999999999999,1.0,0.0
hard_00,61,ds,0.0003298333333333333,0.9999999999999999,1.0,0.0
hard_00,61,pec,0.0005706608202780159,0.9999999999999999,1.0,0.0
hard_00,62,mv,0.0008530000000000017,0.9999999999999999,1.0,0.0
hard_00,62,ds,0.0003575000000000006,0.9999999999999999,1.0,0.0
hard_00,62,pec,0.0007241579558055844,0.9999999999999999,1.0,0.0
hard_00,63,mv,0.0009558333333333337,0.9999999999999999,1.0,0.0
hard_00,63,ds,0.00029333333333333316,0.9999999999999999,1.0,0.0
hard_00,63,pec,0.0005025489790736395,0.9999999999999999,1.0,0.0
hard_00,64,mv,0.0009834999999999991,0.9999999999999999,1.0,0.0
hard_00,64,ds,0.00045116666666666683,0.9999999999999999,1.0,0.0
hard_00,64,pec,0.0006456514171064475,0.9999999999999999,1.0,0.0
hard_00,65,mv,0.001216666666666668,0.9999999999999999,1.0,0.0
hard_00,65,ds,0.000321,0.9999999999999999,1.0,0.0
hard_00,65,pec,0.0005830560002422422,0.9999999999999999,1.0,0.0
hard_00,66,mv,0.0009274999999999999,0.9999999999999999,1.0,0.0
hard_00,66,ds,0.0003661666666666666,0.9999999999999999,1.0,0.0
hard_00,66,pec,0.0006139294375344381,0.9999999999999999,1.0,0.0
hard_00,67,mv,0.001475500000000001,0.9999999999999999,1.0,0.0
hard_00,67,ds,0.0004916666666666676,0.9999999999999999,1.0,0.0
hard_00,67,pec,0.0006877372472622353,0.9999999999999999,1.0,0.0
hard_00,68,mv,0.001143500000000002,0.9999999999999999,1.0,0.0
hard_00,68,ds,0.0002725000000000005,0.9999999999999999,1.0,0.0
hard_00,68,pec,0.0005526948852335122,0.9999999999999999,1.0,0.0
hard_00,69,mv,0.0010926666666666667,0.9999999999999999,1.0,0.0
hard_00,69,ds,0.0004201666666666661,0.9999999999999999,1.0,0.0
hard_00,69,pec,0.0007050769061107573,0.9999999999999999,1.0,0.0
hard_00,70,mv,0.0010553333333333335,0.9999999999999999,1.0,0.0
hard_00,70,ds,0.00043666666666666637,0.9999999999999999,1.0,0.0
hard_00,70,pec,0.0006063373823725009,0.9999999999999999,1.0,0.0
hard_00,71,mv,0.0011853333333333332,0.9999999999999999,1.0,0.0
hard_00,71,ds,0.00034266666666666647,0.9999999999999999,1.0,0.0
hard_00,71,pec,0.0006161035429404333,0.9999999999999999,1.0,0.0
hard_00,72,mv,0.0009696666666666664,0.9999999999999999,1.0,0.0
hard_00,72,ds,0.0004833333333333325,0.9999999999999999,1.0,0.0
hard_00,72,pec,0.0006344599731805341,0.9999999999999999,1.0,0.0
hard_00,73,mv,0.0015880000000000002,0.9999999999999999,1.0,0.0
hard_00,73,ds,0.0004258333333333334,0.9999999999999999,1.0,0.0
hard_00,73,pec,0.0007307842417302873,0.9999999999999999,1.0,0.0
hard_00,74,mv,0.0009846666666666673,0.9999999999999999,1.0,0.0
hard_00,74,ds,0.00016866666666666698,0.9999999999999999,1.0,0.0
hard_00,74,pec,0.00032866561200566583,0.9999999999999999,1.0,0.0
hard_00,75,mv,0.0010211666666666659,0.9999999999999999,1.0,0.0
hard_00,75,ds,0.0003903333333333334,0.9999999999999999,1.0,0.0
hard_00,75,pec,0.000675623006867709,0.9999999999999999,1.0,0.0
hard_00,76,mv,0.0012388333333333342,0.9999999999999999,1.0,0.0
hard_00,76,ds,0.0004511666666666675,0.9999999999999999,1.0,0.0
hard_00,76,pec,0.0007150601857407517,0.9999999999999999,1.0,0.0
hard_00,77,mv,0.0012351666666666672,0.9999999999999999,1.0,0.0
hard_00,77,ds,0.00025700000000000045,0.9999999999999999,1.0,0.0
hard_00,77,pec,0.0005649802283881601,0.9999999999999999,1.0,0.0
hard_00,78,mv,0.0013103333333333328,0.9999999999999999,1.0,0.0
hard_00,78,ds,0.0003864999999999997,0.9999999999999999,1.0,0.0
hard_00,78,pec,0.0006671965386155498,0.9999999999999999,1.0,0.0
hard_00,79,mv,0.0011979999999999992,0.9999999999999999,1.0,0.0
hard_00,79,ds,0.0004491666666666656,0.9999999999999999,1.0,0.0
hard_00,79,pec,0.0007413593319256822,0.9999999999999999,1.0,0.0
hard_00,80,mv,0.0010120000000000018,0.9999999999999999,1.0,0.0
hard_00,80,ds,0.00025916666666666715,0.9999999999999999,1.0,0.0
hard_00,80,pec,0.00046575032067913805,0.9999999999999999,1.0,0.0
hard_00,81,mv,0.0011573333333333333,0.9999999999999999,1.0,0.0
hard_00,81,ds,0.00035566666666666646,0.9999999999999999,1.0,0.0
hard_00,81,pec,0.0006700273711090409,0.9999999999999999,1.0,0.0
hard_00,82,mv,0.0012120000000000006,0.9999999999999999,1.0,0.0
hard_00,82,ds,0.00042383333333333357,0.9999999999999999,1.0,0.0
hard_00,82,pec,0.0007536299188109586,0.9999999999999999,1.0,0.0
hard_00,83,mv,0.0010516666666666662,0.9999999999999999,1.0,0.0
hard_00,83,ds,0.00037916666666666735,0.9999999999999999,1.0,0.0
hard_00,83,pec,0.0005137247404042839,0.9999999999999999,1.0,0.0
hard_00,84,mv,0.0009616666666666666,0.9999999999999999,1.0,0.0
hard_00,84,ds,0.00031466666666666687,0.9999999999999999,1.0,0.0
hard_00,84,pec,0.0005254258871624709,0.9999999999999999,1.0,0.0
hard_00,85,mv,0.001557,0.9999999999999999,1.0,0.0
hard_00,85,ds,0.0005251666666666667,0.9999999999999999,1.0,0.0
hard_00,85,pec,0.000854714336894598,0.9999999999999999,1.0,0.0
hard_00,86,mv,0.0009751666666666655,0.9999999999999999,1.0,0.0
hard_00,86,ds,0.00031733333333333304,0.9999999999999999,1.0,0.0
hard_00,86,pec,0.0005249199957705959,0.9999999999999999,1.0,0.0
hard_00,87,mv,0.0012173333333333344,0.9999999999999999,1.0,0.0
hard_00,87,ds,0.00048066666666666673,0.9999999999999999,1.0,0.0
hard_00,87,pec,0.0006994657318566113,0.9999999999999999,1.0,0.0
hard_00,88,mv,0.0011655000000000005,0.9999999999999999,1.0,0.0
hard_00,88,ds,0.00028383333333333385,0.9999999999999999,1.0,0.0
hard_00,88,pec,0.0004692696024575954,0.9999999999999999,1.0,0.0
hard_00,89,mv,0.0009898333333333326,0.9999999999999999,1.0,0.0
hard_00,89,ds,0.0003655000000000002,0.9999999999999999,1.0,0.0
hard_00,89,pec,0.0005397461128739427,0.9999999999999999,1.0,0.0
hard_00,90,mv,0.0010013333333333348,0.9999999999999999,1.0,0.0
hard_00,90,ds,0.0002643333333333338,0.9999999999999999,1.0,0.0
hard_00,90,pec,0.0006365413158704168,0.9999999999999999,1.0,0.0
hard_00,91,mv,0.000950666666666666,0.8666666666666666,0.9333333333333333,0.0
hard_00,91,ds,0.0002875000000000005,0.9660917830792959,0.9666666666666667,0.0
hard_00,91,pec,0.00048265554920518477,0.9999999999999999,1.0,0.0
hard_00,92,mv,0.0009213333333333327,0.9999999999999999,1.0,0.0
hard_00,92,ds,0.0002579999999999996,0.9999999999999999,1.0,0.0
hard_00,92,pec,0.00040072948192725446,0.9999999999999999,1.0,0.0
hard_00,93,mv,0.0011524999999999992,0.9999999999999999,1.0,0.0
hard_00,93,ds,0.00028900000000000025,0.9999999999999999,1.0,0.0
hard_00,93,pec,0.0004675626678533816,0.9999999999999999,1.0,0.0
hard_00,94,mv,0.0004885000000000002,0.9999999999999999,1.0,0.0
hard_00,94,ds,0.00018733333333333332,0.9999999999999999,1.0,0.0
hard_00,94,pec,0.0003796067911962466,0.9999999999999999,1.0,0.0
hard_00,95,mv,0.0008848333333333343,0.9999999999999999,1.0,0.0
hard_00,95,ds,0.00014916666666666694,0.9999999999999999,1.0,0.0
hard_00,95,pec,0.0004784401865813339,0.9999999999999999,1.0,0.0
hard_00,96,mv,0.0009701666666666675,0.9999999999999999,1.0,0.0
hard_00,96,ds,0.0003448333333333339,0.9999999999999999,1.0,0.0
hard_00,96,pec,0.0005838315187398913,0.9999999999999999,1.0,0.0
hard_00,97,mv,0.0010205000000000004,0.9999999999999999,1.0,0.0
hard_00,97,ds,0.00021,0.9999999999999999,1.0,0.0
hard_00,97,pec,0.0003526962563211254,0.9999999999999999,1.0,0.0
hard_00,98,mv,0.0012858333333333335,0.9999999999999999,1.0,0.0
hard_00,98,ds,0.000529333333333333,0.9999999999999999,1.0,0.0
hard_00,98,pec,0.0007844405861025236,0.9999999999999999,1.0,0.0
hard_00,99,mv,0.0011118333333333338,0.9999999999999999,1.0,0.0
hard_00,99,ds,0.0004419999999999997,0.9999999999999999,1.0,0.0
hard_00,99,pec,0.0006957659818547816,0.9999999999999999,1.0,0.0
hard_10,0,mv,0.0024278333333333344,0.8666666666666666,0.9333333333333333,0.1
hard_10,0,ds,0.0007669999999999999,0.9999999999999999,1.0,0.1
hard_10,0,pec,0.0011690182109440294,0.9999999999999999,1.0,0.1
hard_10,1,mv,0.0036048333333333336,0.9999999999999999,1.0,0.1
hard_10,1,ds,0.0013848333333333345,0.9999999999999999,1.0,0.1
hard_10,1,pec,0.0022036864735350842,0.9999999999999999,1.0,0.1
hard_10,2,mv,0.0013443333333333337,0.9999999999999999,1.0,0.1
hard_10,2,ds,0.0006093333333333344,0.9999999999999999,1.0,0.1
hard_10,2,pec,0.0012611863070714588,0.9999999999999999,1.0,0.1
hard_10,3,mv,0.0018754999999999993,0.9999999999999999,1.0,0.1
hard_10,3,ds,0.0006841666666666654,0.9999999999999999,1.0,0.1
hard_10,3,pec,0.0008879227552089334,0.9999999999999999,1.0,0.1
hard_10,4,mv,0.0021751666666666677,0.9999999999999999,1.0,0.1
hard_10,4,ds,0.0008371666666666662,0.9999999999999999,1.0,0.1
hard_10,4,pec,0.001143697180999135,0.9999999999999999,1.0,0.1
hard_10,5,mv,0.001157833333333333,0.9999999999999999,1.0,0.1
hard_10,5,ds,0.0005076666666666664,0.9999999999999999,1.0,0.1
hard_10,5,pec,0.0010399843250815605,0.9999999999999999,1.0,0.1
hard_10,6,mv,0.0013570000000000017,0.9999999999999999,1.0,0.1
hard_10,6,ds,0.0006906666666666672,0.9999999999999999,1.0,0.1
hard_10,6,pec,0.0010675523857214605,0.9999999999999999,1.0,0.1
hard_10,7,mv,0.0012023333333333332,0.9999999999999999,1.0,0.1
hard_10,7,ds,0.0005216666666666666,0.9999999999999999,1.0,0.1
hard_10,7,pec,0.0010157604774578752,0.9999999999999999,1.0,0.1
hard_10,8,mv,0.0017826666666666679,0.9999999999999999,1.0,0.1
hard_10,8,ds,0.0012328333333333334,0.9999999999999999,1.0,0.1
hard_10,8,pec,0.0015417356034530814,0.9999999999999999,1.0,0.1
hard_10,9,mv,0.0019798333333333347,0.9999999999999999,1.0,0.1
hard_10,9,ds,0.0006581666666666675,0.9999999999999999,1.0,0.1
hard_10,9,pec,0.0013188734756830482,0.9999999999999999,1.0,0.1
hard_10,10,mv,0.0024080000000000004,0.9999999999999999,1.0,0.1
hard_10,10,ds,0.0011259999999999992,0.9999999999999999,1.0,0.1
hard_10,10,pec,0.001818263958916506,0.9999999999999999,1.0,0.1
hard_10,11,mv,0.0014851666666666648,0.9999999999999999,1.0,0.1
hard_10,11,ds,0.0005471666666666664,0.9999999999999999,1.0,0.1
hard_10,11,pec,0.0009229173028208645,0.9999999999999999,1.0,0.1
hard_10,12,mv,0.001005500000000001,0.9999999999999999,1.0,0.1
hard_10,12,ds,0.00035050000000000006,0.9999999999999999,1.0,0.1
hard_10,12,pec,0.0007211459802356424,0.9999999999999999,1.0,0.1
hard_10,13,mv,0.0014258333333333339,0.9999999999999999,1.0,0.1
hard_10,13,ds,0.0007966666666666666,0.9999999999999999,1.0,0.1
hard_10,13,pec,0.0012615342794293416,0.9999999999999999,1.0,0.1
hard_10,14,mv,0.0016674999999999995,0.9999999999999999,1.0,0.1
hard_10,14,ds,0.0008326666666666659,0.9999999999999999,1.0,0.1
hard_10,14,pec,0.0012713053626865543,0.9999999999999999,1.0,0.1
hard_10,15,mv,0.0018550000000000025,0.9999999999999999,1.0,0.1
hard_10,15,ds,0.0008133333333333344,0.9999999999999999,1.0,0.1
hard_10,15,pec,0.0012397758442846175,0.9999999999999999,1.0,0.1
hard_10,16,mv,0.0011978333333333329,0.9999999999999999,1.0,0.1
hard_10,16,ds,0.0004578333333333333,0.9999999999999999,1.0,0.1
hard_10,16,pec,0.0008415169055926603,0.9999999999999999,1.0,0.1
hard_10,17,mv,0.0017150000000000002,0.9999999999999999,1.0,0.1
hard_10,17,ds,0.0007211666666666669,0.9999999999999999,1.0,0.1
hard_10,17,pec,0.0011833457806990045,0.9999999999999999,1.0,0.1
hard_10,18,mv,0.0018333333333333337,0.9999999999999999,1.0,0.1
hard_10,18,ds,0.0006809999999999999,0.9999999999999999,1.0,0.1
hard_10,18,pec,0.0010758424059446315,0.9999999999999999,1.0,0.1
hard_10,19,mv,0.0014418333333333342,0.8666666666666666,0.9333333333333333,0.1
hard_10,19,ds,0.0009111666666666678,0.9999999999999999,1.0,0.1
hard_10,19,pec,0.0014968318612139347,0.9999999999999999,1.0,0.1
hard_10,20,mv,0.0017805000000000002,0.9999999999999999,1.0,0.1
hard_10,20,ds,0.000572166666666666,0.9999999999999999,1.0,0.1
hard_10,20,pec,0.0010458704251467563,0.9999999999999999,1.0,0.1
hard_10,21,mv,0.001515833333333334,0.8666666666666666,0.9333333333333333,0.1
hard_10,21,ds,0.0008251666666666666,0.8666666666666666,0.9333333333333333,0.1
hard_10,21,pec,0.0012510842420365546,0.8666666666666666,0.9333333333333333,0.1
hard_10,22,mv,0.0016206666666666672,0.9999999999999999,1.0,0.1
hard_10,22,ds,0.0010463333333333334,0.9999999999999999,1.0,0.1
hard_10,22,pec,0.0015205541040879688,0.9999999999999999,1.0,0.1
hard_10,23,mv,0.001962999999999999,0.9999999999999999,1.0,0.1
hard_10,23,ds,0.0008116666666666663,0.9999999999999999,1.0,0.1
hard_10,23,pec,0.0013908419601800876,0.9999999999999999,1.0,0.1
hard_10,24,mv,0.0015673333333333338,0.9999999999999999,1.0,0.1
hard_10,24,ds,0.0006860000000000005,0.9999999999999999,1.0,0.1
hard_10,24,pec,0.0011311822059338714,0.9999999999999999,1.0,0.1
hard_10,25,mv,0.0017616666666666683,0.9999999999999999,1.0,0.1
hard_10,25,ds,0.0005930000000000011,0.9999999999999999,1.0,0.1
hard_10,25,pec,0.0011060831494961434,0.9999999999999999,1.0,0.1
hard_10,26,mv,0.0018546666666666674,0.9999999999999999,1.0,0.1
hard_10,26,ds,0.0007415000000000008,0.9999999999999999,1.0,0.1
hard_10,26,pec,0.00127914336478775,0.9999999999999999,1.0,0.1
hard_10,27,mv,0.0013715000000000014,0.9999999999999999,1.0,0.1
hard_10,27,ds,0.0004798333333333342,0.9999999999999999,1.0,0.1
hard_10,27,pec,0.0009356097723231086,0.9999999999999999,1.0,0.1
hard_10,28,mv,0.0017401666666666648,0.9999999999999999,1.0,0.1
hard_10,28,ds,0.000582166666666667,0.9999999999999999,1.0,0.1
hard_10,28,pec,0.0010418013974578565,0.9999999999999999,1.0,0.1
hard_10,29,mv,0.002023333333333334,0.9999999999999999,1.0,0.1
hard_10,29,ds,0.001224500000000001,0.9999999999999999,1.0,0.1
hard_10,29,pec,0.0016702703245937683,0.9999999999999999,1.0,0.1
hard_10,30,mv,0.0024801666666666696,0.8666666666666666,0.9333333333333333,0.1
hard_10,30,ds,0.0008635000000000015,0.9999999999999999,1.0,0.1
hard_10,30,pec,0.001536192277803338,0.9999999999999999,1.0,0.1
hard_10,31,mv,0.0018205000000000003,0.9999999999999999,1.0,0.1
hard_10,31,ds,0.0009199999999999995,0.8666666666666666,0.9333333333333333,0.1
hard_10,31,pec,0.0014606906762636717,0.9999999999999999,1.0,0.1
hard_10,32,mv,0.0013133333333333339,0.9999999999999999,1.0,0.1
hard_10,32,ds,0.0006711666666666668,0.9999999999999999,1.0,0.1
hard_10,32,pec,0.0008811007542167253,0.9999999999999999,1.0,0.1
hard_10,33,mv,0.001138499999999999,0.9999999999999999,1.0,0.1
hard_10,33,ds,0.0007006666666666658,0.9999999999999999,1.0,0.1
hard_10,33,pec,0.0010420895523187955,0.9999999999999999,1.0,0.1
hard_10,34,mv,0.001835000000000001,0.9999999999999999,1.0,0.1
hard_10,34,ds,0.0009288333333333336,0.9999999999999999,1.0,0.1
hard_10,34,pec,0.0013697536647945307,0.9999999999999999,1.0,0.1
hard_10,35,mv,0.0017344999999999988,0.9999999999999999,1.0,0.1
hard_10,35,ds,0.0003949999999999998,0.9999999999999999,1.0,0.1
hard_10,35,pec,0.0008586030984707652,0.9999999999999999,1.0,0.1
hard_10,36,mv,0.0020061666666666687,0.9999999999999999,1.0,0.1
hard_10,36,ds,0.0008996666666666681,0.9999999999999999,1.0,0.1
hard_10,36,pec,0.0016309840216435607,0.9999999999999999,1.0,0.1
hard_10,37,mv,0.0020608333333333334,0.9999999999999999,1.0,0.1
hard_10,37,ds,0.0010231666666666677,0.9999999999999999,1.0,0.1
hard_10,37,pec,0.0017754223159323571,0.9999999999999999,1.0,0.1
hard_10,38,mv,0.0016485,0.9999999999999999,1.0,0.1
hard_10,38,ds,0.0009245,0.9999999999999999,1.0,0.1
hard_10,38,pec,0.0011815360548861054,0.9999999999999999,1.0,0.1
hard_10,39,mv,0.0021946666666666646,0.9999999999999999,1.0,0.1
hard_10,39,ds,0.0007756666666666653,0.9999999999999999,1.0,0.1
hard_10,39,pec,0.0012546891327607458,0.9999999999999999,1.0,0.1
hard_10,40,mv,0.001541833333333334,0.9999999999999999,1.0,0.1
hard_10,40,ds,0.000575666666666667,0.9999999999999999,1.0,0.1
hard_10,40,pec,0.0009718121170199361,0.9999999999999999,1.0,0.1
hard_10,41,mv,0.0023371666666666675,0.9999999999999999,1.0,0.1
hard_10,41,ds,0.0011266666666666675,0.9999999999999999,1.0,0.1
hard_10,41,pec,0.0018136164024923024,0.9999999999999999,1.0,0.1
hard_10,42,mv,0.0015045000000000004,0.9999999999999999,1.0,0.1
hard_10,42,ds,0.0006864999999999996,0.9999999999999999,1.0,0.1
hard_10,42,pec,0.0010685368131633712,0.9999999999999999,1.0,0.1
hard_10,43,mv,0.0017098333333333334,0.9999999999999999,1.0,0.1
hard_10,43,ds,0.0009678333333333336,0.9999999999999999,1.0,0.1
hard_10,43,pec,0.001416717416367404,0.9999999999999999,1.0,0.1
hard_10,44,mv,0.001968333333333335,0.9999999999999999,1.0,0.1
hard_10,44,ds,0.0007683333333333345,0.9999999999999999,1.0,0.1
hard_10,44,pec,0.0015907239382251274,0.9999999999999999,1.0,0.1
hard_10,45,mv,0.0014905000000000016,0.9999999999999999,1.0,0.1
hard_10,45,ds,0.00045266666666666746,0.9999999999999999,1.0,0.1
hard_10,45,pec,0.0010487912671830089,0.9999999999999999,1.0,0.1
hard_10,46,mv,0.0011238333333333332,0.9999999999999999,1.0,0.1
hard_10,46,ds,0.0005694999999999996,0.9999999999999999,1.0,0.1
hard_10,46,pec,0.0009540245753888505,0.9999999999999999,1.0,0.1
hard_10,47,mv,0.001974166666666666,0.9999999999999999,1.0,0.1
hard_10,47,ds,0.0008206666666666674,0.9999999999999999,1.0,0.1
hard_10,47,pec,0.0013483660458083722,0.9999999999999999,1.0,0.1
hard_10,48,mv,0.0018901666666666656,0.9999999999999999,1.0,0.1
hard_10,48,ds,0.0008456666666666661,0.9999999999999999,1.0,0.1
hard_10,48,pec,0.0013589770424789983,0.9999999999999999,1.0,0.1
hard_10,49,mv,0.0022289999999999996,0.9999999999999999,1.0,0.1
hard_10,49,ds,0.0009653333333333336,0.9999999999999999,1.0,0.1
hard_10,49,pec,0.0013256342221428924,0.9999999999999999,1.0,0.1
hard_10,50,mv,0.0015906666666666664,0.9999999999999999,1.0,0.1
hard_10,50,ds,0.0005473333333333329,0.9999999999999999,1.0,0.1
hard_10,50,pec,0.001031508537446834,0.9999999999999999,1.0,0.1
hard_10,51,mv,0.0017786666666666662,0.9999999999999999,1.0,0.1
hard_10,51,ds,0.0009500000000000012,0.9999999999999999,1.0,0.1
hard_10,51,pec,0.0012270328841264208,0.9999999999999999,1.0,0.1
hard_10,52,mv,0.0020600000000000015,0.9999999999999999,1.0,0.1
hard_10,52,ds,0.0009503333333333351,0.9999999999999999,1.0,0.1
hard_10,52,pec,0.001431430946630878,0.9999999999999999,1.0,0.1
hard_10,53,mv,0.001567333333333333,0.9999999999999999,1.0,0.1
hard_10,53,ds,0.0004819999999999991,0.9999999999999999,1.0,0.1
hard_10,53,pec,0.0007905142775504678,0.9999999999999999,1.0,0.1
hard_10,54,mv,0.0016861666666666668,0.9999999999999999,1.0,0.1
hard_10,54,ds,0.0007283333333333338,0.9999999999999999,1.0,0.1
hard_10,54,pec,0.0013629614712998145,0.9999999999999999,1.0,0.1
hard_10,55,mv,0.0015909999999999997,0.9999999999999999,1.0,0.1
hard_10,55,ds,0.0006936666666666662,0.9999999999999999,1.0,0.1
hard_10,55,pec,0.0012420273980857583,0.9999999999999999,1.0,0.1
hard_10,56,mv,0.0012206666666666666,0.9999999999999999,1.0,0.1
hard_10,56,ds,0.0004720000000000008,0.9999999999999999,1.0,0.1
hard_10,56,pec,0.0009852099069650162,0.9999999999999999,1.0,0.1
hard_10,57,mv,0.0014808333333333347,0.9999999999999999,1.0,0.1
hard_10,57,ds,0.00040700000000000073,0.9999999999999999,1.0,0.1
hard_10,57,pec,0.0008708720551975291,0.9999999999999999,1.0,0.1
hard_10,58,mv,0.0021948333333333325,0.9999999999999999,1.0,0.1
hard_10,58,ds,0.001044500000000001,0.9999999999999999,1.0,0.1
hard_10,58,pec,0.0016034682739482751,0.9999999999999999,1.0,0.1
hard_10,59,mv,0.0019456666666666676,0.9999999999999999,1.0,0.1
hard_10,59,ds,0.0011919999999999995,0.9999999999999999,1.0,0.1
hard_10,59,pec,0.0016020836205739627,0.9999999999999999,1.0,0.1
hard_10,60,mv,0.000982166666666667,0.9999999999999999,1.0,0.1
hard_10,60,ds,0.000591166666666667,0.9999999999999999,1.0,0.1
hard_10,60,pec,0.0010899371463099904,0.9999999999999999,1.0,0.1
hard_10,61,mv,0.002212666666666665,0.9999999999999999,1.0,0.1
hard_10,61,ds,0.0009965000000000002,0.9999999999999999,1.0,0.1
hard_10,61,pec,0.001340531524085915,0.9999999999999999,1.0,0.1
hard_10,62,mv,0.0022090000000000026,0.9999999999999999,1.0,0.1
hard_10,62,ds,0.0009066666666666681,0.9999999999999999,1.0,0.1
hard_10,62,pec,0.0013998809127129341,0.9999999999999999,1.0,0.1
hard_10,63,mv,0.0020183333333333316,0.9999999999999999,1.0,0.1
hard_10,63,ds,0.0008965000000000005,0.9999999999999999,1.0,0.1
hard_10,63,pec,0.001359603884114034,0.9999999999999999,1.0,0.1
hard_10,64,mv,0.0014394999999999992,0.9999999999999999,1.0,0.1
hard_10,64,ds,0.0005961666666666657,0.9999999999999999,1.0,0.1
hard_10,64,pec,0.0011383127415977585,0.9999999999999999,1.0,0.1
hard_10,65,mv,0.0020606666666666664,0.9999999999999999,1.0,0.1
hard_10,65,ds,0.0009011666666666674,0.9999999999999999,1.0,0.1
hard_10,65,pec,0.001321225525406757,0.9999999999999999,1.0,0.1
hard_10,66,mv,0.0009470000000000008,0.9999999999999999,1.0,0.1
hard_10,66,ds,0.0002998333333333333,0.9999999999999999,1.0,0.1
hard_10,66,pec,0.0005658867951503919,0.9999999999999999,1.0,0.1
hard_10,67,mv,0.0018431666666666672,0.9999999999999999,1.0,0.1
hard_10,67,ds,0.0011733333333333342,0.9999999999999999,1.0,0.1
hard_10,67,pec,0.0016525538734715507,0.9999999999999999,1.0,0.1
hard_10,68,mv,0.0022655,0.9999999999999999,1.0,0.1
hard_10,68,ds,0.0018488333333333343,0.9999999999999999,1.0,0.1
hard_10,68,pec,0.002114633644468804,0.9999999999999999,1.0,0.1
hard_10,69,mv,0.002088666666666668,0.9999999999999999,1.0,0.1
hard_10,69,ds,0.0006778333333333338,0.9999999999999999,1.0,0.1
hard_10,69,pec,0.0009677935933419566,0.9999999999999999,1.0,0.1
hard_10,70,mv,0.0026079999999999988,0.9999999999999999,1.0,0.1
hard_10,70,ds,0.0012673333333333336,0.9999999999999999,1.0,0.1
hard_10,70,pec,0.001521933440623782,0.9999999999999999,1.0,0.1
hard_10,71,mv,0.001958666666666667,0.9999999999999999,1.0,0.1
hard_10,71,ds,0.0014736666666666667,0.9999999999999999,1.0,0.1
hard_10,71,pec,0.0016556916001673663,0.9999999999999999,1.0,0.1
hard_10,72,mv,0.0018188333333333331,0.9999999999999999,1.0,0.1
hard_10,72,ds,0.0010223333333333332,0.9999999999999999,1.0,0.1
hard_10,72,pec,0.001661172994652622,0.9999999999999999,1.0,0.1
hard_10,73,mv,0.0017905000000000006,0.9999999999999999,1.0,0.1
hard_10,73,ds,0.001315333333333334,0.9999999999999999,1.0,0.1
hard_10,73,pec,0.002170304698876599,0.9999999999999999,1.0,0.1
hard_10,74,mv,0.0015658333333333323,0.9999999999999999,1.0,0.1
hard_10,74,ds,0.0008571666666666666,0.9999999999999999,1.0,0.1
hard_10,74,pec,0.0012985880542665175,0.9999999999999999,1.0,0.1
hard_10,75,mv,0.0023538333333333328,0.9999999999999999,1.0,0.1
hard_10,75,ds,0.0013574999999999985,0.9999999999999999,1.0,0.1
hard_10,75,pec,0.0016040511318712919,0.9999999999999999,1.0,0.1
hard_10,76,mv,0.0017675000000000006,0.9999999999999999,1.0,0.1
hard_10,76,ds,0.0007973333333333347,0.9999999999999999,1.0,0.1
hard_10,76,pec,0.0015240871583100948,0.9999999999999999,1.0,0.1
hard_10,77,mv,0.002322166666666668,0.8666666666666666,0.9333333333333333,0.1
hard_10,77,ds,0.0018443333333333343,0.9999999999999999,1.0,0.1
hard_10,77,pec,0.002021917646551467,0.9999999999999999,1.0,0.1
hard_10,78,mv,0.0019456666666666656,0.9999999999999999,1.0,0.1
hard_10,78,ds,0.001007166666666666,0.9999999999999999,1.0,0.1
hard_10,78,pec,0.0014745179418160605,0.9999999999999999,1.0,0.1
hard_10,79,mv,0.0021956666666666648,0.9999999999999999,1.0,0.1
hard_10,79,ds,0.0006959999999999996,0.9999999999999999,1.0,0.1
hard_10,79,pec,0.0011813472440108024,0.9999999999999999,1.0,0.1
hard_10,80,mv,0.0018108333333333338,0.9999999999999999,1.0,0.1
hard_10,80,ds,0.0008351666666666667,0.9999999999999999,1.0,0.1
hard_10,80,pec,0.0013173776660717264,0.9999999999999999,1.0,0.1
hard_10,81,mv,0.001755833333333333,0.9999999999999999,1.0,0.1
hard_10,81,ds,0.0012986666666666674,0.9999999999999999,1.0,0.1
hard_10,81,pec,0.0015188078573664544,0.9999999999999999,1.0,0.1
hard_10,82,mv,0.001768500000000001,0.9999999999999999,1.0,0.1
hard_10,82,ds,0.0006931666666666678,0.9999999999999999,1.0,0.1
hard_10,82,pec,0.001220609809046614,0.9999999999999999,1.0,0.1
hard_10,83,mv,0.0011978333333333335,0.9999999999999999,1.0,0.1
hard_10,83,ds,0.000638166666666667,0.9999999999999999,1.0,0.1
hard_10,83,pec,0.0009438103495232826,0.9999999999999999,1.0,0.1
hard_10,84,mv,0.0014620000000000004,0.9999999999999999,1.0,0.1
hard_10,84,ds,0.0010175000000000004,0.9999999999999999,1.0,0.1
hard_10,84,pec,0.0015069493678532137,0.9999999999999999,1.0,0.1
hard_10,85,mv,0.0013939999999999994,0.9999999999999999,1.0,0.1
hard_10,85,ds,0.0006848333333333325,0.9999999999999999,1.0,0.1
hard_10,85,pec,0.0012351292540526012,0.9999999999999999,1.0,0.1
hard_10,86,mv,0.002707333333333332,0.8666666666666666,0.9333333333333333,0.1
hard_10,86,ds,0.0016164999999999988,0.8666666666666666,0.9333333333333333,0.1
hard_10,86,pec,0.0017645698489064622,0.8666666666666666,0.9333333333333333,0.1
hard_10,87,mv,0.0014631666666666658,0.9999999999999999,1.0,0.1
hard_10,87,ds,0.0007731666666666655,0.9999999999999999,1.0,0.1
hard_10,87,pec,0.0010335687163504246,0.9999999999999999,1.0,0.1
hard_10,88,mv,0.0010366666666666664,0.9999999999999999,1.0,0.1
hard_10,88,ds,0.00047233333333333345,0.9999999999999999,1.0,0.1
hard_10,88,pec,0.0008180743932607479,0.9999999999999999,1.0,0.1
hard_10,89,mv,0.002311499999999998,0.9999999999999999,1.0,0.1
hard_10,89,ds,0.0008198333333333321,0.9999999999999999,1.0,0.1
hard_10,89,pec,0.0012524974336608323,0.9999999999999999,1.0,0.1
hard_10,90,mv,0.0013725000000000005,0.9999999999999999,1.0,0.1
hard_10,90,ds,0.000628333333333334,0.9999999999999999,1.0,0.1
hard_10,90,pec,0.0010651527057566404,0.9999999999999999,1.0,0.1
hard_10,91,mv,0.0014551666666666665,0.9999999999999999,1.0,0.1
hard_10,91,ds,0.0005791666666666667,0.9999999999999999,1.0,0.1
hard_10,91,pec,0.001145569524812265,0.9999999999999999,1.0,0.1
hard_10,92,mv,0.0016378333333333332,0.9999999999999999,1.0,0.1
hard_10,92,ds,0.0008406666666666672,0.9999999999999999,1.0,0.1
hard_10,92,pec,0.001234341136752163,0.9999999999999999,1.0,0.1
hard_10,93,mv,0.0018858333333333348,0.9999999999999999,1.0,0.1
hard_10,93,ds,0.0012959999999999992,0.9999999999999999,1.0,0.1
hard_10,93,pec,0.0019370562241066219,0.9999999999999999,1.0,0.1
hard_10,94,mv,0.0018779999999999984,0.9999999999999999,1.0,0.1
hard_10,94,ds,0.0006405000000000001,0.9999999999999999,1.0,0.1
hard_10,94,pec,0.0010810264458508967,0.9999999999999999,1.0,0.1
hard_10,95,mv,0.0013366666666666672,0.9999999999999999,1.0,0.1
hard_10,95,ds,0.0005158333333333342,0.9999999999999999,1.0,0.1
hard_10,95,pec,0.0009243990875967319,0.9999999999999999,1.0,0.1
hard_10,96,mv,0.0019138333333333318,0.9999999999999999,1.0,0.1
hard_10,96,ds,0.000724666666666668,0.9999999999999999,1.0,0.1
hard_10,96,pec,0.001324215918102613,0.9999999999999999,1.0,0.1
hard_10,97,mv,0.0018356666666666658,0.9999999999999999,1.0,0.1
hard_10,97,ds,0.0007600000000000003,0.9999999999999999,1.0,0.1
hard_10,97,pec,0.0013363403253520056,0.9999999999999999,1.0,0.1
hard_10,98,mv,0.0024856666666666655,0.9999999999999999,1.0,0.1
hard_10,98,ds,0.0012038333333333337,0.9999999999999999,1.0,0.1
hard_10,98,pec,0.0015390107490154976,0.9999999999999999,1.0,0.1
hard_10,99,mv,0.002041666666666666,0.9999999999999999,1.0,0.1
hard_10,99,ds,0.0007956666666666677,0.9999999999999999,1.0,0.1
hard_10,99,pec,0.0012933866433511567,0.9999999999999999,1.0,0.1
hard_20,0,mv,0.0029838333333333327,0.9999999999999999,1.0,0.2
hard_20,0,ds,0.0018726666666666668,0.9999999999999999,1.0,0.2
hard_20,0,pec,0.002711479393664706,0.9999999999999999,1.0,0.2
hard_20,1,mv,0.004593833333333331,0.9999999999999999,1.0,0.2
hard_20,1,ds,0.002190166666666667,0.9999999999999999,1.0,0.2
hard_20,1,pec,0.003477571129177289,0.9999999999999999,1.0,0.2
hard_20,2,mv,0.002868166666666667,0.9999999999999999,1.0,0.2
hard_20,2,ds,0.0014103333333333338,0.9999999999999999,1.0,0.2
hard_20,2,pec,0.0020144363446494323,0.9999999999999999,1.0,0.2
hard_20,3,mv,0.0027658333333333324,0.9999999999999999,1.0,0.2
hard_20,3,ds,0.0013328333333333328,0.9999999999999999,1.0,0.2
hard_20,3,pec,0.0018084855420412674,0.9999999999999999,1.0,0.2
hard_20,4,mv,0.003962499999999998,0.9999999999999999,1.0,0.2
hard_20,4,ds,0.0018893333333333342,0.9999999999999999,1.0,0.2
hard_20,4,pec,0.0031004802558594453,0.9999999999999999,1.0,0.2
hard_20,5,mv,0.0020755000000000005,0.9999999999999999,1.0,0.2
hard_20,5,ds,0.001236,0.9999999999999999,1.0,0.2
hard_20,5,pec,0.0023553209814255378,0.9999999999999999,1.0,0.2
hard_20,6,mv,0.0022728333333333337,0.9999999999999999,1.0,0.2
hard_20,6,ds,0.001571333333333334,0.9999999999999999,1.0,0.2
hard_20,6,pec,0.0029397307186858437,0.9999999999999999,1.0,0.2
hard_20,7,mv,0.001820833333333334,0.9999999999999999,1.0,0.2
hard_20,7,ds,0.0008466666666666669,0.9999999999999999,1.0,0.2
hard_20,7,pec,0.0015375796610172623,0.9999999999999999,1.0,0.2
hard_20,8,mv,0.002591,0.9999999999999999,1.0,0.2
hard_20,8,ds,0.0019326666666666683,0.9999999999999999,1.0,0.2
hard_20,8,pec,0.0026391137788005646,0.9999999999999999,1.0,0.2
hard_20,9,mv,0.002310333333333333,0.9999999999999999,1.0,0.2
hard_20,9,ds,0.0014510000000000002,0.9999999999999999,1.0,0.2
hard_20,9,pec,0.002164063572537304,0.9999999999999999,1.0,0.2
hard_20,10,mv,0.0027346666666666665,0.9999999999999999,1.0,0.2
hard_20,10,ds,0.002347499999999999,0.9999999999999999,1.0,0.2
hard_20,10,pec,0.003122264487279241,0.9999999999999999,1.0,0.2
hard_20,11,mv,0.0030803333333333303,0.9999999999999999,1.0,0.2
hard_20,11,ds,0.0017303333333333311,0.9999999999999999,1.0,0.2
hard_20,11,pec,0.0024121634000677785,0.9999999999999999,1.0,0.2
hard_20,12,mv,0.0029316666666666645,0.9999999999999999,1.0,0.2
hard_20,12,ds,0.0014395000000000005,0.9999999999999999,1.0,0.2
hard_20,12,pec,0.0021034251191870443,0.9999999999999999,1.0,0.2
hard_20,13,mv,0.0026475,0.9999999999999999,1.0,0.2
hard_20,13,ds,0.001453833333333334,0.9999999999999999,1.0,0.2
hard_20,13,pec,0.002305974295823116,0.9999999999999999,1.0,0.2
hard_20,14,mv,0.002165999999999998,0.9999999999999999,1.0,0.2
hard_20,14,ds,0.0015651666666666667,0.9999999999999999,1.0,0.2
hard_20,14,pec,0.0023855597619799832,0.9999999999999999,1.0,0.2
hard_20,15,mv,0.0026625000000000017,0.9999999999999999,1.0,0.2
hard_20,15,ds,0.001405333333333335,0.9999999999999999,1.0,0.2
hard_20,15,pec,0.002268453176162203,0.9999999999999999,1.0,0.2
hard_20,16,mv,0.0025051666666666647,0.9999999999999999,1.0,0.2
hard_20,16,ds,0.0018169999999999985,0.9999999999999999,1.0,0.2
hard_20,16,pec,0.00281636376640014,0.9999999999999999,1.0,0.2
hard_20,17,mv,0.0024440000000000004,0.9999999999999999,1.0,0.2
hard_20,17,ds,0.0012516666666666679,0.9999999999999999,1.0,0.2
hard_20,17,pec,0.0017815448693008298,0.9999999999999999,1.0,0.2
hard_20,18,mv,0.002376166666666667,0.9999999999999999,1.0,0.2
hard_20,18,ds,0.0010664999999999997,0.9999999999999999,1.0,0.2
hard_20,18,pec,0.0020773965228478024,0.9999999999999999,1.0,0.2
hard_20,19,mv,0.003088166666666664,0.8666666666666666,0.9333333333333333,0.2
hard_20,19,ds,0.0018856666666666633,0.9999999999999999,1.0,0.2
hard_20,19,pec,0.0030488076202310793,0.9999999999999999,1.0,0.2
hard_20,20,mv,0.0025529999999999993,0.9999999999999999,1.0,0.2
hard_20,20,ds,0.0009528333333333324,0.9999999999999999,1.0,0.2
hard_20,20,pec,0.0013376783740331928,0.9999999999999999,1.0,0.2
hard_20,21,mv,0.0020824999999999997,0.9999999999999999,1.0,0.2
hard_20,21,ds,0.0008280000000000015,0.9999999999999999,1.0,0.2
hard_20,21,pec,0.0013009789050909219,0.9999999999999999,1.0,0.2
hard_20,22,mv,0.002535333333333331,0.9999999999999999,1.0,0.2
hard_20,22,ds,0.0011053333333333334,0.9999999999999999,1.0,0.2
hard_20,22,pec,0.0018347263121076156,0.9999999999999999,1.0,0.2
hard_20,23,mv,0.0024258333333333332,0.9999999999999999,1.0,0.2
hard_20,23,ds,0.0013120000000000007,0.9999999999999999,1.0,0.2
hard_20,23,pec,0.0021772910785305406,0.9999999999999999,1.0,0.2
hard_20,24,mv,0.0027346666666666665,0.9999999999999999,1.0,0.2
hard_20,24,ds,0.0014683333333333328,0.9999999999999999,1.0,0.2
hard_20,24,pec,0.002087893758704772,0.9999999999999999,1.0,0.2
hard_20,25,mv,0.0028464999999999983,0.9999999999999999,1.0,0.2
hard_20,25,ds,0.0015590000000000007,0.9999999999999999,1.0,0.2
hard_20,25,pec,0.0023812734935502664,0.9999999999999999,1.0,0.2
hard_20,26,mv,0.002327666666666667,0.9999999999999999,1.0,0.2
hard_20,26,ds,0.0014279999999999996,0.9999999999999999,1.0,0.2
hard_20,26,pec,0.0023810384224269786,0.9999999999999999,1.0,0.2
hard_20,27,mv,0.002577000000000002,0.9999999999999999,1.0,0.2
hard_20,27,ds,0.001957666666666669,0.9999999999999999,1.0,0.2
hard_20,27,pec,0.0028369162942313932,0.9999999999999999,1.0,0.2
hard_20,28,mv,0.002923666666666665,0.9999999999999999,1.0,0.2
hard_20,28,ds,0.0017329999999999995,0.9999999999999999,1.0,0.2
hard_20,28,pec,0.0022850430300169837,0.9999999999999999,1.0,0.2
hard_20,29,mv,0.001944000000000001,0.8666666666666666,0.9333333333333333,0.2
hard_20,29,ds,0.0012270000000000013,0.9999999999999999,1.0,0.2
hard_20,29,pec,0.0022313387698756557,0.9999999999999999,1.0,0.2
hard_20,30,mv,0.0035295000000000044,0.9999999999999999,1.0,0.2
hard_20,30,ds,0.0018085000000000035,0.8666666666666666,0.9333333333333333,0.2
hard_20,30,pec,0.0026187323877970986,0.8666666666666666,0.9333333333333333,0.2
hard_20,31,mv,0.002947333333333333,0.9999999999999999,1.0,0.2
hard_20,31,ds,0.0019523333333333337,0.9999999999999999,1.0,0.2
hard_20,31,pec,0.0027177181560141465,0.9999999999999999,1.0,0.2
hard_20,32,mv,0.002329833333333332,0.9999999999999999,1.0,0.2
hard_20,32,ds,0.0021958333333333326,0.9999999999999999,1.0,0.2
hard_20,32,pec,0.002451793888931277,0.9999999999999999,1.0,0.2
hard_20,33,mv,0.002535666666666665,0.9999999999999999,1.0,0.2
hard_20,33,ds,0.002175499999999998,0.9999999999999999,1.0,0.2
hard_20,33,pec,0.003117320092792251,0.9999999999999999,1.0,0.2
hard_20,34,mv,0.002874333333333334,0.9999999999999999,1.0,0.2
hard_20,34,ds,0.0014791666666666662,0.9999999999999999,1.0,0.2
hard_20,34,pec,0.0025633821005011195,0.9999999999999999,1.0,0.2
hard_20,35,mv,0.0022373333333333325,0.9999999999999999,1.0,0.2
hard_20,35,ds,0.0015065000000000002,0.9999999999999999,1.0,0.2
hard_20,35,pec,0.0021767677960620392,0.9999999999999999,1.0,0.2
hard_20,36,mv,0.003329333333333333,0.9999999999999999,1.0,0.2
hard_20,36,ds,0.0015236666666666662,0.9999999999999999,1.0,0.2
hard_20,36,pec,0.0025444989531857912,0.9999999999999999,1.0,0.2
hard_20,37,mv,0.0026678333333333315,0.9999999999999999,1.0,0.2
hard_20,37,ds,0.0016245000000000012,0.9999999999999999,1.0,0.2
hard_20,37,pec,0.0025167574341892636,0.9999999999999999,1.0,0.2
hard_20,38,mv,0.002850666666666666,0.9999999999999999,1.0,0.2
hard_20,38,ds,0.001690333333333333,0.9999999999999999,1.0,0.2
hard_20,38,pec,0.0023605737206802762,0.9999999999999999,1.0,0.2
hard_20,39,mv,0.001994333333333332,0.9999999999999999,1.0,0.2
hard_20,39,ds,0.0010013333333333324,0.9999999999999999,1.0,0.2
hard_20,39,pec,0.0018848937409742617,0.9999999999999999,1.0,0.2
hard_20,40,mv,0.0022378333333333347,0.9999999999999999,1.0,0.2
hard_20,40,ds,0.0009973333333333344,0.9999999999999999,1.0,0.2
hard_20,40,pec,0.001549970670112732,0.9999999999999999,1.0,0.2
hard_20,41,mv,0.0029288333333333354,0.9999999999999999,1.0,0.2
hard_20,41,ds,0.0020463333333333345,0.9999999999999999,1.0,0.2
hard_20,41,pec,0.003236291214029604,0.9999999999999999,1.0,0.2
hard_20,42,mv,0.002842500000000001,0.9999999999999999,1.0,0.2
hard_20,42,ds,0.002082499999999999,0.9999999999999999,1.0,0.2
hard_20,42,pec,0.0032102726705071903,0.9999999999999999,1.0,0.2
hard_20,43,mv,0.0025336666666666667,0.9999999999999999,1.0,0.2
hard_20,43,ds,0.0016704999999999992,0.9999999999999999,1.0,0.2
hard_20,43,pec,0.0023336128667834815,0.9999999999999999,1.0,0.2
hard_20,44,mv,0.002009666666666668,0.9999999999999999,1.0,0.2
hard_20,44,ds,0.0011378333333333347,0.9999999999999999,1.0,0.2
hard_20,44,pec,0.0018379675059384936,0.9999999999999999,1.0,0.2
hard_20,45,mv,0.0024051666666666696,0.9999999999999999,1.0,0.2
hard_20,45,ds,0.0009303333333333342,0.9999999999999999,1.0,0.2
hard_20,45,pec,0.0016376694573430864,0.9999999999999999,1.0,0.2
hard_20,46,mv,0.002278333333333335,0.9999999999999999,1.0,0.2
hard_20,46,ds,0.001069833333333334,0.9999999999999999,1.0,0.2
hard_20,46,pec,0.0018140201870715893,0.9999999999999999,1.0,0.2
hard_20,47,mv,0.003085499999999998,0.9999999999999999,1.0,0.2
hard_20,47,ds,0.0026319999999999976,0.9999999999999999,1.0,0.2
hard_20,47,pec,0.003564217120182084,0.9999999999999999,1.0,0.2
hard_20,48,mv,0.0020985,0.9999999999999999,1.0,0.2
hard_20,48,ds,0.0013943333333333336,0.9999999999999999,1.0,0.2
hard_20,48,pec,0.002106826053885822,0.9999999999999999,1.0,0.2
hard_20,49,mv,0.0020116666666666664,0.9999999999999999,1.0,0.2
hard_20,49,ds,0.0011221666666666674,0.9999999999999999,1.0,0.2
hard_20,49,pec,0.0021623535469690075,0.9999999999999999,1.0,0.2
hard_20,50,mv,0.0019616666666666667,0.9999999999999999,1.0,0.2
hard_20,50,ds,0.0011845000000000009,0.9999999999999999,1.0,0.2
hard_20,50,pec,0.0020219841626050324,0.9999999999999999,1.0,0.2
hard_20,51,mv,0.002587833333333332,0.9999999999999999,1.0,0.2
hard_20,51,ds,0.0015636666666666663,0.9999999999999999,1.0,0.2
hard_20,51,pec,0.002319452859232823,0.9999999999999999,1.0,0.2
hard_20,52,mv,0.0021126666666666685,0.9999999999999999,1.0,0.2
hard_20,52,ds,0.001885499999999999,0.9999999999999999,1.0,0.2
hard_20,52,pec,0.0025564864074361098,0.9999999999999999,1.0,0.2
hard_20,53,mv,0.002119333333333333,0.9999999999999999,1.0,0.2
hard_20,53,ds,0.0013324999999999993,0.9999999999999999,1.0,0.2
hard_20,53,pec,0.00150948700727618,0.9999999999999999,1.0,0.2
hard_20,54,mv,0.0022643333333333317,0.9999999999999999,1.0,0.2
hard_20,54,ds,0.001133666666666667,0.9999999999999999,1.0,0.2
hard_20,54,pec,0.0021496171666444794,0.9999999999999999,1.0,0.2
hard_20,55,mv,0.002720833333333332,0.9999999999999999,1.0,0.2
hard_20,55,ds,0.0014036666666666661,0.9999999999999999,1.0,0.2
hard_20,55,pec,0.0022062079449250258,0.9999999999999999,1.0,0.2
hard_20,56,mv,0.002154000000000001,0.9999999999999999,1.0,0.2
hard_20,56,ds,0.0010866666666666679,0.9999999999999999,1.0,0.2
hard_20,56,pec,0.0017516286245554177,0.9999999999999999,1.0,0.2
hard_20,57,mv,0.0025343333333333346,0.9999999999999999,1.0,0.2
hard_20,57,ds,0.001378166666666669,0.9999999999999999,1.0,0.2
hard_20,57,pec,0.002126884602023051,0.9999999999999999,1.0,0.2
hard_20,58,mv,0.0031626666666666665,0.9999999999999999,1.0,0.2
hard_20,58,ds,0.0019851666666666676,0.9999999999999999,1.0,0.2
hard_20,58,pec,0.00310789561614291,0.9999999999999999,1.0,0.2
hard_20,59,mv,0.0028418333333333316,0.9999999999999999,1.0,0.2
hard_20,59,ds,0.0016120000000000004,0.9999999999999999,1.0,0.2
hard_20,59,pec,0.002411433228365286,0.9999999999999999,1.0,0.2
hard_20,60,mv,0.0020055,0.9999999999999999,1.0,0.2
hard_20,60,ds,0.0008365000000000001,0.9999999999999999,1.0,0.2
hard_20,60,pec,0.0013856625830931573,0.9999999999999999,1.0,0.2
hard_20,61,mv,0.002882499999999999,0.9999999999999999,1.0,0.2
hard_20,61,ds,0.0014933333333333344,0.9999999999999999,1.0,0.2
hard_20,61,pec,0.002415759033878168,0.9999999999999999,1.0,0.2
hard_20,62,mv,0.0030865000000000037,0.9999999999999999,1.0,0.2
hard_20,62,ds,0.0018880000000000034,0.9999999999999999,1.0,0.2
hard_20,62,pec,0.0027745650141416654,0.9999999999999999,1.0,0.2
hard_20,63,mv,0.0017931666666666675,0.9999999999999999,1.0,0.2
hard_20,63,ds,0.0013905000000000011,0.9999999999999999,1.0,0.2
hard_20,63,pec,0.0018529658669389968,0.9999999999999999,1.0,0.2
hard_20,64,mv,0.0020635000000000002,0.9999999999999999,1.0,0.2
hard_20,64,ds,0.0016138333333333334,0.9999999999999999,1.0,0.2
hard_20,64,pec,0.0022798539146628408,0.9999999999999999,1.0,0.2
hard_20,65,mv,0.0027296666666666667,0.9999999999999999,1.0,0.2
hard_20,65,ds,0.0020668333333333337,0.9999999999999999,1.0,0.2
hard_20,65,pec,0.003542231858818057,0.9999999999999999,1.0,0.2
hard_20,66,mv,0.0014546666666666673,0.9999999999999999,1.0,0.2
hard_20,66,ds,0.0010058333333333334,0.9999999999999999,1.0,0.2
hard_20,66,pec,0.001292658583093521,0.9999999999999999,1.0,0.2
hard_20,67,mv,0.0024991666666666678,0.9999999999999999,1.0,0.2
hard_20,67,ds,0.0016323333333333344,0.9999999999999999,1.0,0.2
hard_20,67,pec,0.0024617146458699632,0.9999999999999999,1.0,0.2
hard_20,68,mv,0.003263833333333332,0.9999999999999999,1.0,0.2
hard_20,68,ds,0.0027258333333333353,0.9999999999999999,1.0,0.2
hard_20,68,pec,0.003561060474542861,0.9999999999999999,1.0,0.2
hard_20,69,mv,0.0027198333333333324,0.9999999999999999,1.0,0.2
hard_20,69,ds,0.0014991666666666667,0.9999999999999999,1.0,0.2
hard_20,69,pec,0.0022398571645557345,0.9999999999999999,1.0,0.2
hard_20,70,mv,0.002831166666666666,0.9999999999999999,1.0,0.2
hard_20,70,ds,0.0015554999999999998,0.9999999999999999,1.0,0.2
hard_20,70,pec,0.002848742943049819,0.9999999999999999,1.0,0.2
hard_20,71,mv,0.0029590000000000016,0.9999999999999999,1.0,0.2
hard_20,71,ds,0.0022723333333333337,0.9999999999999999,1.0,0.2
hard_20,71,pec,0.003124327600586958,0.9999999999999999,1.0,0.2
hard_20,72,mv,0.0024040000000000003,0.9999999999999999,1.0,0.2
hard_20,72,ds,0.0014646666666666682,0.9999999999999999,1.0,0.2
hard_20,72,pec,0.0017992700923854122,0.9999999999999999,1.0,0.2
hard_20,73,mv,0.0021751666666666655,0.9999999999999999,1.0,0.2
hard_20,73,ds,0.001605666666666667,0.9999999999999999,1.0,0.2
hard_20,73,pec,0.0023267012826853413,0.9999999999999999,1.0,0.2
hard_20,74,mv,0.0023033333333333317,0.9999999999999999,1.0,0.2
hard_20,74,ds,0.0010806666666666666,0.9999999999999999,1.0,0.2
hard_20,74,pec,0.0018902583705119307,0.9999999999999999,1.0,0.2
hard_20,75,mv,0.002954333333333331,0.9999999999999999,1.0,0.2
hard_20,75,ds,0.0021356666666666672,0.9999999999999999,1.0,0.2
hard_20,75,pec,0.0029683064423949392,0.9999999999999999,1.0,0.2
hard_20,76,mv,0.0026091666666666676,0.9999999999999999,1.0,0.2
hard_20,76,ds,0.001548,0.9999999999999999,1.0,0.2
hard_20,76,pec,0.002076439633875795,0.9999999999999999,1.0,0.2
hard_20,77,mv,0.0031681666666666677,0.9999999999999999,1.0,0.2
hard_20,77,ds,0.001098333333333333,0.9999999999999999,1.0,0.2
hard_20,77,pec,0.0023223634511796414,0.9999999999999999,1.0,0.2
hard_20,78,mv,0.0019383333333333325,0.9999999999999999,1.0,0.2
hard_20,78,ds,0.0018780000000000001,0.9999999999999999,1.0,0.2
hard_20,78,pec,0.002746705357014176,0.9999999999999999,1.0,0.2
hard_20,79,mv,0.0031029999999999994,0.9999999999999999,1.0,0.2
hard_20,79,ds,0.001545999999999998,0.9999999999999999,1.0,0.2
hard_20,79,pec,0.002268850495685397,0.9999999999999999,1.0,0.2
hard_20,80,mv,0.0023448333333333346,0.9999999999999999,1.0,0.2
hard_20,80,ds,0.0011406666666666672,0.9999999999999999,1.0,0.2
hard_20,80,pec,0.00174933058000002,0.9999999999999999,1.0,0.2
hard_20,81,mv,0.0030433333333333332,0.9999999999999999,1.0,0.2
hard_20,81,ds,0.0016986666666666654,0.9999999999999999,1.0,0.2
hard_20,81,pec,0.0023145896507851763,0.9999999999999999,1.0,0.2
hard_20,82,mv,0.0026049999999999975,0.9999999999999999,1.0,0.2
hard_20,82,ds,0.0013576666666666667,0.9999999999999999,1.0,0.2
hard_20,82,pec,0.002206923829848212,0.9999999999999999,1.0,0.2
hard_20,83,mv,0.002271500000000001,0.9999999999999999,1.0,0.2
hard_20,83,ds,0.0011058333333333337,0.9999999999999999,1.0,0.2
hard_20,83,pec,0.0016489436930412673,0.9999999999999999,1.0,0.2
hard_20,84,mv,0.0028706666666666668,0.9999999999999999,1.0,0.2
hard_20,84,ds,0.0018781666666666677,0.9999999999999999,1.0,0.2
hard_20,84,pec,0.002671232218775197,0.9999999999999999,1.0,0.2
hard_20,85,mv,0.0027065000000000006,0.9999999999999999,1.0,0.2
hard_20,85,ds,0.0015041666666666667,0.9999999999999999,1.0,0.2
hard_20,85,pec,0.00246758193111539,0.9999999999999999,1.0,0.2
hard_20,86,mv,0.0031173333333333326,0.9999999999999999,1.0,0.2
hard_20,86,ds,0.0019364999999999996,0.8666666666666666,0.9333333333333333,0.2
hard_20,86,pec,0.0023355336153736334,0.8666666666666666,0.9333333333333333,0.2
hard_20,87,mv,0.0024743333333333327,0.9999999999999999,1.0,0.2
hard_20,87,ds,0.0011864999999999996,0.9999999999999999,1.0,0.2
hard_20,87,pec,0.0018899413202429285,0.9999999999999999,1.0,0.2
hard_20,88,mv,0.0025203333333333345,0.9999999999999999,1.0,0.2
hard_20,88,ds,0.0011048333333333327,0.9999999999999999,1.0,0.2
hard_20,88,pec,0.001780560090456509,0.9999999999999999,1.0,0.2
hard_20,89,mv,0.0025578333333333334,0.9999999999999999,1.0,0.2
hard_20,89,ds,0.0022531666666666668,0.9999999999999999,1.0,0.2
hard_20,89,pec,0.002540254295589718,0.9999999999999999,1.0,0.2
hard_20,90,mv,0.002466166666666668,0.9999999999999999,1.0,0.2
hard_20,90,ds,0.0012996666666666684,0.9999999999999999,1.0,0.2
hard_20,90,pec,0.0022338494084941573,0.9999999999999999,1.0,0.2
hard_20,91,mv,0.002351166666666665,0.9999999999999999,1.0,0.2
hard_20,91,ds,0.0018249999999999985,0.9999999999999999,1.0,0.2
hard_20,91,pec,0.0026417607669599586,0.9999999999999999,1.0,0.2
hard_20,92,mv,0.002449166666666665,0.9999999999999999,1.0,0.2
hard_20,92,ds,0.0016496666666666667,0.9999999999999999,1.0,0.2
hard_20,92,pec,0.002428138698808997,0.9999999999999999,1.0,0.2
hard_20,93,mv,0.0031008333333333343,0.9999999999999999,1.0,0.2
hard_20,93,ds,0.001709500000000001,0.9999999999999999,1.0,0.2
hard_20,93,pec,0.0025947209957792906,0.9999999999999999,1.0,0.2
hard_20,94,mv,0.002623833333333332,0.9999999999999999,1.0,0.2
hard_20,94,ds,0.0012521666666666662,0.9999999999999999,1.0,0.2
hard_20,94,pec,0.002123694643966296,0.9999999999999999,1.0,0.2
hard_20,95,mv,0.002397000000000001,0.9999999999999999,1.0,0.2
hard_20,95,ds,0.0012178333333333338,0.9999999999999999,1.0,0.2
hard_20,95,pec,0.001932026047137123,0.9999999999999999,1.0,0.2
hard_20,96,mv,0.0035916666666666645,0.8666666666666666,0.9333333333333333,0.2
hard_20,96,ds,0.001988166666666667,0.9999999999999999,1.0,0.2
hard_20,96,pec,0.0027540135014843155,0.9999999999999999,1.0,0.2
hard_20,97,mv,0.003058999999999997,0.9999999999999999,1.0,0.2
hard_20,97,ds,0.002245666666666667,0.9999999999999999,1.0,0.2
hard_20,97,pec,0.0030892842722578407,0.9999999999999999,1.0,0.2
hard_20,98,mv,0.003309666666666667,0.9999999999999999,1.0,0.2
hard_20,98,ds,0.0017810000000000007,0.9999999999999999,1.0,0.2
hard_20,98,pec,0.002544487146798148,0.9999999999999999,1.0,0.2
hard_20,99,mv,0.003330666666666666,0.9999999999999999,1.0,0.2
hard_20,99,ds,0.0021346666666666684,0.9999999999999999,1.0,0.2
hard_20,99,pec,0.002917199273441407,0.9999999999999999,1.0,0.2
