config,method,hard_item_prob,mse_mean,mse_std,mse_se,kendall_tau_mean,kendall_tau_std,kendall_tau_se,ranking_accuracy_mean,ranking_accuracy_std,ranking_accuracy_se
hard_00,mv,0.0,0.0010976683333333334,0.0002285993553687324,2.285993553687324e-05,0.9973333333333332,0.01866666666666666,0.0018666666666666662,0.9986666666666667,0.00933333333333333,0.0009333333333333331
hard_00,ds,0.0,0.00036463333333333343,0.00013683481322788847,1.3683481322788847e-05,0.9996609178307929,0.0033738249850786602,0.000337382498507866,0.9996666666666667,0.003316624790355399,0.0003316624790355399
hard_00,pec,0.0,0.0006040125959539881,0.0001524513494165968,1.5245134941659679e-05,0.9999999999999999,0.0,0.0,1.0,0.0,0.0
hard_10,mv,0.1,0.0017840216666666668,0.0004242122363569914,4.2421223635699144e-05,0.9919999999999999,0.03166491223210111,0.0031664912232101114,0.996,0.015832456116050556,0.0015832456116050557
hard_10,ds,0.1,0.0008340166666666667,0.0002987246200283986,2.9872462002839863e-05,0.996,0.022744962812309304,0.0022744962812309305,0.998,0.01137248140615465,0.001137248140615465
hard_10,pec,0.1,0.0012944557359280476,0.00031744247949325334,3.174424794932534e-05,0.9973333333333332,0.01866666666666666,0.0018666666666666662,0.9986666666666667,0.00933333333333333,0.0009333333333333331
hard_20,mv,0.2,0.002621531666666666,0.00047769747614933466,4.7769747614933465e-05,0.9959999999999998,0.02274496281230931,0.002274496281230931,0.9980000000000001,0.011372481406154652,0.0011372481406154652
hard_20,ds,0.2,0.0015647950000000006,0.000404705153204843,4.04705153204843e-05,0.9973333333333332,0.01866666666666666,0.0018666666666666662,0.9986666666666667,0.00933333333333333,0.0009333333333333331
hard_20,pec,0.2,0.002355334708081831,0.0005126491108525136,5.126491108525136e-05,0.9973333333333332,0.01866666666666666,0.0018666666666666662,0.9986666666666667,0.00933333333333333,0.0009333333333333331
