config,repetition,method,mse,kendall_tau,ranking_accuracy,adversarial_fraction
adv_00,0,mv,0.0021783333333333338,0.9999999999999999,1.0,0.0
adv_00,0,ds,0.0016276666666666668,0.9999999999999999,1.0,0.0
adv_00,0,pec,0.0022275816504740433,0.9999999999999999,1.0,0.0
adv_00,1,mv,0.0034423333333333324,0.9999999999999999,1.0,0.0
adv_00,1,ds,0.002161666666666667,0.9999999999999999,1.0,0.0
adv_00,1,pec,0.002901834239061065,0.9999999999999999,1.0,0.0
adv_00,2,mv,0.002244333333333334,0.9999999999999999,1.0,0.0
adv_00,2,ds,0.001459333333333334,0.9999999999999999,1.0,0.0
adv_00,2,pec,0.0020787713762877927,0.9999999999999999,1.0,0.0
adv_00,3,mv,0.002227166666666667,0.9999999999999999,1.0,0.0
adv_00,3,ds,0.0014064999999999998,0.9999999999999999,1.0,0.0
adv_00,3,pec,0.001962169747088123,0.9999999999999999,1.0,0.0
adv_00,4,mv,0.002966833333333334,0.9999999999999999,1.0,0.0
adv_00,4,ds,0.0019200000000000007,0.9999999999999999,1.0,0.0
adv_00,4,pec,0.003179578676332196,0.9999999999999999,1.0,0.0
adv_00,5,mv,0.0015488333333333333,0.9999999999999999,1.0,0.0
adv_00,5,ds,0.0012995,0.9999999999999999,1.0,0.0
adv_00,5,pec,0.0018968969080057421,0.9999999999999999,1.0,0.0
adv_00,6,mv,0.001992166666666667,0.9999999999999999,1.0,0.0
adv_00,6,ds,0.001518333333333334,0.9999999999999999,1.0,0.0
adv_00,6,pec,0.0023635289587605767,0.9999999999999999,1.0,0.0
adv_00,7,mv,0.0011511666666666677,0.9999999999999999,1.0,0.0
adv_00,7,ds,0.0005048333333333333,0.9999999999999999,1.0,0.0
adv_00,7,pec,0.0009959482382195651,0.9999999999999999,1.0,0.0
adv_00,8,mv,0.0019396666666666661,0.9999999999999999,1.0,0.0
adv_00,8,ds,0.0014358333333333339,0.9999999999999999,1.0,0.0
adv_00,8,pec,0.002376076426558279,0.9999999999999999,1.0,0.0
adv_00,9,mv,0.002177333333333335,0.9999999999999999,1.0,0.0
adv_00,9,ds,0.001369166666666669,0.9999999999999999,1.0,0.0
adv_00,9,pec,0.0022334530488435536,0.9999999999999999,1.0,0.0
adv_00,10,mv,0.002081666666666666,0.9999999999999999,1.0,0.0
adv_00,10,ds,0.002197666666666667,0.9999999999999999,1.0,0.0
adv_00,10,pec,0.002957747131964166,0.9999999999999999,1.0,0.0
adv_00,11,mv,0.0022509999999999965,0.9999999999999999,1.0,0.0
adv_00,11,ds,0.0015444999999999975,0.9999999999999999,1.0,0.0
adv_00,11,pec,0.002095169903708907,0.9999999999999999,1.0,0.0
adv_00,12,mv,0.002518499999999998,0.9999999999999999,1.0,0.0
adv_00,12,ds,0.0009225000000000009,0.9999999999999999,1.0,0.0
adv_00,12,pec,0.001763183107020487,0.9999999999999999,1.0,0.0
adv_00,13,mv,0.0021169999999999995,0.9999999999999999,1.0,0.0
adv_00,13,ds,0.0012696666666666668,0.9999999999999999,1.0,0.0
adv_00,13,pec,0.002032092909825608,0.9999999999999999,1.0,0.0
adv_00,14,mv,0.0016724999999999997,0.9999999999999999,1.0,0.0
adv_00,14,ds,0.0011643333333333334,0.9999999999999999,1.0,0.0
adv_00,14,pec,0.0020176639046247547,0.9999999999999999,1.0,0.0
adv_00,15,mv,0.0022723333333333345,0.9999999999999999,1.0,0.0
adv_00,15,ds,0.0013750000000000019,0.9999999999999999,1.0,0.0
adv_00,15,pec,0.0020006388409741466,0.9999999999999999,1.0,0.0
adv_00,16,mv,0.001767833333333334,0.9999999999999999,1.0,0.0
adv_00,16,ds,0.0014291666666666652,0.9999999999999999,1.0,0.0
adv_00,16,pec,0.0022525619016603576,0.9999999999999999,1.0,0.0
adv_00,17,mv,0.0018555000000000006,0.9999999999999999,1.0,0.0
adv_00,17,ds,0.000738666666666667,0.9999999999999999,1.0,0.0
adv_00,17,pec,0.0012499006578277655,0.9999999999999999,1.0,0.0
adv_00,18,mv,0.0019245000000000009,0.9999999999999999,1.0,0.0
adv_00,18,ds,0.0011671666666666668,0.9999999999999999,1.0,0.0
adv_00,18,pec,0.001749562701441525,0.9999999999999999,1.0,0.0
adv_00,19,mv,0.0022411666666666656,0.9999999999999999,1.0,0.0
adv_00,19,ds,0.0015773333333333336,0.9999999999999999,1.0,0.0
adv_00,19,pec,0.0024723515062904777,0.9999999999999999,1.0,0.0
adv_00,20,mv,0.0020820000000000005,0.9999999999999999,1.0,0.0
adv_00,20,ds,0.0007101666666666658,0.9999999999999999,1.0,0.0
adv_00,20,pec,0.001153825829060616,0.9999999999999999,1.0,0.0
adv_00,21,mv,0.0014791666666666677,0.9999999999999999,1.0,0.0
adv_00,21,ds,0.001007333333333335,0.9999999999999999,1.0,0.0
adv_00,21,pec,0.0014159616290003068,0.9999999999999999,1.0,0.0
adv_00,22,mv,0.0014775000000000003,0.9999999999999999,1.0,0.0
adv_00,22,ds,0.0008308333333333336,0.9999999999999999,1.0,0.0
adv_00,22,pec,0.001412420337105112,0.9999999999999999,1.0,0.0
adv_00,23,mv,0.0016795000000000004,0.9999999999999999,1.0,0.0
adv_00,23,ds,0.0008925000000000002,0.9999999999999999,1.0,0.0
adv_00,23,pec,0.0017581547296271077,0.9999999999999999,1.0,0.0
adv_00,24,mv,0.002045333333333333,0.9999999999999999,1.0,0.0
adv_00,24,ds,0.0013543333333333326,0.9999999999999999,1.0,0.0
adv_00,24,pec,0.0019424828248493448,0.9999999999999999,1.0,0.0
adv_00,25,mv,0.0025673333333333316,0.9999999999999999,1.0,0.0
adv_00,25,ds,0.0017433333333333346,0.9660917830792959,0.9666666666666667,0.0
adv_00,25,pec,0.0025192236607374002,0.9999999999999999,1.0,0.0
adv_00,26,mv,0.001844166666666667,0.9999999999999999,1.0,0.0
adv_00,26,ds,0.0018026666666666653,0.9999999999999999,1.0,0.0
adv_00,26,pec,0.002414998149038114,0.9999999999999999,1.0,0.0
adv_00,27,mv,0.002041833333333336,0.9999999999999999,1.0,0.0
adv_00,27,ds,0.0018735,0.9999999999999999,1.0,0.0
adv_00,27,pec,0.0026185589600292735,0.9999999999999999,1.0,0.0
adv_00,28,mv,0.002169166666666665,0.9999999999999999,1.0,0.0
adv_00,28,ds,0.0018116666666666663,0.9999999999999999,1.0,0.0
adv_00,28,pec,0.0021214919886087826,0.9999999999999999,1.0,0.0
adv_00,29,mv,0.0011931666666666677,0.9999999999999999,1.0,0.0
adv_00,29,ds,0.0011485000000000013,0.9999999999999999,1.0,0.0
adv_00,29,pec,0.0016788693733987786,0.9999999999999999,1.0,0.0
adv_00,30,mv,0.0027896666666666673,0.8666666666666666,0.9333333333333333,0.0
adv_00,30,ds,0.0015900000000000029,0.8666666666666666,0.9333333333333333,0.0
adv_00,30,pec,0.002408071954479485,0.8666666666666666,0.9333333333333333,0.0
adv_00,31,mv,0.002134500000000001,0.9999999999999999,1.0,0.0
adv_00,31,ds,0.0015350000000000001,0.9999999999999999,1.0,0.0
adv_00,31,pec,0.0019353285732181466,0.9999999999999999,1.0,0.0
adv_00,32,mv,0.0018596666666666664,0.9999999999999999,1.0,0.0
adv_00,32,ds,0.0014438333333333323,0.9999999999999999,1.0,0.0
adv_00,32,pec,0.0017955880646220938,0.9999999999999999,1.0,0.0
adv_00,33,mv,0.0019786666666666646,0.9999999999999999,1.0,0.0
adv_00,33,ds,0.0016351666666666643,0.9999999999999999,1.0,0.0
adv_00,33,pec,0.0023984490053615836,0.9999999999999999,1.0,0.0
adv_00,34,mv,0.0023650000000000003,0.9999999999999999,1.0,0.0
adv_00,34,ds,0.001549833333333333,0.9999999999999999,1.0,0.0
adv_00,34,pec,0.002304620382863333,0.9999999999999999,1.0,0.0
adv_00,35,mv,0.001809333333333334,0.9999999999999999,1.0,0.0
adv_00,35,ds,0.001207166666666667,0.9999999999999999,1.0,0.0
adv_00,35,pec,0.0019165090136465345,0.9999999999999999,1.0,0.0
adv_00,36,mv,0.0025468333333333337,0.9999999999999999,1.0,0.0
adv_00,36,ds,0.0015443333333333327,0.9999999999999999,1.0,0.0
adv_00,36,pec,0.0023043965623172243,0.9999999999999999,1.0,0.0
adv_00,37,mv,0.001839833333333334,0.9999999999999999,1.0,0.0
adv_00,37,ds,0.0010958333333333352,0.9999999999999999,1.0,0.0
adv_00,37,pec,0.0018823446240193225,0.9999999999999999,1.0,0.0
adv_00,38,mv,0.0018424999999999997,0.9999999999999999,1.0,0.0
adv_00,38,ds,0.0015869999999999992,0.9999999999999999,1.0,0.0
adv_00,38,pec,0.001924500672355241,0.9999999999999999,1.0,0.0
adv_00,39,mv,0.0015976666666666663,0.9999999999999999,1.0,0.0
adv_00,39,ds,0.0012283333333333332,0.9999999999999999,1.0,0.0
adv_00,39,pec,0.001961964554095358,0.9999999999999999,1.0,0.0
adv_00,40,mv,0.0014526666666666672,0.9999999999999999,1.0,0.0
adv_00,40,ds,0.0008976666666666676,0.9999999999999999,1.0,0.0
adv_00,40,pec,0.0012367947272106424,0.9999999999999999,1.0,0.0
adv_00,41,mv,0.0024683333333333345,0.9999999999999999,1.0,0.0
adv_00,41,ds,0.0019883333333333337,0.9999999999999999,1.0,0.0
adv_00,41,pec,0.0032923794901870093,0.9999999999999999,1.0,0.0
adv_00,42,mv,0.0022314999999999995,0.9999999999999999,1.0,0.0
adv_00,42,ds,0.0019413333333333342,0.9999999999999999,1.0,0.0
adv_00,42,pec,0.00268037268596101,0.9999999999999999,1.0,0.0
adv_00,43,mv,0.0018698333333333334,0.9999999999999999,1.0,0.0
adv_00,43,ds,0.0013773333333333326,0.9999999999999999,1.0,0.0
adv_00,43,pec,0.001979814638951185,0.9999999999999999,1.0,0.0
adv_00,44,mv,0.0016431666666666676,0.9999999999999999,1.0,0.0
adv_00,44,ds,0.0010185000000000014,0.9999999999999999,1.0,0.0
adv_00,44,pec,0.0017258584286886445,0.9999999999999999,1.0,0.0
adv_00,45,mv,0.0017746666666666685,0.9999999999999999,1.0,0.0
adv_00,45,ds,0.0009435000000000008,0.9999999999999999,1.0,0.0
adv_00,45,pec,0.0014597202558718485,0.9999999999999999,1.0,0.0
adv_00,46,mv,0.0016673333333333338,0.9999999999999999,1.0,0.0
adv_00,46,ds,0.0008898333333333336,0.9999999999999999,1.0,0.0
adv_00,46,pec,0.0015623141975894584,0.9999999999999999,1.0,0.0
adv_00,47,mv,0.0026614999999999976,0.9999999999999999,1.0,0.0
adv_00,47,ds,0.0019309999999999998,0.9999999999999999,1.0,0.0
adv_00,47,pec,0.002813378527683062,0.9999999999999999,1.0,0.0
adv_00,48,mv,0.0015931666666666674,0.9999999999999999,1.0,0.0
adv_00,48,ds,0.0010551666666666678,0.9999999999999999,1.0,0.0
adv_00,48,pec,0.001776817099380712,0.9999999999999999,1.0,0.0
adv_00,49,mv,0.0017256666666666677,0.9999999999999999,1.0,0.0
adv_00,49,ds,0.0007300000000000006,0.9999999999999999,1.0,0.0
adv_00,49,pec,0.0014322191471335625,0.9999999999999999,1.0,0.0
adv_00,50,mv,0.0013583333333333331,0.9999999999999999,1.0,0.0
adv_00,50,ds,0.0011363333333333336,0.9999999999999999,1.0,0.0
adv_00,50,pec,0.0018129914498429057,0.9999999999999999,1.0,0.0
adv_00,51,mv,0.0019096666666666663,0.9999999999999999,1.0,0.0
adv_00,51,ds,0.001573,0.9999999999999999,1.0,0.0
adv_00,51,pec,0.002267330201007019,0.9999999999999999,1.0,0.0
adv_00,52,mv,0.0016111666666666679,0.9999999999999999,1.0,0.0
adv_00,52,ds,0.0009216666666666679,0.9999999999999999,1.0,0.0
adv_00,52,pec,0.001778106276453214,0.9999999999999999,1.0,0.0
adv_00,53,mv,0.0016338333333333324,0.9999999999999999,1.0,0.0
adv_00,53,ds,0.0012166666666666658,0.9999999999999999,1.0,0.0
adv_00,53,pec,0.0014273471314457172,0.9999999999999999,1.0,0.0
adv_00,54,mv,0.0015946666666666678,0.9999999999999999,1.0,0.0
adv_00,54,ds,0.0013106666666666672,0.9999999999999999,1.0,0.0
adv_00,54,pec,0.0019172201210029877,0.9999999999999999,1.0,0.0
adv_00,55,mv,0.002479333333333332,0.9999999999999999,1.0,0.0
adv_00,55,ds,0.0013649999999999992,0.9999999999999999,1.0,0.0
adv_00,55,pec,0.0020366168935520286,0.9999999999999999,1.0,0.0
adv_00,56,mv,0.0016773333333333336,0.9999999999999999,1.0,0.0
adv_00,56,ds,0.0009010000000000009,0.9999999999999999,1.0,0.0
adv_00,56,pec,0.001591038720638294,0.9999999999999999,1.0,0.0
adv_00,57,mv,0.001931833333333334,0.9999999999999999,1.0,0.0
adv_00,57,ds,0.0013281666666666678,0.9999999999999999,1.0,0.0
adv_00,57,pec,0.0018973385892988295,0.9999999999999999,1.0,0.0
adv_00,58,mv,0.002674666666666664,0.9999999999999999,1.0,0.0
adv_00,58,ds,0.0018260000000000006,0.9999999999999999,1.0,0.0
adv_00,58,pec,0.00273656761996271,0.9999999999999999,1.0,0.0
adv_00,59,mv,0.0021068333333333325,0.9999999999999999,1.0,0.0
adv_00,59,ds,0.001766833333333334,0.9999999999999999,1.0,0.0
adv_00,59,pec,0.002419293719706265,0.9999999999999999,1.0,0.0
adv_00,60,mv,0.0015928333333333352,0.9999999999999999,1.0,0.0
adv_00,60,ds,0.000992166666666667,0.9999999999999999,1.0,0.0
adv_00,60,pec,0.0015234422533434249,0.9999999999999999,1.0,0.0
adv_00,61,mv,0.0025849999999999988,0.9999999999999999,1.0,0.0
adv_00,61,ds,0.0015063333333333341,0.9999999999999999,1.0,0.0
adv_00,61,pec,0.002384609164999755,0.9999999999999999,1.0,0.0
adv_00,62,mv,0.0022141666666666694,0.9999999999999999,1.0,0.0
adv_00,62,ds,0.001584000000000003,0.9999999999999999,1.0,0.0
adv_00,62,pec,0.002514346176960984,0.9999999999999999,1.0,0.0
adv_00,63,mv,0.0016583333333333344,0.9999999999999999,1.0,0.0
adv_00,63,ds,0.0014238333333333345,0.9999999999999999,1.0,0.0
adv_00,63,pec,0.0018836488029358393,0.9999999999999999,1.0,0.0
adv_00,64,mv,0.0016909999999999974,0.9999999999999999,1.0,0.0
adv_00,64,ds,0.001418499999999998,0.9999999999999999,1.0,0.0
adv_00,64,pec,0.0019267803215656115,0.9999999999999999,1.0,0.0
adv_00,65,mv,0.0025856666666666645,0.9999999999999999,1.0,0.0
adv_00,65,ds,0.002266999999999998,0.9999999999999999,1.0,0.0
adv_00,65,pec,0.003113471424244372,0.9999999999999999,1.0,0.0
adv_00,66,mv,0.0010556666666666668,0.9999999999999999,1.0,0.0
adv_00,66,ds,0.000656833333333333,0.9999999999999999,1.0,0.0
adv_00,66,pec,0.0010243758325596758,0.9999999999999999,1.0,0.0
adv_00,67,mv,0.0017656666666666671,0.9999999999999999,1.0,0.0
adv_00,67,ds,0.0015925000000000012,0.9999999999999999,1.0,0.0
adv_00,67,pec,0.002354160011326712,0.9999999999999999,1.0,0.0
adv_00,68,mv,0.0023778333333333316,0.9999999999999999,1.0,0.0
adv_00,68,ds,0.0020765000000000002,0.9999999999999999,1.0,0.0
adv_00,68,pec,0.0027557861789013825,0.9999999999999999,1.0,0.0
adv_00,69,mv,0.002080666666666665,0.9999999999999999,1.0,0.0
adv_00,69,ds,0.0016274999999999998,0.9999999999999999,1.0,0.0
adv_00,69,pec,0.0022542916595934713,0.9999999999999999,1.0,0.0
adv_00,70,mv,0.002062833333333332,0.9999999999999999,1.0,0.0
adv_00,70,ds,0.0016788333333333334,0.9999999999999999,1.0,0.0
adv_00,70,pec,0.00264575731475021,0.9999999999999999,1.0,0.0
adv_00,71,mv,0.002655000000000001,0.9999999999999999,1.0,0.0
adv_00,71,ds,0.0019526666666666668,0.9999999999999999,1.0,0.0
adv_00,71,pec,0.002613211536816342,0.9999999999999999,1.0,0.0
adv_00,72,mv,0.001592000000000002,0.9999999999999999,1.0,0.0
adv_00,72,ds,0.0009231666666666675,0.9999999999999999,1.0,0.0
adv_00,72,pec,0.0013365086336891404,0.9999999999999999,1.0,0.0
adv_00,73,mv,0.0016675000000000006,0.9999999999999999,1.0,0.0
adv_00,73,ds,0.0011433333333333337,0.9999999999999999,1.0,0.0
adv_00,73,pec,0.0017129552319303405,0.9999999999999999,1.0,0.0
adv_00,74,mv,0.0015113333333333322,0.9999999999999999,1.0,0.0
adv_00,74,ds,0.0008378333333333336,0.9999999999999999,1.0,0.0
adv_00,74,pec,0.0016146723359156897,0.9999999999999999,1.0,0.0
adv_00,75,mv,0.0021683333333333324,0.9999999999999999,1.0,0.0
adv_00,75,ds,0.002018999999999999,0.9999999999999999,1.0,0.0
adv_00,75,pec,0.0023485962498964886,0.9999999999999999,1.0,0.0
adv_00,76,mv,0.002135833333333334,0.9999999999999999,1.0,0.0
adv_00,76,ds,0.001424666666666666,0.9999999999999999,1.0,0.0
adv_00,76,pec,0.0019219050615632844,0.9999999999999999,1.0,0.0
adv_00,77,mv,0.002447666666666666,0.9999999999999999,1.0,0.0
adv_00,77,ds,0.0013408333333333325,0.9999999999999999,1.0,0.0
adv_00,77,pec,0.00217658121751947,0.9999999999999999,1.0,0.0
adv_00,78,mv,0.0014528333333333327,0.9999999999999999,1.0,0.0
adv_00,78,ds,0.001321333333333333,0.9999999999999999,1.0,0.0
adv_00,78,pec,0.0022368439635109465,0.9999999999999999,1.0,0.0
adv_00,79,mv,0.002239166666666667,0.9999999999999999,1.0,0.0
adv_00,79,ds,0.0011943333333333328,0.9999999999999999,1.0,0.0
adv_00,79,pec,0.0018135155412527563,0.9999999999999999,1.0,0.0
adv_00,80,mv,0.0021651666666666677,0.9999999999999999,1.0,0.0
adv_00,80,ds,0.0010311666666666668,0.9999999999999999,1.0,0.0
adv_00,80,pec,0.0016822940184579433,0.9999999999999999,1.0,0.0
adv_00,81,mv,0.0024173333333333325,0.9999999999999999,1.0,0.0
adv_00,81,ds,0.0015533333333333321,0.9999999999999999,1.0,0.0
adv_00,81,pec,0.002175691981576681,0.9999999999999999,1.0,0.0
adv_00,82,mv,0.001848333333333333,0.9999999999999999,1.0,0.0
adv_00,82,ds,0.0012676666666666663,0.9999999999999999,1.0,0.0
adv_00,82,pec,0.0019396081975148081,0.9999999999999999,1.0,0.0
adv_00,83,mv,0.0017636666666666669,0.9999999999999999,1.0,0.0
adv_00,83,ds,0.0008363333333333336,0.9999999999999999,1.0,0.0
adv_00,83,pec,0.0012537843360230616,0.9999999999999999,1.0,0.0
adv_00,84,mv,0.0020913333333333335,0.9999999999999999,1.0,0.0
adv_00,84,ds,0.0017083333333333336,0.9999999999999999,1.0,0.0
adv_00,84,pec,0.002220621013257679,0.9999999999999999,1.0,0.0
adv_00,85,mv,0.0020351666666666665,0.9999999999999999,1.0,0.0
adv_00,85,ds,0.001361333333333333,0.9999999999999999,1.0,0.0
adv_00,85,pec,0.0022458268055172317,0.9999999999999999,1.0,0.0
adv_00,86,mv,0.0018685000000000012,0.8666666666666666,0.9333333333333333,0.0
adv_00,86,ds,0.0013391666666666658,0.8666666666666666,0.9333333333333333,0.0
adv_00,86,pec,0.0021209290450142034,0.8666666666666666,0.9333333333333333,0.0
adv_00,87,mv,0.002172999999999999,0.8666666666666666,0.9333333333333333,0.0
adv_00,87,ds,0.0010128333333333326,0.9999999999999999,1.0,0.0
adv_00,87,pec,0.0016731808880481858,0.9999999999999999,1.0,0.0
adv_00,88,mv,0.001843666666666667,0.9999999999999999,1.0,0.0
adv_00,88,ds,0.0007748333333333336,0.9999999999999999,1.0,0.0
adv_00,88,pec,0.0014488968632832453,0.9999999999999999,1.0,0.0
adv_00,89,mv,0.0020715,0.9999999999999999,1.0,0.0
adv_00,89,ds,0.0016788333333333332,0.9999999999999999,1.0,0.0
adv_00,89,pec,0.0021511726344141864,0.9999999999999999,1.0,0.0
adv_00,90,mv,0.0017341666666666675,0.9999999999999999,1.0,0.0
adv_00,90,ds,0.001218333333333335,0.9999999999999999,1.0,0.0
adv_00,90,pec,0.0018868564929595839,0.9999999999999999,1.0,0.0
adv_00,91,mv,0.0016131666666666653,0.9999999999999999,1.0,0.0
adv_00,91,ds,0.0017268333333333322,0.9999999999999999,1.0,0.0
adv_00,91,pec,0.002572664975632969,0.9999999999999999,1.0,0.0
adv_00,92,mv,0.0019591666666666646,0.9999999999999999,1.0,0.0
adv_00,92,ds,0.0016469999999999974,0.9999999999999999,1.0,0.0
adv_00,92,pec,0.0022205612584143687,0.9999999999999999,1.0,0.0
adv_00,93,mv,0.002438333333333334,0.9999999999999999,1.0,0.0
adv_00,93,ds,0.0013611666666666679,0.9999999999999999,1.0,0.0
adv_00,93,pec,0.0021700678346343563,0.9999999999999999,1.0,0.0
adv_00,94,mv,0.0024598333333333325,0.9999999999999999,1.0,0.0
adv_00,94,ds,0.0014239999999999984,0.9999999999999999,1.0,0.0
adv_00,94,pec,0.0021017030302782932,0.9999999999999999,1.0,0.0
adv_00,95,mv,0.0019438333333333339,0.9999999999999999,1.0,0.0
adv_00,95,ds,0.0008455000000000007,0.9999999999999999,1.0,0.0
adv_00,95,pec,0.0012880403768279762,0.9999999999999999,1.0,0.0
adv_00,96,mv,0.0025576666666666656,0.9999999999999999,1.0,0.0
adv_00,96,ds,0.0013419999999999997,0.9999999999999999,1.0,0.0
adv_00,96,pec,0.002209463327883989,0.9999999999999999,1.0,0.0
adv_00,97,mv,0.0026104999999999995,0.9999999999999999,1.0,0.0
adv_00,97,ds,0.0019353333333333338,0.9999999999999999,1.0,0.0
adv_00,97,pec,0.002842642854590587,0.9999999999999999,1.0,0.0
adv_00,98,mv,0.0022031666666666675,0.9999999999999999,1.0,0.0
adv_00,98,ds,0.0016325000000000003,0.9999999999999999,1.0,0.0
adv_00,98,pec,0.0023454044937335585,0.9999999999999999,1.0,0.0
adv_00,99,mv,0.0027178333333333343,0.9999999999999999,1.0,0.0
adv_00,99,ds,0.0019026666666666682,0.9999999999999999,1.0,0.0
adv_00,99,pec,0.002267477730098168,0.9999999999999999,1.0,0.0
adv_10,0,mv,0.003054666666666666,0.9999999999999999,1.0,0.1
adv_10,0,ds,0.0018541666666666672,0.9999999999999999,1.0,0.1
adv_10,0,pec,0.0029193761462019984,0.9999999999999999,1.0,0.1
adv_10,1,mv,0.004908333333333331,0.9999999999999999,1.0,0.1
adv_10,1,ds,0.002680500000000001,0.9999999999999999,1.0,0.1
adv_10,1,pec,0.003985504741927139,0.9999999999999999,1.0,0.1
adv_10,2,mv,0.0032183333333333348,0.9999999999999999,1.0,0.1
adv_10,2,ds,0.0015501666666666674,0.9999999999999999,1.0,0.1
adv_10,2,pec,0.0024884978915671262,0.9999999999999999,1.0,0.1
adv_10,3,mv,0.003859666666666667,0.9999999999999999,1.0,0.1
adv_10,3,ds,0.0018928333333333332,0.9999999999999999,1.0,0.1
adv_10,3,pec,0.0022197092154050708,0.9999999999999999,1.0,0.1
adv_10,4,mv,0.004723833333333336,0.9999999999999999,1.0,0.1
adv_10,4,ds,0.0024464999999999977,0.9999999999999999,1.0,0.1
adv_10,4,pec,0.003627787308682993,0.9999999999999999,1.0,0.1
adv_10,5,mv,0.0025290000000000013,0.9999999999999999,1.0,0.1
adv_10,5,ds,0.0016478333333333338,0.9999999999999999,1.0,0.1
adv_10,5,pec,0.0025859507934083512,0.9999999999999999,1.0,0.1
adv_10,6,mv,0.002759333333333336,0.9999999999999999,1.0,0.1
adv_10,6,ds,0.001826833333333332,0.9999999999999999,1.0,0.1
adv_10,6,pec,0.0031593275541544757,0.9999999999999999,1.0,0.1
adv_10,7,mv,0.0021428333333333347,0.9999999999999999,1.0,0.1
adv_10,7,ds,0.0010883333333333337,0.9999999999999999,1.0,0.1
adv_10,7,pec,0.0017751475866030937,0.9999999999999999,1.0,0.1
adv_10,8,mv,0.003107333333333334,0.9999999999999999,1.0,0.1
adv_10,8,ds,0.001731333333333334,0.9999999999999999,1.0,0.1
adv_10,8,pec,0.002812799711888678,0.9999999999999999,1.0,0.1
adv_10,9,mv,0.002377000000000002,0.9999999999999999,1.0,0.1
adv_10,9,ds,0.001153333333333335,0.9999999999999999,1.0,0.1
adv_10,9,pec,0.0020737321746209982,0.9999999999999999,1.0,0.1
adv_10,10,mv,0.00331533333333333,0.9999999999999999,1.0,0.1
adv_10,10,ds,0.002296333333333332,0.9999999999999999,1.0,0.1
adv_10,10,pec,0.0034668232433914896,0.9999999999999999,1.0,0.1
adv_10,11,mv,0.0036678333333333307,0.9999999999999999,1.0,0.1
adv_10,11,ds,0.0018843333333333316,0.9999999999999999,1.0,0.1
adv_10,11,pec,0.002669875522076256,0.9999999999999999,1.0,0.1
adv_10,12,mv,0.003666500000000001,0.9999999999999999,1.0,0.1
adv_10,12,ds,0.0012573333333333345,0.9999999999999999,1.0,0.1
adv_10,12,pec,0.001894402448213738,0.9999999999999999,1.0,0.1
adv_10,13,mv,0.003225333333333335,0.9999999999999999,1.0,0.1
adv_10,13,ds,0.0014846666666666673,0.9999999999999999,1.0,0.1
adv_10,13,pec,0.0025405614101974426,0.9999999999999999,1.0,0.1
adv_10,14,mv,0.0029483333333333323,0.9999999999999999,1.0,0.1
adv_10,14,ds,0.0017473333333333336,0.9999999999999999,1.0,0.1
adv_10,14,pec,0.0028483879794781223,0.9999999999999999,1.0,0.1
adv_10,15,mv,0.0027586666666666692,0.9999999999999999,1.0,0.1
adv_10,15,ds,0.0015940000000000019,0.9999999999999999,1.0,0.1
adv_10,15,pec,0.002759140201831473,0.9999999999999999,1.0,0.1
adv_10,16,mv,0.002998333333333334,0.9999999999999999,1.0,0.1
adv_10,16,ds,0.002358166666666666,0.9999999999999999,1.0,0.1
adv_10,16,pec,0.003503280753347899,0.9999999999999999,1.0,0.1
adv_10,17,mv,0.0034305,0.9999999999999999,1.0,0.1
adv_10,17,ds,0.0016476666666666682,0.9999999999999999,1.0,0.1
adv_10,17,pec,0.002355332702874378,0.9999999999999999,1.0,0.1
adv_10,18,mv,0.0028213333333333337,0.9999999999999999,1.0,0.1
adv_10,18,ds,0.0015236666666666669,0.9999999999999999,1.0,0.1
adv_10,18,pec,0.0027844789961525185,0.9999999999999999,1.0,0.1
adv_10,19,mv,0.0034151666666666666,0.9999999999999999,1.0,0.1
adv_10,19,ds,0.0018171666666666631,0.9999999999999999,1.0,0.1
adv_10,19,pec,0.0033239523814820294,0.9999999999999999,1.0,0.1
adv_10,20,mv,0.0031078333333333335,0.9999999999999999,1.0,0.1
adv_10,20,ds,0.0012014999999999994,0.9999999999999999,1.0,0.1
adv_10,20,pec,0.0015497676826493724,0.9999999999999999,1.0,0.1
adv_10,21,mv,0.002370833333333335,0.9999999999999999,1.0,0.1
adv_10,21,ds,0.0007161666666666676,0.9999999999999999,1.0,0.1
adv_10,21,pec,0.0014232332991438608,0.9999999999999999,1.0,0.1
adv_10,22,mv,0.0028399999999999988,0.9999999999999999,1.0,0.1
adv_10,22,ds,0.0012119999999999998,0.9999999999999999,1.0,0.1
adv_10,22,pec,0.0021073370381534673,0.9999999999999999,1.0,0.1
adv_10,23,mv,0.0030536666666666668,0.9999999999999999,1.0,0.1
adv_10,23,ds,0.0014706666666666676,0.9999999999999999,1.0,0.1
adv_10,23,pec,0.0022221000825862897,0.9999999999999999,1.0,0.1
adv_10,24,mv,0.0035593333333333345,0.9999999999999999,1.0,0.1
adv_10,24,ds,0.0019616666666666667,0.9999999999999999,1.0,0.1
adv_10,24,pec,0.0025495865392318566,0.9999999999999999,1.0,0.1
adv_10,25,mv,0.0033581666666666703,0.8666666666666666,0.9333333333333333,0.1
adv_10,25,ds,0.0018030000000000014,0.9999999999999999,1.0,0.1
adv_10,25,pec,0.0026926406286281947,0.9999999999999999,1.0,0.1
adv_10,26,mv,0.0027728333333333337,0.9999999999999999,1.0,0.1
adv_10,26,ds,0.0014679999999999997,0.9999999999999999,1.0,0.1
adv_10,26,pec,0.0024349519230168126,0.9999999999999999,1.0,0.1
adv_10,27,mv,0.002941666666666669,0.9999999999999999,1.0,0.1
adv_10,27,ds,0.00228766666666667,0.9999999999999999,1.0,0.1
adv_10,27,pec,0.003257043747225781,0.9999999999999999,1.0,0.1
adv_10,28,mv,0.0036526666666666656,0.9999999999999999,1.0,0.1
adv_10,28,ds,0.001897833333333333,0.9999999999999999,1.0,0.1
adv_10,28,pec,0.0023547657309621584,0.9999999999999999,1.0,0.1
adv_10,29,mv,0.002666333333333335,0.8666666666666666,0.9333333333333333,0.1
adv_10,29,ds,0.0012603333333333347,0.9999999999999999,1.0,0.1
adv_10,29,pec,0.002114174866929452,0.9999999999999999,1.0,0.1
adv_10,30,mv,0.004008333333333339,0.9999999999999999,1.0,0.1
adv_10,30,ds,0.0017053333333333365,0.8666666666666666,0.9333333333333333,0.1
adv_10,30,pec,0.0028630220597911393,0.9999999999999999,1.0,0.1
adv_10,31,mv,0.004123500000000001,0.9999999999999999,1.0,0.1
adv_10,31,ds,0.002165666666666665,0.9999999999999999,1.0,0.1
adv_10,31,pec,0.0031905335593615442,0.9999999999999999,1.0,0.1
adv_10,32,mv,0.0033015000000000006,0.9999999999999999,1.0,0.1
adv_10,32,ds,0.002279166666666666,0.9999999999999999,1.0,0.1
adv_10,32,pec,0.0027458086057636174,0.9999999999999999,1.0,0.1
adv_10,33,mv,0.003225166666666664,0.9999999999999999,1.0,0.1
adv_10,33,ds,0.002472499999999998,0.9999999999999999,1.0,0.1
adv_10,33,pec,0.003196100479227842,0.9999999999999999,1.0,0.1
adv_10,34,mv,0.0030470000000000015,0.9999999999999999,1.0,0.1
adv_10,34,ds,0.0014593333333333324,0.9999999999999999,1.0,0.1
adv_10,34,pec,0.0024052669366407243,0.9999999999999999,1.0,0.1
adv_10,35,mv,0.0030958333333333337,0.9999999999999999,1.0,0.1
adv_10,35,ds,0.001651999999999998,0.9999999999999999,1.0,0.1
adv_10,35,pec,0.002481290597429964,0.9999999999999999,1.0,0.1
adv_10,36,mv,0.0037381666666666687,0.9999999999999999,1.0,0.1
adv_10,36,ds,0.0016858333333333332,0.9999999999999999,1.0,0.1
adv_10,36,pec,0.0025348549310389196,0.9999999999999999,1.0,0.1
adv_10,37,mv,0.002832666666666666,0.9999999999999999,1.0,0.1
adv_10,37,ds,0.0018333333333333342,0.9999999999999999,1.0,0.1
adv_10,37,pec,0.0029587729026524304,0.9999999999999999,1.0,0.1
adv_10,38,mv,0.003354000000000001,0.9999999999999999,1.0,0.1
adv_10,38,ds,0.0016491666666666666,0.9999999999999999,1.0,0.1
adv_10,38,pec,0.0024968845971683807,0.9999999999999999,1.0,0.1
adv_10,39,mv,0.0027944999999999997,0.9999999999999999,1.0,0.1
adv_10,39,ds,0.0011798333333333326,0.9999999999999999,1.0,0.1
adv_10,39,pec,0.002012491180936104,0.9999999999999999,1.0,0.1
adv_10,40,mv,0.0030131666666666688,0.9999999999999999,1.0,0.1
adv_10,40,ds,0.0010598333333333347,0.9999999999999999,1.0,0.1
adv_10,40,pec,0.001683829738975022,0.9999999999999999,1.0,0.1
adv_10,41,mv,0.0032893333333333364,0.9999999999999999,1.0,0.1
adv_10,41,ds,0.0024913333333333345,0.9999999999999999,1.0,0.1
adv_10,41,pec,0.0036252451921813833,0.9999999999999999,1.0,0.1
adv_10,42,mv,0.003104333333333334,0.9999999999999999,1.0,0.1
adv_10,42,ds,0.0026624999999999986,0.9999999999999999,1.0,0.1
adv_10,42,pec,0.003616329327315928,0.9999999999999999,1.0,0.1
adv_10,43,mv,0.002838666666666665,0.9999999999999999,1.0,0.1
adv_10,43,ds,0.0017398333333333326,0.9999999999999999,1.0,0.1
adv_10,43,pec,0.0024880495843399423,0.9999999999999999,1.0,0.1
adv_10,44,mv,0.002074166666666668,0.9999999999999999,1.0,0.1
adv_10,44,ds,0.0009925000000000012,0.9999999999999999,1.0,0.1
adv_10,44,pec,0.001890004638832015,0.9999999999999999,1.0,0.1
adv_10,45,mv,0.002355833333333335,0.9999999999999999,1.0,0.1
adv_10,45,ds,0.0008776666666666673,0.9999999999999999,1.0,0.1
adv_10,45,pec,0.001664166583810524,0.9999999999999999,1.0,0.1
adv_10,46,mv,0.0029250000000000027,0.9999999999999999,1.0,0.1
adv_10,46,ds,0.0010885000000000011,0.9999999999999999,1.0,0.1
adv_10,46,pec,0.0018705931938647442,0.9999999999999999,1.0,0.1
adv_10,47,mv,0.0032936666666666652,0.9999999999999999,1.0,0.1
adv_10,47,ds,0.0024831666666666643,0.9999999999999999,1.0,0.1
adv_10,47,pec,0.0035911122133103824,0.9999999999999999,1.0,0.1
adv_10,48,mv,0.0029840000000000005,0.9999999999999999,1.0,0.1
adv_10,48,ds,0.0015566666666666674,0.9999999999999999,1.0,0.1
adv_10,48,pec,0.002329327647163555,0.9999999999999999,1.0,0.1
adv_10,49,mv,0.0028325,0.9999999999999999,1.0,0.1
adv_10,49,ds,0.0011561666666666675,0.9999999999999999,1.0,0.1
adv_10,49,pec,0.002210569602863466,0.9999999999999999,1.0,0.1
adv_10,50,mv,0.0021818333333333334,0.9999999999999999,1.0,0.1
adv_10,50,ds,0.0016798333333333324,0.9999999999999999,1.0,0.1
adv_10,50,pec,0.0025163380213135216,0.9999999999999999,1.0,0.1
adv_10,51,mv,0.0034478333333333327,0.9999999999999999,1.0,0.1
adv_10,51,ds,0.0016148333333333327,0.9999999999999999,1.0,0.1
adv_10,51,pec,0.002573606028496293,0.9999999999999999,1.0,0.1
adv_10,52,mv,0.0023746666666666686,0.9999999999999999,1.0,0.1
adv_10,52,ds,0.001846499999999999,0.9999999999999999,1.0,0.1
adv_10,52,pec,0.002557241122631876,0.9999999999999999,1.0,0.1
adv_10,53,mv,0.002639499999999998,0.9999999999999999,1.0,0.1
adv_10,53,ds,0.0013156666666666657,0.9999999999999999,1.0,0.1
adv_10,53,pec,0.0016240570342499182,0.9999999999999999,1.0,0.1
adv_10,54,mv,0.0025441666666666655,0.9999999999999999,1.0,0.1
adv_10,54,ds,0.0013735000000000004,0.9999999999999999,1.0,0.1
adv_10,54,pec,0.0023982038632620827,0.9999999999999999,1.0,0.1
adv_10,55,mv,0.0031609999999999993,0.9999999999999999,1.0,0.1
adv_10,55,ds,0.0018853333333333335,0.9999999999999999,1.0,0.1
adv_10,55,pec,0.002794524708448627,0.9999999999999999,1.0,0.1
adv_10,56,mv,0.002222833333333334,0.9999999999999999,1.0,0.1
adv_10,56,ds,0.001080000000000001,0.9999999999999999,1.0,0.1
adv_10,56,pec,0.0017956020289150545,0.9999999999999999,1.0,0.1
adv_10,57,mv,0.0031305000000000035,0.9999999999999999,1.0,0.1
adv_10,57,ds,0.001419666666666668,0.9999999999999999,1.0,0.1
adv_10,57,pec,0.0022977554080554144,0.9999999999999999,1.0,0.1
adv_10,58,mv,0.003771833333333334,0.9999999999999999,1.0,0.1
adv_10,58,ds,0.002318,0.9999999999999999,1.0,0.1
adv_10,58,pec,0.0030162397427383057,0.9999999999999999,1.0,0.1
adv_10,59,mv,0.003243333333333332,0.9999999999999999,1.0,0.1
adv_10,59,ds,0.001554333333333334,0.9999999999999999,1.0,0.1
adv_10,59,pec,0.002668563083527741,0.9999999999999999,1.0,0.1
adv_10,60,mv,0.0023885000000000017,0.9999999999999999,1.0,0.1
adv_10,60,ds,0.0009475000000000004,0.9999999999999999,1.0,0.1
adv_10,60,pec,0.0016791652721652964,0.9999999999999999,1.0,0.1
adv_10,61,mv,0.003362166666666666,0.9999999999999999,1.0,0.1
adv_10,61,ds,0.0012348333333333337,0.9999999999999999,1.0,0.1
adv_10,61,pec,0.0023456338421989397,0.9999999999999999,1.0,0.1
adv_10,62,mv,0.003571500000000004,0.9999999999999999,1.0,0.1
adv_10,62,ds,0.0016846666666666696,0.9999999999999999,1.0,0.1
adv_10,62,pec,0.0027302569863930635,0.9999999999999999,1.0,0.1
adv_10,63,mv,0.002375000000000001,0.9999999999999999,1.0,0.1
adv_10,63,ds,0.0014023333333333346,0.9999999999999999,1.0,0.1
adv_10,63,pec,0.0019922308627308427,0.9999999999999999,1.0,0.1
adv_10,64,mv,0.0025011666666666667,0.9999999999999999,1.0,0.1
adv_10,64,ds,0.0015999999999999983,0.9999999999999999,1.0,0.1
adv_10,64,pec,0.0023455438156810395,0.9999999999999999,1.0,0.1
adv_10,65,mv,0.0030965000000000007,0.9999999999999999,1.0,0.1
adv_10,65,ds,0.002076333333333331,0.9999999999999999,1.0,0.1
adv_10,65,pec,0.0034099692802175216,0.9999999999999999,1.0,0.1
adv_10,66,mv,0.0022644999999999996,0.9999999999999999,1.0,0.1
adv_10,66,ds,0.0009748333333333333,0.9999999999999999,1.0,0.1
adv_10,66,pec,0.001427165129133568,0.9999999999999999,1.0,0.1
adv_10,67,mv,0.0030926666666666685,0.9999999999999999,1.0,0.1
adv_10,67,ds,0.0018724999999999998,0.9999999999999999,1.0,0.1
adv_10,67,pec,0.0029948967312134964,0.9999999999999999,1.0,0.1
adv_10,68,mv,0.003722333333333333,0.9999999999999999,1.0,0.1
adv_10,68,ds,0.0031436666666666683,0.9999999999999999,1.0,0.1
adv_10,68,pec,0.003676895630433856,0.9999999999999999,1.0,0.1
adv_10,69,mv,0.003660166666666667,0.9999999999999999,1.0,0.1
adv_10,69,ds,0.0016965,0.9999999999999999,1.0,0.1
adv_10,69,pec,0.0024881637953970506,0.9999999999999999,1.0,0.1
adv_10,70,mv,0.0039675,0.9999999999999999,1.0,0.1
adv_10,70,ds,0.0017046666666666662,0.9999999999999999,1.0,0.1
adv_10,70,pec,0.0027350767681420906,0.9999999999999999,1.0,0.1
adv_10,71,mv,0.0036935000000000006,0.9999999999999999,1.0,0.1
adv_10,71,ds,0.0024900000000000005,0.9999999999999999,1.0,0.1
adv_10,71,pec,0.0035558682405799577,0.9999999999999999,1.0,0.1
adv_10,72,mv,0.0028485000000000016,0.9999999999999999,1.0,0.1
adv_10,72,ds,0.001413333333333335,0.9999999999999999,1.0,0.1
adv_10,72,pec,0.001980777400593027,0.9999999999999999,1.0,0.1
adv_10,73,mv,0.0020016666666666677,0.9999999999999999,1.0,0.1
adv_10,73,ds,0.0017190000000000007,0.9999999999999999,1.0,0.1
adv_10,73,pec,0.0024754927717965656,0.9999999999999999,1.0,0.1
adv_10,74,mv,0.002098333333333331,0.9999999999999999,1.0,0.1
adv_10,74,ds,0.0016529999999999989,0.9999999999999999,1.0,0.1
adv_10,74,pec,0.002538289864947609,0.9999999999999999,1.0,0.1
adv_10,75,mv,0.0030341666666666663,0.9999999999999999,1.0,0.1
adv_10,75,ds,0.002238166666666667,0.9999999999999999,1.0,0.1
adv_10,75,pec,0.0032061159115503285,0.9999999999999999,1.0,0.1
adv_10,76,mv,0.003451833333333336,0.9999999999999999,1.0,0.1
adv_10,76,ds,0.001523000000000001,0.9999999999999999,1.0,0.1
adv_10,76,pec,0.0021763491436045117,0.9999999999999999,1.0,0.1
adv_10,77,mv,0.003952,0.9999999999999999,1.0,0.1
adv_10,77,ds,0.0014673333333333326,0.9999999999999999,1.0,0.1
adv_10,77,pec,0.0025385856986571446,0.9999999999999999,1.0,0.1
adv_10,78,mv,0.002844999999999999,0.9999999999999999,1.0,0.1
adv_10,78,ds,0.0020056666666666664,0.9999999999999999,1.0,0.1
adv_10,78,pec,0.0030970734162894618,0.9999999999999999,1.0,0.1
adv_10,79,mv,0.003613666666666666,0.9999999999999999,1.0,0.1
adv_10,79,ds,0.0015071666666666651,0.9999999999999999,1.0,0.1
adv_10,79,pec,0.0026630739920914357,0.9999999999999999,1.0,0.1
adv_10,80,mv,0.0025895000000000015,0.9999999999999999,1.0,0.1
adv_10,80,ds,0.0013166666666666672,0.9999999999999999,1.0,0.1
adv_10,80,pec,0.002132357685679581,0.9999999999999999,1.0,0.1
adv_10,81,mv,0.0034875000000000006,0.9999999999999999,1.0,0.1
adv_10,81,ds,0.0020463333333333323,0.9999999999999999,1.0,0.1
adv_10,81,pec,0.002507183295459641,0.9999999999999999,1.0,0.1
adv_10,82,mv,0.0026821666666666647,0.9999999999999999,1.0,0.1
adv_10,82,ds,0.001648833333333333,0.9999999999999999,1.0,0.1
adv_10,82,pec,0.0026173262500605696,0.9999999999999999,1.0,0.1
adv_10,83,mv,0.0026290000000000016,0.9999999999999999,1.0,0.1
adv_10,83,ds,0.0011623333333333338,0.9999999999999999,1.0,0.1
adv_10,83,pec,0.0015435193343107806,0.9999999999999999,1.0,0.1
adv_10,84,mv,0.003709500000000001,0.9999999999999999,1.0,0.1
adv_10,84,ds,0.002369833333333333,0.9999999999999999,1.0,0.1
adv_10,84,pec,0.0031502119668396374,0.9999999999999999,1.0,0.1
adv_10,85,mv,0.003368999999999999,0.9999999999999999,1.0,0.1
adv_10,85,ds,0.001072166666666666,0.9999999999999999,1.0,0.1
adv_10,85,pec,0.0021276992772613166,0.9999999999999999,1.0,0.1
adv_10,86,mv,0.004153833333333331,0.9999999999999999,1.0,0.1
adv_10,86,ds,0.001977666666666666,0.8666666666666666,0.9333333333333333,0.1
adv_10,86,pec,0.0027038455668609595,0.8666666666666666,0.9333333333333333,0.1
adv_10,87,mv,0.0030636666666666672,0.9999999999999999,1.0,0.1
adv_10,87,ds,0.0013321666666666662,0.9999999999999999,1.0,0.1
adv_10,87,pec,0.002178385131749116,0.9999999999999999,1.0,0.1
adv_10,88,mv,0.0031724999999999995,0.9999999999999999,1.0,0.1
adv_10,88,ds,0.001046166666666666,0.9999999999999999,1.0,0.1
adv_10,88,pec,0.0021767587007245994,0.9999999999999999,1.0,0.1
adv_10,89,mv,0.002930833333333334,0.9999999999999999,1.0,0.1
adv_10,89,ds,0.0022545,0.9999999999999999,1.0,0.1
adv_10,89,pec,0.0028381346289309945,0.9999999999999999,1.0,0.1
adv_10,90,mv,0.0033990000000000027,0.9999999999999999,1.0,0.1
adv_10,90,ds,0.001298500000000002,0.9999999999999999,1.0,0.1
adv_10,90,pec,0.002263401535658511,0.9999999999999999,1.0,0.1
adv_10,91,mv,0.0023863333333333328,0.9999999999999999,1.0,0.1
adv_10,91,ds,0.0016911666666666657,0.9999999999999999,1.0,0.1
adv_10,91,pec,0.0024771966503586203,0.9999999999999999,1.0,0.1
adv_10,92,mv,0.0030094999999999987,0.9999999999999999,1.0,0.1
adv_10,92,ds,0.0016118333333333332,0.9999999999999999,1.0,0.1
adv_10,92,pec,0.002528159980062836,0.9999999999999999,1.0,0.1
adv_10,93,mv,0.0032829999999999995,0.9999999999999999,1.0,0.1
adv_10,93,ds,0.0014368333333333344,0.9999999999999999,1.0,0.1
adv_10,93,pec,0.0024684406664852326,0.9999999999999999,1.0,0.1
adv_10,94,mv,0.0031644999999999993,0.9999999999999999,1.0,0.1
adv_10,94,ds,0.0014801666666666663,0.9999999999999999,1.0,0.1
adv_10,94,pec,0.0022280699845543587,0.9999999999999999,1.0,0.1
adv_10,95,mv,0.0026725000000000013,0.9999999999999999,1.0,0.1
adv_10,95,ds,0.0013895000000000003,0.9999999999999999,1.0,0.1
adv_10,95,pec,0.0021755370083002476,0.9999999999999999,1.0,0.1
adv_10,96,mv,0.004639166666666666,0.9999999999999999,1.0,0.1
adv_10,96,ds,0.001989666666666665,0.9999999999999999,1.0,0.1
adv_10,96,pec,0.0031818955875436237,0.9999999999999999,1.0,0.1
adv_10,97,mv,0.0036355,0.9999999999999999,1.0,0.1
adv_10,97,ds,0.00221,0.9999999999999999,1.0,0.1
adv_10,97,pec,0.00343473448016138,0.9999999999999999,1.0,0.1
adv_10,98,mv,0.004387333333333334,0.9999999999999999,1.0,0.1
adv_10,98,ds,0.0018646666666666675,0.9999999999999999,1.0,0.1
adv_10,98,pec,0.0030941847914940563,0.9999999999999999,1.0,0.1
adv_10,99,mv,0.003457666666666668,0.9999999999999999,1.0,0.1
adv_10,99,ds,0.002083166666666669,0.9999999999999999,1.0,0.1
adv_10,99,pec,0.0031940997499561967,0.9999999999999999,1.0,0.1
adv_20,0,mv,0.004205333333333332,0.9999999999999999,1.0,0.2
adv_20,0,ds,0.0022456666666666666,0.9999999999999999,1.0,0.2
adv_20,0,pec,0.0034856727416003436,0.9999999999999999,1.0,0.2
adv_20,1,mv,0.006573166666666665,0.9999999999999999,1.0,0.2
adv_20,1,ds,0.003229999999999999,0.9999999999999999,1.0,0.2
adv_20,1,pec,0.004777584289139671,0.9999999999999999,1.0,0.2
adv_20,2,mv,0.004164333333333336,0.9999999999999999,1.0,0.2
adv_20,2,ds,0.0019001666666666678,0.9999999999999999,1.0,0.2
adv_20,2,pec,0.003068989380025547,0.9999999999999999,1.0,0.2
adv_20,3,mv,0.004825666666666665,0.9999999999999999,1.0,0.2
adv_20,3,ds,0.001921666666666667,0.9999999999999999,1.0,0.2
adv_20,3,pec,0.0028775925696794794,0.9999999999999999,1.0,0.2
adv_20,4,mv,0.0058976666666666665,0.9999999999999999,1.0,0.2
adv_20,4,ds,0.002664666666666668,0.9999999999999999,1.0,0.2
adv_20,4,pec,0.004697298774979039,0.9999999999999999,1.0,0.2
adv_20,5,mv,0.003963166666666668,0.9999999999999999,1.0,0.2
adv_20,5,ds,0.0019586666666666654,0.9999999999999999,1.0,0.2
adv_20,5,pec,0.003170889147544748,0.9999999999999999,1.0,0.2
adv_20,6,mv,0.0034689999999999986,0.8666666666666666,0.9333333333333333,0.2
adv_20,6,ds,0.0020385000000000004,0.9999999999999999,1.0,0.2
adv_20,6,pec,0.003335671782333145,0.9999999999999999,1.0,0.2
adv_20,7,mv,0.003047500000000003,0.9999999999999999,1.0,0.2
adv_20,7,ds,0.0013578333333333335,0.9999999999999999,1.0,0.2
adv_20,7,pec,0.0022894613114786094,0.9999999999999999,1.0,0.2
adv_20,8,mv,0.003520500000000001,0.9999999999999999,1.0,0.2
adv_20,8,ds,0.0016840000000000015,0.9999999999999999,1.0,0.2
adv_20,8,pec,0.003040748353911221,0.9999999999999999,1.0,0.2
adv_20,9,mv,0.0032753333333333337,0.8666666666666666,0.9333333333333333,0.2
adv_20,9,ds,0.0017651666666666675,0.9999999999999999,1.0,0.2
adv_20,9,pec,0.0028049393340849136,0.9999999999999999,1.0,0.2
adv_20,10,mv,0.004479166666666665,0.9999999999999999,1.0,0.2
adv_20,10,ds,0.002412166666666667,0.9999999999999999,1.0,0.2
adv_20,10,pec,0.0038387074614148844,0.9999999999999999,1.0,0.2
adv_20,11,mv,0.004926499999999999,0.9999999999999999,1.0,0.2
adv_20,11,ds,0.002843666666666665,0.9660917830792959,0.9666666666666667,0.2
adv_20,11,pec,0.0035739953052889447,0.9999999999999999,1.0,0.2
adv_20,12,mv,0.005002833333333334,0.9999999999999999,1.0,0.2
adv_20,12,ds,0.0018961666666666682,0.9999999999999999,1.0,0.2
adv_20,12,pec,0.002901722970880004,0.9999999999999999,1.0,0.2
adv_20,13,mv,0.004335833333333334,0.9999999999999999,1.0,0.2
adv_20,13,ds,0.001985166666666664,0.9999999999999999,1.0,0.2
adv_20,13,pec,0.0030877149008096956,0.9999999999999999,1.0,0.2
adv_20,14,mv,0.003957666666666664,0.9999999999999999,1.0,0.2
adv_20,14,ds,0.0016021666666666667,0.9999999999999999,1.0,0.2
adv_20,14,pec,0.002960272147343163,0.9999999999999999,1.0,0.2
adv_20,15,mv,0.004499333333333335,0.9999999999999999,1.0,0.2
adv_20,15,ds,0.0020943333333333348,0.9999999999999999,1.0,0.2
adv_20,15,pec,0.0033164857551947354,0.9999999999999999,1.0,0.2
adv_20,16,mv,0.004530333333333333,0.9999999999999999,1.0,0.2
adv_20,16,ds,0.0020923333333333323,0.9999999999999999,1.0,0.2
adv_20,16,pec,0.0036126295935683325,0.9999999999999999,1.0,0.2
adv_20,17,mv,0.0050915,0.9999999999999999,1.0,0.2
adv_20,17,ds,0.0024056666666666675,0.9999999999999999,1.0,0.2
adv_20,17,pec,0.0032477848989839846,0.9999999999999999,1.0,0.2
adv_20,18,mv,0.0036603333333333314,0.9999999999999999,1.0,0.2
adv_20,18,ds,0.0021444999999999993,0.9999999999999999,1.0,0.2
adv_20,18,pec,0.0029801024885144634,0.9999999999999999,1.0,0.2
adv_20,19,mv,0.004838333333333329,0.9999999999999999,1.0,0.2
adv_20,19,ds,0.002396499999999997,0.9999999999999999,1.0,0.2
adv_20,19,pec,0.003788364254469788,0.9999999999999999,1.0,0.2
adv_20,20,mv,0.003929666666666665,0.9999999999999999,1.0,0.2
adv_20,20,ds,0.0018018333333333335,0.9999999999999999,1.0,0.2
adv_20,20,pec,0.002693846970916061,0.9999999999999999,1.0,0.2
adv_20,21,mv,0.003633166666666668,0.8666666666666666,0.9333333333333333,0.2
adv_20,21,ds,0.0008026666666666677,0.9999999999999999,1.0,0.2
adv_20,21,pec,0.001505601128344194,0.9999999999999999,1.0,0.2
adv_20,22,mv,0.003990666666666666,0.9999999999999999,1.0,0.2
adv_20,22,ds,0.002209666666666666,0.9999999999999999,1.0,0.2
adv_20,22,pec,0.0029274256159353023,0.9999999999999999,1.0,0.2
adv_20,23,mv,0.004305333333333332,0.9999999999999999,1.0,0.2
adv_20,23,ds,0.0014743333333333338,0.9999999999999999,1.0,0.2
adv_20,23,pec,0.002501534902034084,0.9999999999999999,1.0,0.2
adv_20,24,mv,0.004517500000000003,0.9999999999999999,1.0,0.2
adv_20,24,ds,0.0024840000000000005,0.9999999999999999,1.0,0.2
adv_20,24,pec,0.0035005268933975295,0.9999999999999999,1.0,0.2
adv_20,25,mv,0.004569166666666665,0.9999999999999999,1.0,0.2
adv_20,25,ds,0.0022899999999999973,0.9660917830792959,0.9666666666666667,0.2
adv_20,25,pec,0.0035340282146484434,0.9999999999999999,1.0,0.2
adv_20,26,mv,0.004469000000000002,0.9999999999999999,1.0,0.2
adv_20,26,ds,0.0018771666666666676,0.9999999999999999,1.0,0.2
adv_20,26,pec,0.0036249884549536776,0.9999999999999999,1.0,0.2
adv_20,27,mv,0.004040666666666671,0.9999999999999999,1.0,0.2
adv_20,27,ds,0.002963666666666668,0.9999999999999999,1.0,0.2
adv_20,27,pec,0.004177608048269796,0.9999999999999999,1.0,0.2
adv_20,28,mv,0.0049778333333333315,0.9999999999999999,1.0,0.2
adv_20,28,ds,0.002216833333333332,0.9999999999999999,1.0,0.2
adv_20,28,pec,0.002752838960977213,0.9999999999999999,1.0,0.2
adv_20,29,mv,0.0034330000000000033,0.9999999999999999,1.0,0.2
adv_20,29,ds,0.0012975000000000013,0.9999999999999999,1.0,0.2
adv_20,29,pec,0.002523475514638267,0.9999999999999999,1.0,0.2
adv_20,30,mv,0.005673833333333334,0.9999999999999999,1.0,0.2
adv_20,30,ds,0.0021381666666666706,0.8666666666666666,0.9333333333333333,0.2
adv_20,30,pec,0.0037726293124224924,0.8666666666666666,0.9333333333333333,0.2
adv_20,31,mv,0.004793166666666667,0.9999999999999999,1.0,0.2
adv_20,31,ds,0.002798500000000001,0.8666666666666666,0.9333333333333333,0.2
adv_20,31,pec,0.00378071650632395,0.8666666666666666,0.9333333333333333,0.2
adv_20,32,mv,0.004209333333333333,0.9999999999999999,1.0,0.2
adv_20,32,ds,0.002742333333333333,0.9999999999999999,1.0,0.2
adv_20,32,pec,0.0035220366851380774,0.9999999999999999,1.0,0.2
adv_20,33,mv,0.004401833333333331,0.9999999999999999,1.0,0.2
adv_20,33,ds,0.0028813333333333312,0.9999999999999999,1.0,0.2
adv_20,33,pec,0.0040122632505837945,0.9999999999999999,1.0,0.2
adv_20,34,mv,0.004276499999999998,0.9999999999999999,1.0,0.2
adv_20,34,ds,0.0019914999999999998,0.9999999999999999,1.0,0.2
adv_20,34,pec,0.0032670252477373565,0.9999999999999999,1.0,0.2
adv_20,35,mv,0.003983666666666666,0.9660917830792959,0.9666666666666667,0.2
adv_20,35,ds,0.0014896666666666652,0.9999999999999999,1.0,0.2
adv_20,35,pec,0.0024310424875156594,0.9999999999999999,1.0,0.2
adv_20,36,mv,0.004886000000000003,0.9999999999999999,1.0,0.2
adv_20,36,ds,0.001979166666666667,0.9999999999999999,1.0,0.2
adv_20,36,pec,0.003425249768444842,0.9999999999999999,1.0,0.2
adv_20,37,mv,0.004036333333333334,0.9999999999999999,1.0,0.2
adv_20,37,ds,0.0030011666666666654,0.9999999999999999,1.0,0.2
adv_20,37,pec,0.0041365236413029825,0.9999999999999999,1.0,0.2
adv_20,38,mv,0.004804166666666667,0.9999999999999999,1.0,0.2
adv_20,38,ds,0.0016896666666666664,0.9999999999999999,1.0,0.2
adv_20,38,pec,0.0026943695454678626,0.9999999999999999,1.0,0.2
adv_20,39,mv,0.003454666666666666,0.9999999999999999,1.0,0.2
adv_20,39,ds,0.0014781666666666665,0.9999999999999999,1.0,0.2
adv_20,39,pec,0.0027772461392186697,0.9999999999999999,1.0,0.2
adv_20,40,mv,0.004227166666666671,0.9999999999999999,1.0,0.2
adv_20,40,ds,0.0010121666666666684,0.9999999999999999,1.0,0.2
adv_20,40,pec,0.0019305087497060917,0.9999999999999999,1.0,0.2
adv_20,41,mv,0.004471666666666668,0.9999999999999999,1.0,0.2
adv_20,41,ds,0.0026848333333333346,0.9999999999999999,1.0,0.2
adv_20,41,pec,0.0042881337308471835,0.9999999999999999,1.0,0.2
adv_20,42,mv,0.004233,0.9999999999999999,1.0,0.2
adv_20,42,ds,0.0025561666666666654,0.9999999999999999,1.0,0.2
adv_20,42,pec,0.004112130639158071,0.9999999999999999,1.0,0.2
adv_20,43,mv,0.004140833333333331,0.9999999999999999,1.0,0.2
adv_20,43,ds,0.0015583333333333328,0.9999999999999999,1.0,0.2
adv_20,43,pec,0.0024919230019387656,0.9999999999999999,1.0,0.2
adv_20,44,mv,0.003191333333333336,0.9999999999999999,1.0,0.2
adv_20,44,ds,0.0016085000000000016,0.9999999999999999,1.0,0.2
adv_20,44,pec,0.0026902738560510907,0.9999999999999999,1.0,0.2
adv_20,45,mv,0.003048000000000001,0.9999999999999999,1.0,0.2
adv_20,45,ds,0.0012243333333333344,0.9999999999999999,1.0,0.2
adv_20,45,pec,0.001991628922290726,0.9999999999999999,1.0,0.2
adv_20,46,mv,0.004626333333333336,0.9999999999999999,1.0,0.2
adv_20,46,ds,0.0012543333333333345,0.9999999999999999,1.0,0.2
adv_20,46,pec,0.002247873670125617,0.9999999999999999,1.0,0.2
adv_20,47,mv,0.004933166666666666,0.8666666666666666,0.9333333333333333,0.2
adv_20,47,ds,0.002719666666666665,0.8666666666666666,0.9333333333333333,0.2
adv_20,47,pec,0.004110519340484255,0.9999999999999999,1.0,0.2
adv_20,48,mv,0.004284999999999996,0.9999999999999999,1.0,0.2
adv_20,48,ds,0.002067166666666669,0.9999999999999999,1.0,0.2
adv_20,48,pec,0.0030321521159581873,0.9999999999999999,1.0,0.2
adv_20,49,mv,0.004091333333333335,0.9999999999999999,1.0,0.2
adv_20,49,ds,0.0017925,0.9999999999999999,1.0,0.2
adv_20,49,pec,0.0035892479611813704,0.9999999999999999,1.0,0.2
adv_20,50,mv,0.0034929999999999974,0.9999999999999999,1.0,0.2
adv_20,50,ds,0.0013950000000000004,0.9999999999999999,1.0,0.2
adv_20,50,pec,0.0026903930274150265,0.9999999999999999,1.0,0.2
adv_20,51,mv,0.004340500000000001,0.9999999999999999,1.0,0.2
adv_20,51,ds,0.0013464999999999994,0.9999999999999999,1.0,0.2
adv_20,51,pec,0.0027922150115289313,0.9999999999999999,1.0,0.2
adv_20,52,mv,0.003127333333333333,0.9999999999999999,1.0,0.2
adv_20,52,ds,0.0016645000000000026,0.9999999999999999,1.0,0.2
adv_20,52,pec,0.002770943623600341,0.9999999999999999,1.0,0.2
adv_20,53,mv,0.004445166666666665,0.9999999999999999,1.0,0.2
adv_20,53,ds,0.001940666666666665,0.9999999999999999,1.0,0.2
adv_20,53,pec,0.0026583308187492654,0.9999999999999999,1.0,0.2
adv_20,54,mv,0.003775833333333333,0.9999999999999999,1.0,0.2
adv_20,54,ds,0.0011383333333333339,0.9999999999999999,1.0,0.2
adv_20,54,pec,0.002608142547041692,0.9999999999999999,1.0,0.2
adv_20,55,mv,0.003904166666666667,0.9999999999999999,1.0,0.2
adv_20,55,ds,0.002176666666666665,0.9999999999999999,1.0,0.2
adv_20,55,pec,0.004114473134477444,0.9999999999999999,1.0,0.2
adv_20,56,mv,0.003395166666666669,0.9999999999999999,1.0,0.2
adv_20,56,ds,0.001302666666666668,0.9999999999999999,1.0,0.2
adv_20,56,pec,0.0021718976910004447,0.9999999999999999,1.0,0.2
adv_20,57,mv,0.0043438333333333376,0.9999999999999999,1.0,0.2
adv_20,57,ds,0.0014306666666666671,0.9999999999999999,1.0,0.2
adv_20,57,pec,0.0029207639235593053,0.9999999999999999,1.0,0.2
adv_20,58,mv,0.005142333333333333,0.9999999999999999,1.0,0.2
adv_20,58,ds,0.0025526666666666666,0.9999999999999999,1.0,0.2
adv_20,58,pec,0.0043051197557938395,0.9999999999999999,1.0,0.2
adv_20,59,mv,0.0038146666666666676,0.9999999999999999,1.0,0.2
adv_20,59,ds,0.0022438333333333325,0.9999999999999999,1.0,0.2
adv_20,59,pec,0.003525658844073925,0.9999999999999999,1.0,0.2
adv_20,60,mv,0.0031929999999999992,0.9999999999999999,1.0,0.2
adv_20,60,ds,0.0008850000000000004,0.9999999999999999,1.0,0.2
adv_20,60,pec,0.0016307551609724585,0.9999999999999999,1.0,0.2
adv_20,61,mv,0.004670666666666664,0.9999999999999999,1.0,0.2
adv_20,61,ds,0.001980500000000002,0.8666666666666666,0.9333333333333333,0.2
adv_20,61,pec,0.003207221811363473,0.8666666666666666,0.9333333333333333,0.2
adv_20,62,mv,0.004445166666666673,0.9999999999999999,1.0,0.2
adv_20,62,ds,0.002303833333333336,0.9999999999999999,1.0,0.2
adv_20,62,pec,0.0030998304267355844,0.9999999999999999,1.0,0.2
adv_20,63,mv,0.0032978333333333327,0.9999999999999999,1.0,0.2
adv_20,63,ds,0.0023929999999999984,0.9999999999999999,1.0,0.2
adv_20,63,pec,0.0028541316581530015,0.9999999999999999,1.0,0.2
adv_20,64,mv,0.004199833333333332,0.9999999999999999,1.0,0.2
adv_20,64,ds,0.0021578333333333315,0.9999999999999999,1.0,0.2
adv_20,64,pec,0.0031352058069615894,0.9999999999999999,1.0,0.2
adv_20,65,mv,0.004294833333333332,0.9999999999999999,1.0,0.2
adv_20,65,ds,0.0025544999999999986,0.9999999999999999,1.0,0.2
adv_20,65,pec,0.00384266519522874,0.9999999999999999,1.0,0.2
adv_20,66,mv,0.003448666666666667,0.9999999999999999,1.0,0.2
adv_20,66,ds,0.001485333333333334,0.9999999999999999,1.0,0.2
adv_20,66,pec,0.002074949967708723,0.9999999999999999,1.0,0.2
adv_20,67,mv,0.00387366666666667,0.9999999999999999,1.0,0.2
adv_20,67,ds,0.0021358333333333333,0.9999999999999999,1.0,0.2
adv_20,67,pec,0.003557068997597855,0.9999999999999999,1.0,0.2
adv_20,68,mv,0.004469000000000001,0.9999999999999999,1.0,0.2
adv_20,68,ds,0.0031893333333333357,0.9999999999999999,1.0,0.2
adv_20,68,pec,0.004288313720005012,0.9999999999999999,1.0,0.2
adv_20,69,mv,0.0052885000000000015,0.9999999999999999,1.0,0.2
adv_20,69,ds,0.002082000000000001,0.9999999999999999,1.0,0.2
adv_20,69,pec,0.003107587719928452,0.9999999999999999,1.0,0.2
adv_20,70,mv,0.004427,0.9999999999999999,1.0,0.2
adv_20,70,ds,0.003043166666666665,0.9999999999999999,1.0,0.2
adv_20,70,pec,0.004821202485305846,0.9999999999999999,1.0,0.2
adv_20,71,mv,0.005395500000000002,0.9999999999999999,1.0,0.2
adv_20,71,ds,0.002523166666666668,0.9999999999999999,1.0,0.2
adv_20,71,pec,0.003729510694038819,0.9999999999999999,1.0,0.2
adv_20,72,mv,0.0042699999999999995,0.9999999999999999,1.0,0.2
adv_20,72,ds,0.001401666666666668,0.9999999999999999,1.0,0.2
adv_20,72,pec,0.0021511065873141082,0.9999999999999999,1.0,0.2
adv_20,73,mv,0.003405999999999999,0.9999999999999999,1.0,0.2
adv_20,73,ds,0.0018088333333333344,0.9999999999999999,1.0,0.2
adv_20,73,pec,0.002743613385295975,0.9999999999999999,1.0,0.2
adv_20,74,mv,0.0032479999999999987,0.9999999999999999,1.0,0.2
adv_20,74,ds,0.001491166666666665,0.9999999999999999,1.0,0.2
adv_20,74,pec,0.0027057423433163043,0.9999999999999999,1.0,0.2
adv_20,75,mv,0.004107166666666665,0.9999999999999999,1.0,0.2
adv_20,75,ds,0.002327333333333334,0.9999999999999999,1.0,0.2
adv_20,75,pec,0.003822874045673254,0.9999999999999999,1.0,0.2
adv_20,76,mv,0.004713000000000002,0.9999999999999999,1.0,0.2
adv_20,76,ds,0.0015541666666666675,0.9999999999999999,1.0,0.2
adv_20,76,pec,0.0028565324992176704,0.9999999999999999,1.0,0.2
adv_20,77,mv,0.005255333333333334,0.9999999999999999,1.0,0.2
adv_20,77,ds,0.0016704999999999977,0.9999999999999999,1.0,0.2
adv_20,77,pec,0.003314866115414101,0.9999999999999999,1.0,0.2
adv_20,78,mv,0.004065833333333334,0.9999999999999999,1.0,0.2
adv_20,78,ds,0.002753666666666666,0.9999999999999999,1.0,0.2
adv_20,78,pec,0.00379704967309936,0.9999999999999999,1.0,0.2
adv_20,79,mv,0.005584166666666665,0.9999999999999999,1.0,0.2
adv_20,79,ds,0.001392499999999998,0.9999999999999999,1.0,0.2
adv_20,79,pec,0.0029287259167425045,0.9999999999999999,1.0,0.2
adv_20,80,mv,0.0036306666666666696,0.9999999999999999,1.0,0.2
adv_20,80,ds,0.0022846666666666675,0.9999999999999999,1.0,0.2
adv_20,80,pec,0.0038011316447990723,0.9999999999999999,1.0,0.2
adv_20,81,mv,0.004687833333333333,0.9999999999999999,1.0,0.2
adv_20,81,ds,0.0025583333333333326,0.9999999999999999,1.0,0.2
adv_20,81,pec,0.003495577673694896,0.9999999999999999,1.0,0.2
adv_20,82,mv,0.0043634999999999985,0.8666666666666666,0.9333333333333333,0.2
adv_20,82,ds,0.0017083333333333325,0.9999999999999999,1.0,0.2
adv_20,82,pec,0.003169843803200125,0.9999999999999999,1.0,0.2
adv_20,83,mv,0.003929833333333336,0.9999999999999999,1.0,0.2
adv_20,83,ds,0.0012963333333333338,0.9999999999999999,1.0,0.2
adv_20,83,pec,0.0022055623567900098,0.9999999999999999,1.0,0.2
adv_20,84,mv,0.004162666666666669,0.9999999999999999,1.0,0.2
adv_20,84,ds,0.0025359999999999996,0.9999999999999999,1.0,0.2
adv_20,84,pec,0.003761768801038599,0.9999999999999999,1.0,0.2
adv_20,85,mv,0.004391166666666667,0.9999999999999999,1.0,0.2
adv_20,85,ds,0.0014474999999999998,0.9999999999999999,1.0,0.2
adv_20,85,pec,0.0024634528015073415,0.9999999999999999,1.0,0.2
adv_20,86,mv,0.005639999999999999,0.9999999999999999,1.0,0.2
adv_20,86,ds,0.002818333333333332,0.8666666666666666,0.9333333333333333,0.2
adv_20,86,pec,0.003615620915341349,0.8666666666666666,0.9333333333333333,0.2
adv_20,87,mv,0.003680666666666667,0.9999999999999999,1.0,0.2
adv_20,87,ds,0.0014071666666666649,0.9999999999999999,1.0,0.2
adv_20,87,pec,0.0025772104572733922,0.9999999999999999,1.0,0.2
adv_20,88,mv,0.0037026666666666666,0.9999999999999999,1.0,0.2
adv_20,88,ds,0.001099166666666666,0.9999999999999999,1.0,0.2
adv_20,88,pec,0.002111582306728721,0.9999999999999999,1.0,0.2
adv_20,89,mv,0.004792833333333332,0.9999999999999999,1.0,0.2
adv_20,89,ds,0.003591333333333334,0.9999999999999999,1.0,0.2
adv_20,89,pec,0.004064992832184377,0.9999999999999999,1.0,0.2
adv_20,90,mv,0.004410833333333337,0.9999999999999999,1.0,0.2
adv_20,90,ds,0.0018315000000000026,0.9999999999999999,1.0,0.2
adv_20,90,pec,0.0029377797042922996,0.9999999999999999,1.0,0.2
adv_20,91,mv,0.002904333333333333,0.9999999999999999,1.0,0.2
adv_20,91,ds,0.002099999999999999,0.8666666666666666,0.9333333333333333,0.2
adv_20,91,pec,0.003296776340152898,0.9999999999999999,1.0,0.2
adv_20,92,mv,0.004073666666666666,0.9999999999999999,1.0,0.2
adv_20,92,ds,0.0019564999999999977,0.9999999999999999,1.0,0.2
adv_20,92,pec,0.003356655373709641,0.9999999999999999,1.0,0.2
adv_20,93,mv,0.004543333333333334,0.9999999999999999,1.0,0.2
adv_20,93,ds,0.002216333333333335,0.9999999999999999,1.0,0.2
adv_20,93,pec,0.003347925359152364,0.9999999999999999,1.0,0.2
adv_20,94,mv,0.004735666666666668,0.9999999999999999,1.0,0.2
adv_20,94,ds,0.0018974999999999988,0.9999999999999999,1.0,0.2
adv_20,94,pec,0.0031295497777233494,0.9999999999999999,1.0,0.2
adv_20,95,mv,0.00399316666666667,0.9999999999999999,1.0,0.2
adv_20,95,ds,0.001305833333333334,0.9999999999999999,1.0,0.2
adv_20,95,pec,0.0023712058719377754,0.9999999999999999,1.0,0.2
adv_20,96,mv,0.0053261666666666665,0.9999999999999999,1.0,0.2
adv_20,96,ds,0.0027061666666666657,0.9999999999999999,1.0,0.2
adv_20,96,pec,0.003867852308394005,0.9999999999999999,1.0,0.2
adv_20,97,mv,0.0043104999999999975,0.9999999999999999,1.0,0.2
adv_20,97,ds,0.0026963333333333314,0.9999999999999999,1.0,0.2
adv_20,97,pec,0.00426460526593644,0.9999999999999999,1.0,0.2
adv_20,98,mv,0.0052993333333333364,0.9999999999999999,1.0,0.2
adv_20,98,ds,0.0025985000000000005,0.9999999999999999,1.0,0.2
adv_20,98,pec,0.003996674782800398,0.9999999999999999,1.0,0.2
adv_20,99,mv,0.005282666666666668,0.9999999999999999,1.0,0.2
adv_20,99,ds,0.0025803333333333342,0.9999999999999999,1.0,0.2
adv_20,99,pec,0.004036961616625534,0.9999999999999999,1.0,0.2
adv_30,0,mv,0.006963333333333331,0.9999999999999999,1.0,0.3
adv_30,0,ds,0.0030944999999999996,0.9999999999999999,1.0,0.3
adv_30,0,pec,0.004840234549460653,0.9999999999999999,1.0,0.3
adv_30,1,mv,0.008900666666666666,0.9999999999999999,1.0,0.3
adv_30,1,ds,0.004073166666666664,0.9999999999999999,1.0,0.3
adv_30,1,pec,0.005793330575955369,0.9999999999999999,1.0,0.3
adv_30,2,mv,0.005500833333333334,0.9999999999999999,1.0,0.3
adv_30,2,ds,0.001967833333333334,0.9999999999999999,1.0,0.3
adv_30,2,pec,0.0033672010622022084,0.9999999999999999,1.0,0.3
adv_30,3,mv,0.006628333333333333,0.9999999999999999,1.0,0.3
adv_30,3,ds,0.003615166666666667,0.9999999999999999,1.0,0.3
adv_30,3,pec,0.004663820622608657,0.9999999999999999,1.0,0.3
adv_30,4,mv,0.007382499999999998,0.9999999999999999,1.0,0.3
adv_30,4,ds,0.0030736666666666655,0.9999999999999999,1.0,0.3
adv_30,4,pec,0.005120416005556186,0.9999999999999999,1.0,0.3
adv_30,5,mv,0.005695833333333335,0.9999999999999999,1.0,0.3
adv_30,5,ds,0.002634999999999999,0.9999999999999999,1.0,0.3
adv_30,5,pec,0.0042844815177309845,0.9999999999999999,1.0,0.3
adv_30,6,mv,0.004094166666666667,0.8666666666666666,0.9333333333333333,0.3
adv_30,6,ds,0.0027974999999999983,0.9660917830792959,0.9666666666666667,0.3
adv_30,6,pec,0.00436783097827405,0.9999999999999999,1.0,0.3
adv_30,7,mv,0.003736666666666667,0.9999999999999999,1.0,0.3
adv_30,7,ds,0.0018883333333333345,0.9999999999999999,1.0,0.3
adv_30,7,pec,0.0030799942053831367,0.9999999999999999,1.0,0.3
adv_30,8,mv,0.005069999999999999,0.9999999999999999,1.0,0.3
adv_30,8,ds,0.0016338333333333341,0.9999999999999999,1.0,0.3
adv_30,8,pec,0.0031966487554000705,0.9999999999999999,1.0,0.3
adv_30,9,mv,0.005465833333333334,0.8666666666666666,0.9333333333333333,0.3
adv_30,9,ds,0.0022915,0.8666666666666666,0.9333333333333333,0.3
adv_30,9,pec,0.003758973474965539,0.9999999999999999,1.0,0.3
adv_30,10,mv,0.006848833333333329,0.9999999999999999,1.0,0.3
adv_30,10,ds,0.004186,0.9999999999999999,1.0,0.3
adv_30,10,pec,0.005326219081921283,0.9999999999999999,1.0,0.3
adv_30,11,mv,0.007901333333333328,0.9999999999999999,1.0,0.3
adv_30,11,ds,0.003291166666666664,0.9999999999999999,1.0,0.3
adv_30,11,pec,0.004395859280642165,0.9999999999999999,1.0,0.3
adv_30,12,mv,0.0066065,0.8666666666666666,0.9333333333333333,0.3
adv_30,12,ds,0.002604,0.9999999999999999,1.0,0.3
adv_30,12,pec,0.004311276984731902,0.9999999999999999,1.0,0.3
adv_30,13,mv,0.007332666666666668,0.9999999999999999,1.0,0.3
adv_30,13,ds,0.002675833333333332,0.9999999999999999,1.0,0.3
adv_30,13,pec,0.004293550567272922,0.9999999999999999,1.0,0.3
adv_30,14,mv,0.00637633333333333,0.9999999999999999,1.0,0.3
adv_30,14,ds,0.0022875000000000005,0.9999999999999999,1.0,0.3
adv_30,14,pec,0.004189007248471433,0.9999999999999999,1.0,0.3
adv_30,15,mv,0.006611666666666668,0.9999999999999999,1.0,0.3
adv_30,15,ds,0.0023623333333333356,0.9999999999999999,1.0,0.3
adv_30,15,pec,0.004378846314116454,0.9999999999999999,1.0,0.3
adv_30,16,mv,0.006797666666666663,0.9999999999999999,1.0,0.3
adv_30,16,ds,0.002060999999999999,0.9999999999999999,1.0,0.3
adv_30,16,pec,0.004146103921769751,0.9999999999999999,1.0,0.3
adv_30,17,mv,0.006920000000000002,0.9999999999999999,1.0,0.3
adv_30,17,ds,0.0026136666666666656,0.9999999999999999,1.0,0.3
adv_30,17,pec,0.00426621012338902,0.9999999999999999,1.0,0.3
adv_30,18,mv,0.005213666666666668,0.8666666666666666,0.9333333333333333,0.3
adv_30,18,ds,0.0026104999999999995,0.9999999999999999,1.0,0.3
adv_30,18,pec,0.003129796870349897,0.9999999999999999,1.0,0.3
adv_30,19,mv,0.006576666666666664,0.9999999999999999,1.0,0.3
adv_30,19,ds,0.0024291666666666637,0.9999999999999999,1.0,0.3
adv_30,19,pec,0.004532834408716285,0.9999999999999999,1.0,0.3
adv_30,20,mv,0.006308999999999996,0.9999999999999999,1.0,0.3
adv_30,20,ds,0.0017184999999999998,0.9999999999999999,1.0,0.3
adv_30,20,pec,0.0030178706648741477,0.9999999999999999,1.0,0.3
adv_30,21,mv,0.005343333333333332,0.8666666666666666,0.9333333333333333,0.3
adv_30,21,ds,0.0014665000000000001,0.9999999999999999,1.0,0.3
adv_30,21,pec,0.0028172858587430165,0.9999999999999999,1.0,0.3
adv_30,22,mv,0.006071833333333332,0.9999999999999999,1.0,0.3
adv_30,22,ds,0.0018135000000000002,0.9999999999999999,1.0,0.3
adv_30,22,pec,0.0032739932144001025,0.9999999999999999,1.0,0.3
adv_30,23,mv,0.0057755,0.9999999999999999,1.0,0.3
adv_30,23,ds,0.0016510000000000006,0.9999999999999999,1.0,0.3
adv_30,23,pec,0.003401632615368248,0.9999999999999999,1.0,0.3
adv_30,24,mv,0.006071999999999995,0.9999999999999999,1.0,0.3
adv_30,24,ds,0.003438166666666668,0.9999999999999999,1.0,0.3
adv_30,24,pec,0.004943728033126955,0.9999999999999999,1.0,0.3
adv_30,25,mv,0.007944500000000002,0.9999999999999999,1.0,0.3
adv_30,25,ds,0.0026474999999999984,0.8666666666666666,0.9333333333333333,0.3
adv_30,25,pec,0.00445685638917745,0.9999999999999999,1.0,0.3
adv_30,26,mv,0.0062320000000000006,0.9999999999999999,1.0,0.3
adv_30,26,ds,0.002412000000000001,0.9999999999999999,1.0,0.3
adv_30,26,pec,0.0042843243344369815,0.9999999999999999,1.0,0.3
adv_30,27,mv,0.006375333333333337,0.9999999999999999,1.0,0.3
adv_30,27,ds,0.0035130000000000005,0.9999999999999999,1.0,0.3
adv_30,27,pec,0.004251752846239914,0.9999999999999999,1.0,0.3
adv_30,28,mv,0.0064173333333333304,0.9999999999999999,1.0,0.3
adv_30,28,ds,0.002298666666666664,0.9999999999999999,1.0,0.3
adv_30,28,pec,0.0036628797883620843,0.9999999999999999,1.0,0.3
adv_30,29,mv,0.005203666666666664,0.8666666666666666,0.9333333333333333,0.3
adv_30,29,ds,0.0020470000000000006,0.9999999999999999,1.0,0.3
adv_30,29,pec,0.0037959374360928295,0.9999999999999999,1.0,0.3
adv_30,30,mv,0.009121833333333334,0.8666666666666666,0.9333333333333333,0.3
adv_30,30,ds,0.0033196666666666687,0.8666666666666666,0.9333333333333333,0.3
adv_30,30,pec,0.005283897248049638,0.8666666666666666,0.9333333333333333,0.3
adv_30,31,mv,0.0077050000000000035,0.9999999999999999,1.0,0.3
adv_30,31,ds,0.00281,0.9999999999999999,1.0,0.3
adv_30,31,pec,0.003942255388909501,0.9999999999999999,1.0,0.3
adv_30,32,mv,0.006190166666666668,0.9999999999999999,1.0,0.3
adv_30,32,ds,0.003761000000000001,0.9999999999999999,1.0,0.3
adv_30,32,pec,0.00481752094737246,0.9999999999999999,1.0,0.3
adv_30,33,mv,0.006160666666666666,0.9999999999999999,1.0,0.3
adv_30,33,ds,0.0028126666666666634,0.9999999999999999,1.0,0.3
adv_30,33,pec,0.0045441272675637535,0.9999999999999999,1.0,0.3
adv_30,34,mv,0.0065446666666666665,0.9999999999999999,1.0,0.3
adv_30,34,ds,0.0026551666666666638,0.9999999999999999,1.0,0.3
adv_30,34,pec,0.004459566034456199,0.9999999999999999,1.0,0.3
adv_30,35,mv,0.005410166666666667,0.8666666666666666,0.9333333333333333,0.3
adv_30,35,ds,0.003426333333333335,0.9999999999999999,1.0,0.3
adv_30,35,pec,0.0037720129411193937,0.9999999999999999,1.0,0.3
adv_30,36,mv,0.007098166666666667,0.9999999999999999,1.0,0.3
adv_30,36,ds,0.0019988333333333355,0.9999999999999999,1.0,0.3
adv_30,36,pec,0.004012819227470302,0.9999999999999999,1.0,0.3
adv_30,37,mv,0.0057736666666666665,0.9999999999999999,1.0,0.3
adv_30,37,ds,0.0023179999999999993,0.9999999999999999,1.0,0.3
adv_30,37,pec,0.004088858676083861,0.9999999999999999,1.0,0.3
adv_30,38,mv,0.006470833333333333,0.9999999999999999,1.0,0.3
adv_30,38,ds,0.001621333333333334,0.9999999999999999,1.0,0.3
adv_30,38,pec,0.003079367883610686,0.9999999999999999,1.0,0.3
adv_30,39,mv,0.00548733333333333,0.9999999999999999,1.0,0.3
adv_30,39,ds,0.0018086666666666668,0.9999999999999999,1.0,0.3
adv_30,39,pec,0.003400558999402908,0.9999999999999999,1.0,0.3
adv_30,40,mv,0.006038500000000003,0.9999999999999999,1.0,0.3
adv_30,40,ds,0.0016660000000000008,0.9999999999999999,1.0,0.3
adv_30,40,pec,0.0026677971465933546,0.9999999999999999,1.0,0.3
adv_30,41,mv,0.007083499999999997,0.9999999999999999,1.0,0.3
adv_30,41,ds,0.003475666666666669,0.9999999999999999,1.0,0.3
adv_30,41,pec,0.005151225872380801,0.9999999999999999,1.0,0.3
adv_30,42,mv,0.006143333333333335,0.9999999999999999,1.0,0.3
adv_30,42,ds,0.0030843333333333317,0.9999999999999999,1.0,0.3
adv_30,42,pec,0.0049122057981418905,0.9999999999999999,1.0,0.3
adv_30,43,mv,0.00602,0.9999999999999999,1.0,0.3
adv_30,43,ds,0.0016913333333333335,0.9999999999999999,1.0,0.3
adv_30,43,pec,0.002966151356929543,0.9999999999999999,1.0,0.3
adv_30,44,mv,0.004869666666666669,0.9999999999999999,1.0,0.3
adv_30,44,ds,0.0018613333333333355,0.9999999999999999,1.0,0.3
adv_30,44,pec,0.0030599827441206225,0.9999999999999999,1.0,0.3
adv_30,45,mv,0.004874833333333334,0.9999999999999999,1.0,0.3
adv_30,45,ds,0.0011398333333333345,0.9999999999999999,1.0,0.3
adv_30,45,pec,0.002440238442007192,0.9999999999999999,1.0,0.3
adv_30,46,mv,0.006030333333333332,0.9999999999999999,1.0,0.3
adv_30,46,ds,0.0018378333333333343,0.9999999999999999,1.0,0.3
adv_30,46,pec,0.003016548855052074,0.9999999999999999,1.0,0.3
adv_30,47,mv,0.0066241666666666645,0.8666666666666666,0.9333333333333333,0.3
adv_30,47,ds,0.0027476666666666643,0.9999999999999999,1.0,0.3
adv_30,47,pec,0.004183188517518525,0.9999999999999999,1.0,0.3
adv_30,48,mv,0.006498666666666662,0.9999999999999999,1.0,0.3
adv_30,48,ds,0.0026503333333333327,0.9999999999999999,1.0,0.3
adv_30,48,pec,0.003806027706750531,0.9999999999999999,1.0,0.3
adv_30,49,mv,0.006683333333333333,0.9999999999999999,1.0,0.3
adv_30,49,ds,0.002393,0.9999999999999999,1.0,0.3
adv_30,49,pec,0.00451479878751016,0.9999999999999999,1.0,0.3
adv_30,50,mv,0.005677333333333333,0.9999999999999999,1.0,0.3
adv_30,50,ds,0.0019231666666666644,0.9999999999999999,1.0,0.3
adv_30,50,pec,0.0036307496006614706,0.9999999999999999,1.0,0.3
adv_30,51,mv,0.006920333333333334,0.9999999999999999,1.0,0.3
adv_30,51,ds,0.0017411666666666658,0.9999999999999999,1.0,0.3
adv_30,51,pec,0.003668644803955246,0.9999999999999999,1.0,0.3
adv_30,52,mv,0.005715500000000001,0.9999999999999999,1.0,0.3
adv_30,52,ds,0.0025635,0.9999999999999999,1.0,0.3
adv_30,52,pec,0.0034364541887118155,0.9999999999999999,1.0,0.3
adv_30,53,mv,0.004733833333333332,0.9999999999999999,1.0,0.3
adv_30,53,ds,0.0024443333333333318,0.9999999999999999,1.0,0.3
adv_30,53,pec,0.003169059493165944,0.9999999999999999,1.0,0.3
adv_30,54,mv,0.005901333333333332,0.9999999999999999,1.0,0.3
adv_30,54,ds,0.0024518333333333315,0.9999999999999999,1.0,0.3
adv_30,54,pec,0.0035828086248603317,0.9999999999999999,1.0,0.3
adv_30,55,mv,0.007183499999999993,0.9999999999999999,1.0,0.3
adv_30,55,ds,0.0020758333333333323,0.9999999999999999,1.0,0.3
adv_30,55,pec,0.003234887302261978,0.9999999999999999,1.0,0.3
adv_30,56,mv,0.004811166666666666,0.9660917830792959,0.9666666666666667,0.3
adv_30,56,ds,0.001674000000000002,0.9999999999999999,1.0,0.3
adv_30,56,pec,0.0031054730233198886,0.9999999999999999,1.0,0.3
adv_30,57,mv,0.00605116666666667,0.9999999999999999,1.0,0.3
adv_30,57,ds,0.002028500000000001,0.9999999999999999,1.0,0.3
adv_30,57,pec,0.003793336204540098,0.9999999999999999,1.0,0.3
adv_30,58,mv,0.008117166666666667,0.9999999999999999,1.0,0.3
adv_30,58,ds,0.0038469999999999984,0.8666666666666666,0.9333333333333333,0.3
adv_30,58,pec,0.006277197006952531,0.9999999999999999,1.0,0.3
adv_30,59,mv,0.005432666666666662,0.9999999999999999,1.0,0.3
adv_30,59,ds,0.0029983333333333325,0.9999999999999999,1.0,0.3
adv_30,59,pec,0.004325813380011241,0.9999999999999999,1.0,0.3
adv_30,60,mv,0.005130999999999999,0.9999999999999999,1.0,0.3
adv_30,60,ds,0.0011856666666666673,0.9999999999999999,1.0,0.3
adv_30,60,pec,0.0025282611427625127,0.9999999999999999,1.0,0.3
adv_30,61,mv,0.0064875,0.8666666666666666,0.9333333333333333,0.3
adv_30,61,ds,0.002566666666666665,0.9999999999999999,1.0,0.3
adv_30,61,pec,0.004619430701488501,0.9999999999999999,1.0,0.3
adv_30,62,mv,0.006292333333333335,0.9999999999999999,1.0,0.3
adv_30,62,ds,0.00254266666666667,0.9999999999999999,1.0,0.3
adv_30,62,pec,0.004063679886477816,0.9999999999999999,1.0,0.3
adv_30,63,mv,0.005102,0.8666666666666666,0.9333333333333333,0.3
adv_30,63,ds,0.0020816666666666653,0.9999999999999999,1.0,0.3
adv_30,63,pec,0.0036211452499979465,0.9999999999999999,1.0,0.3
adv_30,64,mv,0.005671333333333334,0.9999999999999999,1.0,0.3
adv_30,64,ds,0.0030429999999999975,0.9999999999999999,1.0,0.3
adv_30,64,pec,0.004690772463925421,0.9999999999999999,1.0,0.3
adv_30,65,mv,0.006365333333333331,0.9999999999999999,1.0,0.3
adv_30,65,ds,0.0029723333333333316,0.9999999999999999,1.0,0.3
adv_30,65,pec,0.005049225524525417,0.9999999999999999,1.0,0.3
adv_30,66,mv,0.004522833333333335,0.9999999999999999,1.0,0.3
adv_30,66,ds,0.001925833333333333,0.9999999999999999,1.0,0.3
adv_30,66,pec,0.003192324008253044,0.9999999999999999,1.0,0.3
adv_30,67,mv,0.005929666666666666,0.9999999999999999,1.0,0.3
adv_30,67,ds,0.002503999999999999,0.9999999999999999,1.0,0.3
adv_30,67,pec,0.004910293569191254,0.9999999999999999,1.0,0.3
adv_30,68,mv,0.006900999999999997,0.9999999999999999,1.0,0.3
adv_30,68,ds,0.0036814999999999986,0.9999999999999999,1.0,0.3
adv_30,68,pec,0.005525341049235806,0.9999999999999999,1.0,0.3
adv_30,69,mv,0.008247166666666667,0.9999999999999999,1.0,0.3
adv_30,69,ds,0.0021705000000000006,0.9999999999999999,1.0,0.3
adv_30,69,pec,0.0034484576096295004,0.9999999999999999,1.0,0.3
adv_30,70,mv,0.006902166666666663,0.9999999999999999,1.0,0.3
adv_30,70,ds,0.0035771666666666656,0.9999999999999999,1.0,0.3
adv_30,70,pec,0.005616423951625042,0.9999999999999999,1.0,0.3
adv_30,71,mv,0.00831266666666667,0.9999999999999999,1.0,0.3
adv_30,71,ds,0.002815333333333335,0.9999999999999999,1.0,0.3
adv_30,71,pec,0.004598565271081496,0.9999999999999999,1.0,0.3
adv_30,72,mv,0.007010999999999996,0.9999999999999999,1.0,0.3
adv_30,72,ds,0.001975000000000001,0.9999999999999999,1.0,0.3
adv_30,72,pec,0.003088947299414694,0.9999999999999999,1.0,0.3
adv_30,73,mv,0.005216833333333333,0.9999999999999999,1.0,0.3
adv_30,73,ds,0.0020466666666666676,0.9999999999999999,1.0,0.3
adv_30,73,pec,0.00295532727323245,0.9999999999999999,1.0,0.3
adv_30,74,mv,0.004591833333333334,0.9999999999999999,1.0,0.3
adv_30,74,ds,0.0019103333333333314,0.9999999999999999,1.0,0.3
adv_30,74,pec,0.0029799606569937066,0.9999999999999999,1.0,0.3
adv_30,75,mv,0.005673166666666664,0.9999999999999999,1.0,0.3
adv_30,75,ds,0.0028566666666666636,0.9999999999999999,1.0,0.3
adv_30,75,pec,0.004774013224754768,0.9999999999999999,1.0,0.3
adv_30,76,mv,0.008081,0.9999999999999999,1.0,0.3
adv_30,76,ds,0.001961166666666667,0.9999999999999999,1.0,0.3
adv_30,76,pec,0.004169667002747297,0.9999999999999999,1.0,0.3
adv_30,77,mv,0.007543666666666664,0.9999999999999999,1.0,0.3
adv_30,77,ds,0.0029458333333333316,0.9999999999999999,1.0,0.3
adv_30,77,pec,0.004554675534722831,0.9999999999999999,1.0,0.3
adv_30,78,mv,0.006083499999999999,0.9999999999999999,1.0,0.3
adv_30,78,ds,0.003564499999999997,0.9999999999999999,1.0,0.3
adv_30,78,pec,0.005296945293824709,0.9999999999999999,1.0,0.3
adv_30,79,mv,0.007476999999999997,0.9999999999999999,1.0,0.3
adv_30,79,ds,0.0020383333333333317,0.9999999999999999,1.0,0.3
adv_30,79,pec,0.003464719592599508,0.9999999999999999,1.0,0.3
adv_30,80,mv,0.006423333333333334,0.9999999999999999,1.0,0.3
adv_30,80,ds,0.00351333333333333,0.9999999999999999,1.0,0.3
adv_30,80,pec,0.005581328087743816,0.9999999999999999,1.0,0.3
adv_30,81,mv,0.006017833333333333,0.9999999999999999,1.0,0.3
adv_30,81,ds,0.0036255000000000003,0.9999999999999999,1.0,0.3
adv_30,81,pec,0.004777814613517908,0.9999999999999999,1.0,0.3
adv_30,82,mv,0.006288166666666667,0.9999999999999999,1.0,0.3
adv_30,82,ds,0.002362,0.9999999999999999,1.0,0.3
adv_30,82,pec,0.00406087791131851,0.9999999999999999,1.0,0.3
adv_30,83,mv,0.005937333333333332,0.9999999999999999,1.0,0.3
adv_30,83,ds,0.002454833333333335,0.9999999999999999,1.0,0.3
adv_30,83,pec,0.00342742795452922,0.9999999999999999,1.0,0.3
adv_30,84,mv,0.006172500000000002,0.9999999999999999,1.0,0.3
adv_30,84,ds,0.0034828333333333347,0.9999999999999999,1.0,0.3
adv_30,84,pec,0.005082990635518457,0.9999999999999999,1.0,0.3
adv_30,85,mv,0.006390666666666665,0.9999999999999999,1.0,0.3
adv_30,85,ds,0.0018326666666666665,0.9999999999999999,1.0,0.3
adv_30,85,pec,0.0037482867551062557,0.9999999999999999,1.0,0.3
adv_30,86,mv,0.006942499999999998,0.8666666666666666,0.9333333333333333,0.3
adv_30,86,ds,0.002601333333333332,0.8666666666666666,0.9333333333333333,0.3
adv_30,86,pec,0.0039556032817185316,0.8666666666666666,0.9333333333333333,0.3
adv_30,87,mv,0.004731333333333333,0.9999999999999999,1.0,0.3
adv_30,87,ds,0.0027489999999999993,0.9999999999999999,1.0,0.3
adv_30,87,pec,0.004147804060568216,0.9999999999999999,1.0,0.3
adv_30,88,mv,0.005254166666666668,0.9999999999999999,1.0,0.3
adv_30,88,ds,0.0020751666666666666,0.9999999999999999,1.0,0.3
adv_30,88,pec,0.0032489354859094196,0.9999999999999999,1.0,0.3
adv_30,89,mv,0.006756333333333333,0.9999999999999999,1.0,0.3
adv_30,89,ds,0.002299833333333334,0.9999999999999999,1.0,0.3
adv_30,89,pec,0.0037369107031500204,0.9999999999999999,1.0,0.3
adv_30,90,mv,0.006806333333333335,0.9999999999999999,1.0,0.3
adv_30,90,ds,0.002267333333333335,0.9999999999999999,1.0,0.3
adv_30,90,pec,0.0038074308354182195,0.9999999999999999,1.0,0.3
adv_30,91,mv,0.004999166666666663,0.9999999999999999,1.0,0.3
adv_30,91,ds,0.002577166666666665,0.8666666666666666,0.9333333333333333,0.3
adv_30,91,pec,0.003828458531885983,0.8666666666666666,0.9333333333333333,0.3
adv_30,92,mv,0.0060046666666666625,0.9999999999999999,1.0,0.3
adv_30,92,ds,0.0021879999999999985,0.9999999999999999,1.0,0.3
adv_30,92,pec,0.004181258840026139,0.9999999999999999,1.0,0.3
adv_30,93,mv,0.006329000000000002,0.9999999999999999,1.0,0.3
adv_30,93,ds,0.0025725000000000006,0.9999999999999999,1.0,0.3
adv_30,93,pec,0.00445506540611527,0.9999999999999999,1.0,0.3
adv_30,94,mv,0.006583666666666661,0.9999999999999999,1.0,0.3
adv_30,94,ds,0.0030631666666666676,0.9999999999999999,1.0,0.3
adv_30,94,pec,0.00429183379859292,0.9999999999999999,1.0,0.3
adv_30,95,mv,0.005830333333333337,0.9999999999999999,1.0,0.3
adv_30,95,ds,0.0021685000000000016,0.9999999999999999,1.0,0.3
adv_30,95,pec,0.003946342410019966,0.9999999999999999,1.0,0.3
adv_30,96,mv,0.007888166666666667,0.9999999999999999,1.0,0.3
adv_30,96,ds,0.0041934999999999984,0.9999999999999999,1.0,0.3
adv_30,96,pec,0.005397682474155004,0.9999999999999999,1.0,0.3
adv_30,97,mv,0.007329499999999998,0.9999999999999999,1.0,0.3
adv_30,97,ds,0.003465499999999998,0.9999999999999999,1.0,0.3
adv_30,97,pec,0.005939555993880196,0.9999999999999999,1.0,0.3
adv_30,98,mv,0.007995333333333333,0.9999999999999999,1.0,0.3
adv_30,98,ds,0.003503000000000001,0.9999999999999999,1.0,0.3
adv_30,98,pec,0.004932870356074335,0.9999999999999999,1.0,0.3
adv_30,99,mv,0.007199500000000002,0.9999999999999999,1.0,0.3
adv_30,99,ds,0.003979999999999998,0.9999999999999999,1.0,0.3
adv_30,99,pec,0.00532092601533395,0.9999999999999999,1.0,0.3
adv_40,0,mv,0.008975833333333332,0.9999999999999999,1.0,0.4
adv_40,0,ds,0.004297666666666664,0.9999999999999999,1.0,0.4
adv_40,0,pec,0.006519449760309677,0.9999999999999999,1.0,0.4
adv_40,1,mv,0.011788166666666667,0.9999999999999999,1.0,0.4
adv_40,1,ds,0.005513000000000001,0.9999999999999999,1.0,0.4
adv_40,1,pec,0.006912280304424375,0.9999999999999999,1.0,0.4
adv_40,2,mv,0.00786716666666667,0.9999999999999999,1.0,0.4
adv_40,2,ds,0.0024786666666666668,0.9999999999999999,1.0,0.4
adv_40,2,pec,0.004306051097849358,0.9999999999999999,1.0,0.4
adv_40,3,mv,0.008676999999999999,0.9999999999999999,1.0,0.4
adv_40,3,ds,0.005376166666666668,0.9999999999999999,1.0,0.4
adv_40,3,pec,0.007203158749919354,0.9999999999999999,1.0,0.4
adv_40,4,mv,0.011246500000000001,0.9999999999999999,1.0,0.4
adv_40,4,ds,0.0035864999999999994,0.9999999999999999,1.0,0.4
adv_40,4,pec,0.0060463177941932735,0.9999999999999999,1.0,0.4
adv_40,5,mv,0.007215499999999999,0.9999999999999999,1.0,0.4
adv_40,5,ds,0.0037744999999999983,0.9999999999999999,1.0,0.4
adv_40,5,pec,0.006146976824333603,0.9999999999999999,1.0,0.4
adv_40,6,mv,0.005720833333333335,0.8666666666666666,0.9333333333333333,0.4
adv_40,6,ds,0.004122666666666666,0.9999999999999999,1.0,0.4
adv_40,6,pec,0.006325193563536976,0.9999999999999999,1.0,0.4
adv_40,7,mv,0.005607,0.9999999999999999,1.0,0.4
adv_40,7,ds,0.0019073333333333347,0.9999999999999999,1.0,0.4
adv_40,7,pec,0.0037676806320477243,0.9999999999999999,1.0,0.4
adv_40,8,mv,0.008168333333333331,0.9999999999999999,1.0,0.4
adv_40,8,ds,0.001763,0.9999999999999999,1.0,0.4
adv_40,8,pec,0.0034758358225529403,0.9999999999999999,1.0,0.4
adv_40,9,mv,0.0071474999999999985,0.8666666666666666,0.9333333333333333,0.4
adv_40,9,ds,0.0024836666666666674,0.9999999999999999,1.0,0.4
adv_40,9,pec,0.004417126606975634,0.9999999999999999,1.0,0.4
adv_40,10,mv,0.009344666666666666,0.9999999999999999,1.0,0.4
adv_40,10,ds,0.004411833333333334,0.9999999999999999,1.0,0.4
adv_40,10,pec,0.006584169127164096,0.9999999999999999,1.0,0.4
adv_40,11,mv,0.008658333333333332,0.9999999999999999,1.0,0.4
adv_40,11,ds,0.003342499999999997,0.9999999999999999,1.0,0.4
adv_40,11,pec,0.005932417556791757,0.9999999999999999,1.0,0.4
adv_40,12,mv,0.008988666666666667,0.9999999999999999,1.0,0.4
adv_40,12,ds,0.002884833333333333,0.9999999999999999,1.0,0.4
adv_40,12,pec,0.005645181115562126,0.9999999999999999,1.0,0.4
adv_40,13,mv,0.009905333333333337,0.9999999999999999,1.0,0.4
adv_40,13,ds,0.004211999999999999,0.9999999999999999,1.0,0.4
adv_40,13,pec,0.006550685237222711,0.9999999999999999,1.0,0.4
adv_40,14,mv,0.009408166666666665,0.9999999999999999,1.0,0.4
adv_40,14,ds,0.003209833333333332,0.9999999999999999,1.0,0.4
adv_40,14,pec,0.005766000817123707,0.9999999999999999,1.0,0.4
adv_40,15,mv,0.008883333333333333,0.9999999999999999,1.0,0.4
adv_40,15,ds,0.0046351666666666685,0.9999999999999999,1.0,0.4
adv_40,15,pec,0.006076654281079008,0.9999999999999999,1.0,0.4
adv_40,16,mv,0.009580999999999998,0.9999999999999999,1.0,0.4
adv_40,16,ds,0.002923333333333332,0.9999999999999999,1.0,0.4
adv_40,16,pec,0.005575435911324524,0.9999999999999999,1.0,0.4
adv_40,17,mv,0.008881499999999997,0.9999999999999999,1.0,0.4
adv_40,17,ds,0.0032726666666666668,0.9999999999999999,1.0,0.4
adv_40,17,pec,0.005247851996304408,0.9999999999999999,1.0,0.4
adv_40,18,mv,0.00706183333333333,0.8666666666666666,0.9333333333333333,0.4
adv_40,18,ds,0.0027118333333333313,0.9999999999999999,1.0,0.4
adv_40,18,pec,0.004777441555621787,0.9999999999999999,1.0,0.4
adv_40,19,mv,0.008714666666666664,0.8666666666666666,0.9333333333333333,0.4
adv_40,19,ds,0.002881166666666665,0.8666666666666666,0.9333333333333333,0.4
adv_40,19,pec,0.004916827056787267,0.9999999999999999,1.0,0.4
adv_40,20,mv,0.00753566666666666,0.9999999999999999,1.0,0.4
adv_40,20,ds,0.0021908333333333337,0.9999999999999999,1.0,0.4
adv_40,20,pec,0.003523961143997382,0.9999999999999999,1.0,0.4
adv_40,21,mv,0.007371,0.8666666666666666,0.9333333333333333,0.4
adv_40,21,ds,0.001897833333333333,0.9999999999999999,1.0,0.4
adv_40,21,pec,0.0033569208397975577,0.9999999999999999,1.0,0.4
adv_40,22,mv,0.009493666666666666,0.9999999999999999,1.0,0.4
adv_40,22,ds,0.0021596666666666656,0.9999999999999999,1.0,0.4
adv_40,22,pec,0.004544247784896312,0.9999999999999999,1.0,0.4
adv_40,23,mv,0.008206333333333331,0.9999999999999999,1.0,0.4
adv_40,23,ds,0.0033936666666666677,0.9999999999999999,1.0,0.4
adv_40,23,pec,0.004744186524305356,0.9999999999999999,1.0,0.4
adv_40,24,mv,0.007921333333333329,0.9999999999999999,1.0,0.4
adv_40,24,ds,0.0042056666666666674,0.9999999999999999,1.0,0.4
adv_40,24,pec,0.006046111554837538,0.9999999999999999,1.0,0.4
adv_40,25,mv,0.01007666666666667,0.9660917830792959,0.9666666666666667,0.4
adv_40,25,ds,0.003388499999999997,0.8666666666666666,0.9333333333333333,0.4
adv_40,25,pec,0.005469133577474036,0.8666666666666666,0.9333333333333333,0.4
adv_40,26,mv,0.008289166666666662,0.9999999999999999,1.0,0.4
adv_40,26,ds,0.0030305000000000006,0.9999999999999999,1.0,0.4
adv_40,26,pec,0.005505533465778474,0.9999999999999999,1.0,0.4
adv_40,27,mv,0.00832166666666667,0.9999999999999999,1.0,0.4
adv_40,27,ds,0.004314000000000002,0.9999999999999999,1.0,0.4
adv_40,27,pec,0.005798592938031738,0.9999999999999999,1.0,0.4
adv_40,28,mv,0.008271333333333327,0.9999999999999999,1.0,0.4
adv_40,28,ds,0.0034741666666666653,0.9999999999999999,1.0,0.4
adv_40,28,pec,0.006355961366672907,0.9999999999999999,1.0,0.4
adv_40,29,mv,0.007105666666666663,0.8666666666666666,0.9333333333333333,0.4
adv_40,29,ds,0.001941833333333336,0.9999999999999999,1.0,0.4
adv_40,29,pec,0.004601235708321104,0.9999999999999999,1.0,0.4
adv_40,30,mv,0.010928333333333333,0.8666666666666666,0.9333333333333333,0.4
adv_40,30,ds,0.0033068333333333335,0.8666666666666666,0.9333333333333333,0.4
adv_40,30,pec,0.006663357548205654,0.8666666666666666,0.9333333333333333,0.4
adv_40,31,mv,0.010292333333333332,0.8666666666666666,0.9333333333333333,0.4
adv_40,31,ds,0.004757833333333336,0.9999999999999999,1.0,0.4
adv_40,31,pec,0.005622554947694074,0.9999999999999999,1.0,0.4
adv_40,32,mv,0.00858616666666666,0.8666666666666666,0.9333333333333333,0.4
adv_40,32,ds,0.008027666666666662,0.8666666666666666,0.9333333333333333,0.4
adv_40,32,pec,0.008403888816375016,0.8666666666666666,0.9333333333333333,0.4
adv_40,33,mv,0.00791083333333333,0.9999999999999999,1.0,0.4
adv_40,33,ds,0.0033058333333333308,0.9999999999999999,1.0,0.4
adv_40,33,pec,0.005429310649483972,0.9999999999999999,1.0,0.4
adv_40,34,mv,0.009390999999999998,0.9999999999999999,1.0,0.4
adv_40,34,ds,0.003082333333333331,0.9999999999999999,1.0,0.4
adv_40,34,pec,0.00544176205387666,0.9999999999999999,1.0,0.4
adv_40,35,mv,0.006851166666666668,0.8666666666666666,0.9333333333333333,0.4
adv_40,35,ds,0.003977333333333335,0.9999999999999999,1.0,0.4
adv_40,35,pec,0.0046838111991874,0.9999999999999999,1.0,0.4
adv_40,36,mv,0.010466999999999999,0.9999999999999999,1.0,0.4
adv_40,36,ds,0.0025454999999999987,0.9999999999999999,1.0,0.4
adv_40,36,pec,0.004071366443630734,0.9999999999999999,1.0,0.4
adv_40,37,mv,0.008634666666666669,0.9999999999999999,1.0,0.4
adv_40,37,ds,0.0036134999999999987,0.9999999999999999,1.0,0.4
adv_40,37,pec,0.006517977705053674,0.9999999999999999,1.0,0.4
adv_40,38,mv,0.008011666666666669,0.9999999999999999,1.0,0.4
adv_40,38,ds,0.002805666666666668,0.9999999999999999,1.0,0.4
adv_40,38,pec,0.004264785952129392,0.9999999999999999,1.0,0.4
adv_40,39,mv,0.008213999999999994,0.9999999999999999,1.0,0.4
adv_40,39,ds,0.0020193333333333326,0.9999999999999999,1.0,0.4
adv_40,39,pec,0.004050121487071889,0.9999999999999999,1.0,0.4
adv_40,40,mv,0.007941333333333337,0.9999999999999999,1.0,0.4
adv_40,40,ds,0.002297666666666668,0.9999999999999999,1.0,0.4
adv_40,40,pec,0.0036824212831291585,0.9999999999999999,1.0,0.4
adv_40,41,mv,0.010027666666666667,0.9999999999999999,1.0,0.4
adv_40,41,ds,0.003609500000000003,0.9999999999999999,1.0,0.4
adv_40,41,pec,0.005801853608060653,0.9999999999999999,1.0,0.4
adv_40,42,mv,0.0080005,0.9999999999999999,1.0,0.4
adv_40,42,ds,0.0036473333333333336,0.9999999999999999,1.0,0.4
adv_40,42,pec,0.0060446556633981284,0.9999999999999999,1.0,0.4
adv_40,43,mv,0.0076985000000000005,0.9999999999999999,1.0,0.4
adv_40,43,ds,0.002640833333333332,0.9999999999999999,1.0,0.4
adv_40,43,pec,0.00420184223388483,0.9999999999999999,1.0,0.4
adv_40,44,mv,0.007144166666666664,0.8666666666666666,0.9333333333333333,0.4
adv_40,44,ds,0.0032925000000000016,0.9999999999999999,1.0,0.4
adv_40,44,pec,0.005819256125057025,0.9999999999999999,1.0,0.4
adv_40,45,mv,0.007805500000000003,0.9999999999999999,1.0,0.4
adv_40,45,ds,0.0028380000000000024,0.9999999999999999,1.0,0.4
adv_40,45,pec,0.00453496900782569,0.9999999999999999,1.0,0.4
adv_40,46,mv,0.0073283333333333325,0.9999999999999999,1.0,0.4
adv_40,46,ds,0.0033736666666666706,0.9999999999999999,1.0,0.4
adv_40,46,pec,0.004949727903962726,0.9999999999999999,1.0,0.4
adv_40,47,mv,0.009195333333333335,0.9999999999999999,1.0,0.4
adv_40,47,ds,0.004423,0.9999999999999999,1.0,0.4
adv_40,47,pec,0.005922691607455124,0.9999999999999999,1.0,0.4
adv_40,48,mv,0.007942999999999997,0.9999999999999999,1.0,0.4
adv_40,48,ds,0.0036203333333333343,0.9999999999999999,1.0,0.4
adv_40,48,pec,0.005459936985545386,0.9999999999999999,1.0,0.4
adv_40,49,mv,0.008216000000000001,0.9999999999999999,1.0,0.4
adv_40,49,ds,0.0029023333333333345,0.9999999999999999,1.0,0.4
adv_40,49,pec,0.005457539564113308,0.9999999999999999,1.0,0.4
adv_40,50,mv,0.008863166666666668,0.9999999999999999,1.0,0.4
adv_40,50,ds,0.0027098333333333315,0.9999999999999999,1.0,0.4
adv_40,50,pec,0.004351804361564315,0.9999999999999999,1.0,0.4
adv_40,51,mv,0.008530500000000002,0.9999999999999999,1.0,0.4
adv_40,51,ds,0.0028845000000000016,0.9999999999999999,1.0,0.4
adv_40,51,pec,0.006030297692315451,0.9999999999999999,1.0,0.4
adv_40,52,mv,0.007877833333333334,0.9999999999999999,1.0,0.4
adv_40,52,ds,0.002817166666666669,0.9999999999999999,1.0,0.4
adv_40,52,pec,0.00448606153568478,0.9999999999999999,1.0,0.4
adv_40,53,mv,0.005519833333333331,0.9999999999999999,1.0,0.4
adv_40,53,ds,0.005418999999999999,0.9999999999999999,1.0,0.4
adv_40,53,pec,0.005621787446090346,0.9999999999999999,1.0,0.4
adv_40,54,mv,0.008082,0.9999999999999999,1.0,0.4
adv_40,54,ds,0.0033551666666666647,0.9999999999999999,1.0,0.4
adv_40,54,pec,0.006052471669114431,0.9999999999999999,1.0,0.4
adv_40,55,mv,0.010547666666666664,0.9999999999999999,1.0,0.4
adv_40,55,ds,0.0032958333333333307,0.9999999999999999,1.0,0.4
adv_40,55,pec,0.004921685630634771,0.9999999999999999,1.0,0.4
adv_40,56,mv,0.006846333333333332,0.8666666666666666,0.9333333333333333,0.4
adv_40,56,ds,0.0024716666666666693,0.9999999999999999,1.0,0.4
adv_40,56,pec,0.004293266626720066,0.9999999999999999,1.0,0.4
adv_40,57,mv,0.007662333333333336,0.9999999999999999,1.0,0.4
adv_40,57,ds,0.002698833333333332,0.9999999999999999,1.0,0.4
adv_40,57,pec,0.0045387485540914875,0.9999999999999999,1.0,0.4
adv_40,58,mv,0.00952383333333333,0.9999999999999999,1.0,0.4
adv_40,58,ds,0.003794499999999998,0.8666666666666666,0.9333333333333333,0.4
adv_40,58,pec,0.006503733335785823,0.9999999999999999,1.0,0.4
adv_40,59,mv,0.00850583333333333,0.9999999999999999,1.0,0.4
adv_40,59,ds,0.0029449999999999993,0.9999999999999999,1.0,0.4
adv_40,59,pec,0.00568382817893964,0.9999999999999999,1.0,0.4
adv_40,60,mv,0.006902499999999996,0.8666666666666666,0.9333333333333333,0.4
adv_40,60,ds,0.001871833333333335,0.9999999999999999,1.0,0.4
adv_40,60,pec,0.003926434341282151,0.9999999999999999,1.0,0.4
adv_40,61,mv,0.00798683333333333,0.9999999999999999,1.0,0.4
adv_40,61,ds,0.002604999999999998,0.9999999999999999,1.0,0.4
adv_40,61,pec,0.004956755046657722,0.9999999999999999,1.0,0.4
adv_40,62,mv,0.008815166666666673,0.9999999999999999,1.0,0.4
adv_40,62,ds,0.003799833333333338,0.9999999999999999,1.0,0.4
adv_40,62,pec,0.005395850160039487,0.9999999999999999,1.0,0.4
adv_40,63,mv,0.007182333333333333,0.8666666666666666,0.9333333333333333,0.4
adv_40,63,ds,0.002869666666666664,0.9999999999999999,1.0,0.4
adv_40,63,pec,0.004906798183853637,0.9999999999999999,1.0,0.4
adv_40,64,mv,0.006814333333333333,0.9999999999999999,1.0,0.4
adv_40,64,ds,0.003522333333333331,0.9999999999999999,1.0,0.4
adv_40,64,pec,0.005683958595080893,0.9999999999999999,1.0,0.4
adv_40,65,mv,0.008873999999999998,0.9999999999999999,1.0,0.4
adv_40,65,ds,0.0046901666666666645,0.9999999999999999,1.0,0.4
adv_40,65,pec,0.007380402622219082,0.9999999999999999,1.0,0.4
adv_40,66,mv,0.005867166666666667,0.9999999999999999,1.0,0.4
adv_40,66,ds,0.0026815,0.9999999999999999,1.0,0.4
adv_40,66,pec,0.004329006373112774,0.9999999999999999,1.0,0.4
adv_40,67,mv,0.008893833333333332,0.9999999999999999,1.0,0.4
adv_40,67,ds,0.0058696666666666645,0.9999999999999999,1.0,0.4
adv_40,67,pec,0.010227251343552317,0.9999999999999999,1.0,0.4
adv_40,68,mv,0.008862333333333331,0.9999999999999999,1.0,0.4
adv_40,68,ds,0.004717166666666666,0.9999999999999999,1.0,0.4
adv_40,68,pec,0.006295547544755216,0.9999999999999999,1.0,0.4
adv_40,69,mv,0.010813999999999999,0.9999999999999999,1.0,0.4
adv_40,69,ds,0.0032474999999999965,0.9999999999999999,1.0,0.4
adv_40,69,pec,0.006297236547956019,0.9999999999999999,1.0,0.4
adv_40,70,mv,0.010149,0.9999999999999999,1.0,0.4
adv_40,70,ds,0.004396333333333331,0.9999999999999999,1.0,0.4
adv_40,70,pec,0.007303204337667571,0.9999999999999999,1.0,0.4
adv_40,71,mv,0.010132333333333333,0.9999999999999999,1.0,0.4
adv_40,71,ds,0.0038918333333333353,0.9999999999999999,1.0,0.4
adv_40,71,pec,0.006393268414301677,0.9999999999999999,1.0,0.4
adv_40,72,mv,0.010337666666666665,0.8666666666666666,0.9333333333333333,0.4
adv_40,72,ds,0.0020846666666666652,0.9999999999999999,1.0,0.4
adv_40,72,pec,0.004311728744485135,0.9999999999999999,1.0,0.4
adv_40,73,mv,0.006321333333333334,0.8666666666666666,0.9333333333333333,0.4
adv_40,73,ds,0.0020016666666666677,0.9999999999999999,1.0,0.4
adv_40,73,pec,0.0036166339946693098,0.9999999999999999,1.0,0.4
adv_40,74,mv,0.006161333333333332,0.9999999999999999,1.0,0.4
adv_40,74,ds,0.0027099999999999984,0.9999999999999999,1.0,0.4
adv_40,74,pec,0.0038502046708873954,0.9999999999999999,1.0,0.4
adv_40,75,mv,0.007782333333333331,0.9999999999999999,1.0,0.4
adv_40,75,ds,0.004464999999999998,0.9999999999999999,1.0,0.4
adv_40,75,pec,0.007738105508795701,0.9999999999999999,1.0,0.4
adv_40,76,mv,0.009133500000000001,0.9999999999999999,1.0,0.4
adv_40,76,ds,0.003074333333333335,0.9999999999999999,1.0,0.4
adv_40,76,pec,0.005135830603001099,0.9999999999999999,1.0,0.4
adv_40,77,mv,0.009089166666666664,0.9999999999999999,1.0,0.4
adv_40,77,ds,0.004611333333333329,0.9999999999999999,1.0,0.4
adv_40,77,pec,0.006867923389305589,0.9999999999999999,1.0,0.4
adv_40,78,mv,0.008725333333333331,0.9999999999999999,1.0,0.4
adv_40,78,ds,0.004623333333333331,0.9999999999999999,1.0,0.4
adv_40,78,pec,0.007753210164186671,0.9999999999999999,1.0,0.4
adv_40,79,mv,0.009403999999999997,0.9999999999999999,1.0,0.4
adv_40,79,ds,0.003292,0.9999999999999999,1.0,0.4
adv_40,79,pec,0.006121882588730607,0.9999999999999999,1.0,0.4
adv_40,80,mv,0.0080075,0.9999999999999999,1.0,0.4
adv_40,80,ds,0.003622666666666667,0.9999999999999999,1.0,0.4
adv_40,80,pec,0.00603321686239967,0.9999999999999999,1.0,0.4
adv_40,81,mv,0.007595499999999999,0.9999999999999999,1.0,0.4
adv_40,81,ds,0.0032185000000000004,0.9999999999999999,1.0,0.4
adv_40,81,pec,0.005048443478882445,0.9999999999999999,1.0,0.4
adv_40,82,mv,0.007627499999999996,0.9999999999999999,1.0,0.4
adv_40,82,ds,0.0029073333333333343,0.9999999999999999,1.0,0.4
adv_40,82,pec,0.004718697884572669,0.9999999999999999,1.0,0.4
adv_40,83,mv,0.0065595,0.9999999999999999,1.0,0.4
adv_40,83,ds,0.0032373333333333364,0.9999999999999999,1.0,0.4
adv_40,83,pec,0.004094382826787285,0.9999999999999999,1.0,0.4
adv_40,84,mv,0.008587666666666669,0.9999999999999999,1.0,0.4
adv_40,84,ds,0.004221666666666664,0.9999999999999999,1.0,0.4
adv_40,84,pec,0.0071763812735933805,0.9999999999999999,1.0,0.4
adv_40,85,mv,0.007174333333333329,0.9999999999999999,1.0,0.4
adv_40,85,ds,0.0038878333333333304,0.9999999999999999,1.0,0.4
adv_40,85,pec,0.006189129056743553,0.9999999999999999,1.0,0.4
adv_40,86,mv,0.008695333333333327,0.8666666666666666,0.9333333333333333,0.4
adv_40,86,ds,0.0043681666666666626,0.9999999999999999,1.0,0.4
adv_40,86,pec,0.0067153144933395055,0.9999999999999999,1.0,0.4
adv_40,87,mv,0.0059715,0.9999999999999999,1.0,0.4
adv_40,87,ds,0.002719666666666667,0.9999999999999999,1.0,0.4
adv_40,87,pec,0.004249240825467117,0.9999999999999999,1.0,0.4
adv_40,88,mv,0.007373,0.9999999999999999,1.0,0.4
adv_40,88,ds,0.003400333333333333,0.9999999999999999,1.0,0.4
adv_40,88,pec,0.006116447421653726,0.9999999999999999,1.0,0.4
adv_40,89,mv,0.009405000000000002,0.9999999999999999,1.0,0.4
adv_40,89,ds,0.0033249999999999977,0.9999999999999999,1.0,0.4
adv_40,89,pec,0.004975768432489324,0.9999999999999999,1.0,0.4
adv_40,90,mv,0.007118000000000002,0.9999999999999999,1.0,0.4
adv_40,90,ds,0.0020980000000000013,0.9999999999999999,1.0,0.4
adv_40,90,pec,0.00421620251631729,0.9999999999999999,1.0,0.4
adv_40,91,mv,0.006695833333333331,0.9999999999999999,1.0,0.4
adv_40,91,ds,0.0037888333333333316,0.9999999999999999,1.0,0.4
adv_40,91,pec,0.004905621971304199,0.9999999999999999,1.0,0.4
adv_40,92,mv,0.008123666666666663,0.9999999999999999,1.0,0.4
adv_40,92,ds,0.0036759999999999987,0.9999999999999999,1.0,0.4
adv_40,92,pec,0.006008181993741092,0.9999999999999999,1.0,0.4
adv_40,93,mv,0.007917,0.9999999999999999,1.0,0.4
adv_40,93,ds,0.003461666666666667,0.9999999999999999,1.0,0.4
adv_40,93,pec,0.005488965015146616,0.9999999999999999,1.0,0.4
adv_40,94,mv,0.009370499999999997,0.9999999999999999,1.0,0.4
adv_40,94,ds,0.003323333333333333,0.9999999999999999,1.0,0.4
adv_40,94,pec,0.005105699577385002,0.9999999999999999,1.0,0.4
adv_40,95,mv,0.007763833333333332,0.9999999999999999,1.0,0.4
adv_40,95,ds,0.0020508333333333338,0.9999999999999999,1.0,0.4
adv_40,95,pec,0.004509765312500362,0.9999999999999999,1.0,0.4
adv_40,96,mv,0.010856166666666667,0.9999999999999999,1.0,0.4
adv_40,96,ds,0.005765333333333333,0.9999999999999999,1.0,0.4
adv_40,96,pec,0.007067524413531055,0.9999999999999999,1.0,0.4
adv_40,97,mv,0.01174033333333333,0.9999999999999999,1.0,0.4
adv_40,97,ds,0.00456033333333333,0.9999999999999999,1.0,0.4
adv_40,97,pec,0.007329949776728233,0.9999999999999999,1.0,0.4
adv_40,98,mv,0.0107685,0.9999999999999999,1.0,0.4
adv_40,98,ds,0.005259833333333334,0.9999999999999999,1.0,0.4
adv_40,98,pec,0.006523540977103441,0.9999999999999999,1.0,0.4
adv_40,99,mv,0.009839499999999994,0.9999999999999999,1.0,0.4
adv_40,99,ds,0.004730666666666665,0.9999999999999999,1.0,0.4
adv_40,99,pec,0.007697153783985103,0.9999999999999999,1.0,0.4
